time,longitude,latitude,pressure_hPa,geopotential height_m,temperature_C,dew point temperature_C,ice point temperature_C,relative humidity_%,humidity wrt ice_%,mixing ratio_g/kg,wind direction_degree,wind speed_m/s
2026-03-21 23:15:07, -1.8784,55.0192, 999.3,  142,  4.9,  3.0,  3.0, 87, 87, 4.76,298, 0.8
2026-03-21 23:15:09, -1.8782,55.0191, 996.4,  165,  6.5,  3.3,  3.3, 80, 80, 4.85,262, 2.5
2026-03-21 23:15:11, -1.8782,55.0191, 995.1,  177,  6.8,  3.1,  3.1, 78, 78, 4.82,258, 2.8
2026-03-21 23:15:13, -1.8782,55.0192, 993.8,  188,  7.2,  3.1,  3.1, 75, 75, 4.79,255, 3.0
2026-03-21 23:15:15, -1.8780,55.0192, 992.3,  200,  7.7,  3.0,  3.0, 72, 72, 4.78,253, 3.2
2026-03-21 23:15:17, -1.8778,55.0192, 991.0,  210,  8.0,  3.1,  3.1, 71, 71, 4.82,250, 3.4
2026-03-21 23:15:19, -1.8776,55.0192, 990.0,  219,  8.1,  3.3,  3.3, 72, 72, 4.90,248, 3.6
2026-03-21 23:15:21, -1.8775,55.0193, 988.9,  229,  8.2,  3.5,  3.5, 72, 72, 4.96,247, 3.8
2026-03-21 23:15:23, -1.8775,55.0194, 987.3,  242,  8.4,  3.6,  3.6, 72, 72, 5.01,246, 4.0
2026-03-21 23:15:25, -1.8774,55.0194, 985.6,  256,  8.5,  3.8,  3.8, 72, 72, 5.09,246, 4.1
2026-03-21 23:15:27, -1.8773,55.0194, 984.3,  267,  8.7,  4.0,  4.0, 72, 72, 5.19,246, 4.2
2026-03-21 23:15:29, -1.8773,55.0195, 982.8,  280,  8.7,  4.1,  4.1, 73, 73, 5.21,246, 4.4
2026-03-21 23:15:31, -1.8771,55.0195, 981.0,  293,  8.6,  4.1,  4.1, 73, 73, 5.23,247, 4.5
2026-03-21 23:15:33, -1.8769,55.0196, 980.2,  303,  8.5,  4.1,  4.1, 74, 74, 5.23,247, 4.7
2026-03-21 23:15:35, -1.8769,55.0196, 978.7,  314,  8.5,  4.0,  4.0, 73, 73, 5.20,248, 4.8
2026-03-21 23:15:37, -1.8767,55.0196, 977.2,  326,  8.5,  3.5,  3.5, 71, 71, 5.03,248, 5.0
2026-03-21 23:15:39, -1.8765,55.0196, 976.4,  335,  8.5,  3.3,  3.3, 70, 70, 4.98,249, 5.2
2026-03-21 23:15:41, -1.8764,55.0196, 974.6,  349,  8.4,  3.3,  3.3, 70, 70, 4.98,249, 5.3
2026-03-21 23:15:43, -1.8762,55.0197, 972.9,  363,  8.4,  2.2,  2.2, 65, 65, 4.62,248, 5.5
2026-03-21 23:15:45, -1.8760,55.0197, 972.0,  372,  8.5,  1.6,  1.6, 62, 62, 4.42,248, 5.7
2026-03-21 23:15:47, -1.8758,55.0197, 970.6,  383,  8.4,  1.6,  1.6, 62, 62, 4.41,247, 5.9
2026-03-21 23:15:49, -1.8757,55.0198, 969.2,  395,  8.5, -0.2, -0.2, 54, 54, 3.88,246, 6.1
2026-03-21 23:15:51, -1.8755,55.0199, 968.0,  404,  8.8, -1.8, -1.6, 47, 47, 3.46,244, 6.3
2026-03-21 23:15:53, -1.8752,55.0200, 967.3,  408,  8.8, -2.0, -1.8, 46, 46, 3.40,243, 6.5
2026-03-21 23:15:55, -1.8751,55.0200, 967.0,  415,  8.8, -2.2, -2.0, 46, 46, 3.36,242, 6.7
2026-03-21 23:15:57, -1.8751,55.0200, 965.3,  427,  8.9, -2.7, -2.4, 44, 44, 3.24,241, 6.9
2026-03-21 23:15:59, -1.8749,55.0201, 964.2,  438,  8.8, -2.9, -2.6, 44, 44, 3.20,240, 7.0
2026-03-21 23:16:01, -1.8746,55.0202, 962.8,  449,  8.8, -3.1, -2.8, 43, 43, 3.15,239, 7.2
2026-03-21 23:16:03, -1.8744,55.0202, 961.8,  458,  8.7, -3.3, -2.9, 42, 42, 3.11,239, 7.3
2026-03-21 23:16:05, -1.8742,55.0204, 960.9,  466,  8.8, -3.3, -2.9, 42, 42, 3.12,239, 7.4
2026-03-21 23:16:07, -1.8739,55.0205, 959.9,  475,  8.7, -3.1, -2.7, 43, 43, 3.17,239, 7.5
2026-03-21 23:16:09, -1.8736,55.0205, 958.9,  483,  8.6, -3.1, -2.8, 43, 43, 3.16,239, 7.6
2026-03-21 23:16:11, -1.8735,55.0206, 958.0,  491,  8.6, -3.2, -2.8, 43, 43, 3.16,240, 7.7
2026-03-21 23:16:13, -1.8734,55.0207, 957.2,  498,  8.5, -3.2, -2.8, 44, 44, 3.16,241, 7.7
2026-03-21 23:16:15, -1.8733,55.0208, 956.5,  504,  8.5, -3.2, -2.8, 44, 44, 3.16,242, 7.8
2026-03-21 23:16:17, -1.8731,55.0208, 955.6,  511,  8.4, -3.1, -2.8, 44, 44, 3.17,243, 7.9
2026-03-21 23:16:19, -1.8728,55.0208, 954.9,  518,  8.4, -3.1, -2.7, 44, 44, 3.18,244, 8.0
2026-03-21 23:16:21, -1.8725,55.0209, 953.9,  527,  8.3, -3.0, -2.7, 45, 45, 3.20,245, 8.1
2026-03-21 23:16:23, -1.8722,55.0210, 952.8,  536,  8.3, -3.1, -2.7, 45, 45, 3.20,247, 8.3
2026-03-21 23:16:25, -1.8720,55.0211, 951.8,  545,  8.2, -3.1, -2.8, 45, 45, 3.18,248, 8.5
2026-03-21 23:16:27, -1.8719,55.0212, 950.9,  552,  8.2, -3.3, -2.9, 44, 44, 3.16,248, 8.7
2026-03-21 23:16:29, -1.8716,55.0212, 950.1,  560,  8.1, -3.1, -2.7, 45, 45, 3.21,249, 8.9
2026-03-21 23:16:31, -1.8713,55.0212, 949.1,  568,  8.0, -2.9, -2.5, 46, 46, 3.26,249, 9.0
2026-03-21 23:16:33, -1.8710,55.0212, 948.3,  575,  8.0, -2.6, -2.4, 47, 47, 3.31,249, 9.2
2026-03-21 23:16:35, -1.8707,55.0213, 947.2,  584,  7.9, -1.9, -1.7, 50, 50, 3.50,248, 9.3
2026-03-21 23:16:37, -1.8704,55.0213, 946.4,  592,  7.8, -1.2, -1.1, 53, 53, 3.69,248, 9.4
2026-03-21 23:16:39, -1.8701,55.0214, 945.6,  599,  7.7, -1.4, -1.2, 53, 53, 3.65,247, 9.4
2026-03-21 23:16:41, -1.8697,55.0215, 944.7,  607,  7.6, -1.4, -1.3, 53, 53, 3.65,246, 9.4
2026-03-21 23:16:43, -1.8694,55.0215, 943.8,  614,  7.5, -0.8, -0.7, 56, 56, 3.82,246, 9.3
2026-03-21 23:16:45, -1.8691,55.0217, 942.9,  622,  7.4, -0.1, -0.1, 59, 59, 4.02,245, 9.2
2026-03-21 23:16:47, -1.8689,55.0218, 941.8,  631,  7.3,  0.1,  0.1, 60, 60, 4.10,244, 9.1
2026-03-21 23:16:49, -1.8686,55.0219, 940.8,  641,  7.3,  0.3,  0.3, 61, 61, 4.16,244, 8.9
2026-03-21 23:16:51, -1.8684,55.0220, 939.5,  652,  7.2,  0.4,  0.4, 62, 62, 4.19,243, 8.7
2026-03-21 23:16:53, -1.8683,55.0220, 938.4,  662,  7.1,  0.3,  0.3, 62, 62, 4.18,243, 8.5
2026-03-21 23:16:55, -1.8681,55.0221, 937.4,  670,  7.0,  0.4,  0.4, 63, 63, 4.20,243, 8.3
2026-03-21 23:16:57, -1.8678,55.0222, 936.5,  678,  6.9,  0.5,  0.5, 64, 64, 4.22,243, 8.1
2026-03-21 23:16:59, -1.8676,55.0223, 935.6,  686,  6.8,  0.2,  0.2, 63, 63, 4.15,244, 8.0
2026-03-21 23:17:01, -1.8674,55.0223, 934.6,  695,  6.8,  0.3,  0.3, 63, 63, 4.18,244, 7.9
2026-03-21 23:17:03, -1.8672,55.0223, 933.5,  704,  6.7,  0.1,  0.1, 63, 63, 4.12,244, 7.8
2026-03-21 23:17:05, -1.8670,55.0223, 932.6,  713,  6.6,  0.0,  0.0, 63, 63, 4.11,244, 7.8
2026-03-21 23:17:07, -1.8667,55.0223, 931.6,  721,  6.6,  0.1,  0.1, 63, 63, 4.15,243, 7.8
2026-03-21 23:17:09, -1.8664,55.0224, 930.6,  730,  6.5,  0.2,  0.2, 64, 64, 4.17,243, 7.8
2026-03-21 23:17:11, -1.8663,55.0225, 929.7,  738,  6.4,  0.7,  0.7, 67, 67, 4.32,242, 7.9
2026-03-21 23:17:13, -1.8661,55.0226, 928.7,  748,  6.4,  1.6,  1.6, 71, 71, 4.61,242, 8.0
2026-03-21 23:17:15, -1.8660,55.0226, 927.3,  759,  6.4,  1.3,  1.3, 70, 70, 4.53,241, 8.1
2026-03-21 23:17:17, -1.8657,55.0227, 926.3,  768,  6.6, -0.5, -0.4, 61, 61, 3.99,240, 8.2
2026-03-21 23:17:19, -1.8654,55.0228, 925.5,  776,  6.7, -1.2, -1.1, 57, 57, 3.79,238, 8.4
2026-03-21 23:17:20, -1.8653,55.0229, 925.0,  780,  6.7, -1.6, -1.5, 55, 55, 3.66,237, 8.5
2026-03-21 23:17:21, -1.8652,55.0229, 924.5,  784,  6.7, -2.1, -1.9, 53, 53, 3.54,237, 8.5
2026-03-21 23:17:23, -1.8651,55.0230, 923.5,  792,  6.7, -4.3, -3.8, 45, 45, 3.01,236, 8.6
2026-03-21 23:17:25, -1.8648,55.0230, 922.7,  800,  7.0, -8.5, -7.6, 32, 32, 2.17,235, 8.6
2026-03-21 23:17:27, -1.8645,55.0231, 921.8,  808,  7.4,-10.7, -9.6, 26, 26, 1.83,234, 8.7
2026-03-21 23:17:29, -1.8642,55.0232, 920.9,  816,  7.6,-11.8,-10.5, 24, 24, 1.68,232, 8.7
2026-03-21 23:17:31, -1.8639,55.0234, 920.1,  823,  7.8,-12.6,-11.3, 22, 22, 1.57,231, 8.7
2026-03-21 23:17:33, -1.8637,55.0235, 919.4,  830,  7.8,-13.4,-12.0, 21, 21, 1.48,230, 8.8
2026-03-21 23:17:35, -1.8636,55.0236, 918.2,  840,  8.0,-15.2,-13.6, 18, 18, 1.27,228, 8.8
2026-03-21 23:17:37, -1.8635,55.0237, 917.1,  851,  8.3,-17.6,-15.8, 14, 14, 1.04,227, 8.8
2026-03-21 23:17:39, -1.8633,55.0238, 915.8,  862,  8.4,-18.5,-16.6, 13, 13, 0.97,225, 8.8
2026-03-21 23:17:41, -1.8630,55.0239, 914.9,  870,  8.6,-20.2,-18.1, 11, 11, 0.84,224, 8.9
2026-03-21 23:17:43, -1.8629,55.0240, 914.1,  877,  8.7,-21.1,-19.0, 10, 10, 0.78,223, 8.9
2026-03-21 23:17:45, -1.8628,55.0241, 913.2,  885,  8.8,-21.7,-19.5, 10, 10, 0.74,222, 9.0
2026-03-21 23:17:47, -1.8626,55.0242, 912.1,  895,  8.8,-22.5,-20.2,  9,  9, 0.69,221, 9.1
2026-03-21 23:17:49, -1.8624,55.0244, 911.1,  905,  8.9,-23.8,-21.4,  8,  8, 0.62,221, 9.2
2026-03-21 23:17:51, -1.8621,55.0245, 909.9,  915,  8.9,-24.5,-22.1,  7,  7, 0.58,220, 9.3
2026-03-21 23:17:53, -1.8619,55.0247, 909.0,  923,  9.0,-26.0,-23.4,  6,  6, 0.51,220, 9.4
2026-03-21 23:17:55, -1.8618,55.0248, 908.1,  932,  9.0,-26.3,-23.8,  6,  6, 0.49,220, 9.5
2026-03-21 23:17:57, -1.8616,55.0249, 907.2,  939,  9.1,-26.8,-24.2,  6,  6, 0.47,220, 9.5
2026-03-21 23:17:59, -1.8615,55.0251, 906.4,  947,  9.1,-27.1,-24.4,  6,  6, 0.46,220, 9.6
2026-03-21 23:18:01, -1.8613,55.0252, 905.6,  955,  9.1,-27.3,-24.7,  6,  6, 0.45,220, 9.6
2026-03-21 23:18:03, -1.8610,55.0253, 904.7,  963,  9.0,-27.7,-25.0,  6,  6, 0.44,220, 9.6
2026-03-21 23:18:05, -1.8608,55.0255, 903.8,  971,  9.0,-27.9,-25.2,  5,  5, 0.43,220, 9.5
2026-03-21 23:18:07, -1.8606,55.0256, 902.8,  980,  9.0,-27.7,-25.1,  5,  5, 0.43,220, 9.5
2026-03-21 23:18:09, -1.8604,55.0258, 901.6,  990,  9.1,-26.7,-24.1,  6,  6, 0.48,220, 9.4
2026-03-21 23:18:11, -1.8602,55.0259, 900.7, 1000,  9.0,-26.9,-24.3,  6,  6, 0.47,219, 9.3
2026-03-21 23:18:13, -1.8600,55.0260, 899.4, 1011,  9.1,-28.0,-25.3,  5,  5, 0.42,219, 9.1
2026-03-21 23:18:15, -1.8598,55.0261, 898.3, 1021,  9.1,-28.7,-25.9,  5,  5, 0.40,219, 9.0
2026-03-21 23:18:17, -1.8596,55.0262, 897.4, 1030,  9.1,-28.1,-25.4,  5,  5, 0.42,218, 8.8
2026-03-21 23:18:19, -1.8595,55.0263, 896.5, 1037,  9.0,-27.4,-24.8,  6,  6, 0.45,218, 8.6
2026-03-21 23:18:21, -1.8594,55.0265, 895.7, 1045,  9.1,-26.8,-24.2,  6,  6, 0.48,217, 8.5
2026-03-21 23:18:23, -1.8592,55.0267, 894.6, 1055,  9.1,-26.6,-24.0,  6,  6, 0.48,217, 8.4
2026-03-21 23:18:25, -1.8590,55.0268, 893.8, 1063,  9.1,-27.0,-24.3,  6,  6, 0.47,217, 8.2
2026-03-21 23:18:27, -1.8589,55.0269, 892.8, 1072,  9.0,-27.3,-24.7,  6,  6, 0.45,216, 8.2
2026-03-21 23:18:29, -1.8588,55.0270, 891.7, 1082,  9.0,-27.5,-24.9,  6,  6, 0.45,216, 8.1
2026-03-21 23:18:31, -1.8587,55.0271, 890.3, 1094,  8.9,-27.3,-24.6,  6,  6, 0.46,216, 8.1
2026-03-21 23:18:33, -1.8585,55.0272, 889.4, 1104,  8.9,-27.2,-24.6,  6,  6, 0.46,216, 8.0
2026-03-21 23:18:35, -1.8583,55.0273, 888.6, 1112,  8.8,-27.1,-24.5,  6,  6, 0.47,216, 8.0
2026-03-21 23:18:37, -1.8582,55.0274, 887.5, 1121,  8.7,-26.9,-24.3,  6,  6, 0.48,215, 8.0
2026-03-21 23:18:39, -1.8581,55.0275, 886.4, 1131,  8.6,-26.5,-23.9,  6,  6, 0.50,215, 8.1
2026-03-21 23:18:41, -1.8580,55.0277, 885.3, 1142,  8.6,-25.9,-23.4,  7,  7, 0.52,215, 8.1
2026-03-21 23:18:41, -1.8580,55.0277, 885.0, 1144,  8.6,-25.8,-23.3,  7,  7, 0.53,215, 8.1
2026-03-21 23:18:43, -1.8578,55.0278, 883.5, 1157,  8.5,-25.3,-22.9,  7,  7, 0.55,214, 8.1
2026-03-21 23:18:45, -1.8576,55.0279, 882.7, 1166,  8.4,-25.4,-22.9,  7,  7, 0.55,214, 8.1
2026-03-21 23:18:47, -1.8575,55.0280, 881.9, 1173,  8.4,-25.1,-22.6,  7,  7, 0.57,213, 8.0
2026-03-21 23:18:49, -1.8573,55.0281, 880.8, 1183,  8.4,-24.5,-22.0,  8,  8, 0.60,212, 8.0
2026-03-21 23:18:51, -1.8571,55.0283, 879.6, 1194,  8.3,-24.2,-21.8,  8,  8, 0.61,211, 8.0
2026-03-21 23:18:53, -1.8570,55.0284, 878.6, 1204,  8.2,-24.2,-21.8,  8,  8, 0.61,210, 7.9
2026-03-21 23:18:55, -1.8568,55.0286, 877.5, 1214,  8.1,-23.9,-21.6,  8,  8, 0.63,209, 7.8
2026-03-21 23:18:57, -1.8567,55.0287, 876.5, 1224,  8.0,-23.6,-21.3,  9,  9, 0.65,207, 7.7
2026-03-21 23:18:59, -1.8566,55.0287, 875.4, 1234,  7.9,-23.6,-21.3,  9,  9, 0.65,206, 7.7
2026-03-21 23:19:01, -1.8565,55.0288, 874.5, 1242,  7.8,-23.5,-21.1,  9,  9, 0.66,205, 7.6
2026-03-21 23:19:03, -1.8565,55.0290, 873.7, 1250,  7.7,-23.4,-21.0,  9,  9, 0.67,204, 7.6
2026-03-21 23:19:05, -1.8565,55.0291, 872.7, 1260,  7.7,-23.1,-20.8,  9,  9, 0.68,203, 7.5
2026-03-21 23:19:07, -1.8565,55.0292, 871.7, 1269,  7.6,-23.1,-20.8,  9,  9, 0.69,202, 7.5
2026-03-21 23:19:09, -1.8564,55.0294, 870.6, 1280,  7.5,-23.0,-20.7,  9,  9, 0.69,202, 7.4
2026-03-21 23:19:11, -1.8562,55.0295, 869.2, 1292,  7.4,-23.1,-20.8,  9,  9, 0.68,202, 7.4
2026-03-21 23:19:13, -1.8561,55.0296, 868.1, 1303,  7.3,-23.3,-21.0,  9,  9, 0.67,202, 7.4
2026-03-21 23:19:15, -1.8560,55.0298, 867.2, 1312,  7.3,-23.4,-21.1,  9,  9, 0.67,202, 7.4
2026-03-21 23:19:17, -1.8560,55.0299, 866.1, 1322,  7.2,-23.3,-21.0,  9,  9, 0.67,203, 7.4
2026-03-21 23:19:19, -1.8559,55.0301, 865.0, 1332,  7.1,-23.3,-21.0,  9,  9, 0.68,204, 7.4
2026-03-21 23:19:21, -1.8558,55.0301, 864.1, 1342,  7.0,-23.1,-20.8, 10, 10, 0.69,205, 7.4
2026-03-21 23:19:23, -1.8557,55.0302, 863.0, 1352,  6.9,-22.8,-20.6, 10, 10, 0.71,207, 7.4
2026-03-21 23:19:25, -1.8556,55.0303, 861.8, 1362,  6.8,-22.8,-20.5, 10, 10, 0.71,208, 7.4
2026-03-21 23:19:27, -1.8555,55.0304, 861.0, 1371,  6.8,-22.3,-20.1, 10, 10, 0.74,210, 7.5
2026-03-21 23:19:29, -1.8555,55.0306, 860.0, 1380,  6.8,-21.7,-19.6, 11, 11, 0.78,211, 7.5
2026-03-21 23:19:31, -1.8554,55.0307, 859.0, 1390,  6.8,-21.4,-19.2, 11, 11, 0.81,212, 7.5
2026-03-21 23:19:33, -1.8552,55.0308, 858.1, 1398,  6.8,-21.2,-19.1, 11, 11, 0.82,214, 7.6
2026-03-21 23:19:35, -1.8550,55.0309, 857.3, 1406,  6.7,-20.9,-18.8, 12, 12, 0.84,215, 7.6
2026-03-21 23:19:37, -1.8548,55.0310, 856.3, 1415,  6.7,-20.5,-18.4, 12, 12, 0.87,216, 7.7
2026-03-21 23:19:39, -1.8546,55.0311, 855.4, 1424,  6.7,-20.4,-18.3, 12, 12, 0.89,216, 7.7
2026-03-21 23:19:41, -1.8545,55.0312, 854.4, 1434,  6.7,-20.2,-18.1, 13, 13, 0.90,217, 7.7
2026-03-21 23:19:43, -1.8544,55.0314, 853.2, 1444,  6.6,-20.1,-18.1, 13, 13, 0.91,217, 7.7
2026-03-21 23:19:45, -1.8542,55.0315, 852.3, 1453,  6.5,-20.2,-18.1, 13, 13, 0.90,217, 7.7
2026-03-21 23:19:47, -1.8541,55.0316, 851.5, 1462,  6.4,-20.1,-18.0, 13, 13, 0.91,216, 7.7
2026-03-21 23:19:49, -1.8539,55.0317, 850.4, 1472,  6.4,-19.8,-17.8, 13, 13, 0.93,216, 7.7
2026-03-21 23:19:50, -1.8538,55.0317, 850.0, 1476,  6.4,-19.8,-17.8, 13, 13, 0.93,215, 7.6
2026-03-21 23:19:51, -1.8537,55.0318, 849.1, 1484,  6.3,-19.8,-17.8, 13, 13, 0.94,215, 7.6
2026-03-21 23:19:53, -1.8536,55.0319, 848.0, 1496,  6.5,-19.5,-17.5, 14, 14, 0.96,214, 7.6
2026-03-21 23:19:55, -1.8534,55.0320, 846.6, 1508,  6.4,-19.4,-17.4, 14, 14, 0.97,212, 7.5
2026-03-21 23:19:57, -1.8533,55.0321, 845.6, 1518,  6.3,-19.5,-17.5, 14, 14, 0.96,211, 7.5
2026-03-21 23:19:59, -1.8532,55.0323, 844.7, 1527,  6.2,-19.6,-17.6, 14, 14, 0.96,210, 7.5
2026-03-21 23:20:01, -1.8531,55.0324, 843.9, 1535,  6.1,-19.5,-17.5, 14, 14, 0.96,209, 7.5
2026-03-21 23:20:03, -1.8530,55.0325, 842.9, 1544,  6.0,-19.5,-17.5, 14, 14, 0.97,208, 7.4
2026-03-21 23:20:05, -1.8529,55.0326, 842.0, 1554,  6.0,-19.5,-17.5, 14, 14, 0.97,207, 7.4
2026-03-21 23:20:07, -1.8529,55.0327, 840.8, 1564,  5.9,-19.4,-17.4, 14, 14, 0.97,207, 7.4
2026-03-21 23:20:09, -1.8528,55.0329, 839.8, 1575,  5.8,-19.5,-17.5, 14, 14, 0.97,207, 7.4
2026-03-21 23:20:11, -1.8527,55.0330, 838.6, 1586,  5.7,-19.5,-17.5, 14, 14, 0.97,207, 7.4
2026-03-21 23:20:13, -1.8526,55.0331, 837.4, 1598,  5.6,-19.7,-17.7, 14, 14, 0.96,208, 7.4
2026-03-21 23:20:15, -1.8525,55.0332, 836.2, 1609,  5.7,-19.8,-17.7, 14, 14, 0.95,209, 7.3
2026-03-21 23:20:17, -1.8524,55.0334, 835.1, 1621,  5.7,-19.8,-17.8, 14, 14, 0.95,210, 7.3
2026-03-21 23:20:19, -1.8523,55.0335, 834.0, 1631,  5.6,-19.8,-17.8, 14, 14, 0.95,211, 7.3
2026-03-21 23:20:21, -1.8522,55.0335, 833.1, 1640,  5.6,-19.9,-17.8, 14, 14, 0.95,212, 7.2
2026-03-21 23:20:23, -1.8520,55.0337, 832.0, 1650,  5.5,-20.1,-18.1, 14, 14, 0.93,213, 7.2
2026-03-21 23:20:25, -1.8519,55.0338, 831.1, 1660,  5.7,-20.9,-18.8, 13, 13, 0.87,214, 7.2
2026-03-21 23:20:27, -1.8517,55.0339, 830.1, 1669,  5.8,-21.5,-19.4, 12, 12, 0.82,215, 7.1
2026-03-21 23:20:29, -1.8516,55.0339, 829.2, 1679,  5.8,-21.7,-19.5, 12, 12, 0.82,216, 7.1
2026-03-21 23:20:31, -1.8515,55.0341, 828.0, 1689,  5.8,-22.1,-19.8, 11, 11, 0.79,216, 7.0
2026-03-21 23:20:33, -1.8513,55.0342, 827.1, 1699,  5.9,-22.2,-20.0, 11, 11, 0.78,217, 7.0
2026-03-21 23:20:35, -1.8511,55.0343, 826.1, 1709,  5.8,-22.2,-20.0, 11, 11, 0.78,217, 6.9
2026-03-21 23:20:37, -1.8509,55.0344, 825.1, 1719,  5.7,-22.2,-20.0, 11, 11, 0.78,217, 6.8
2026-03-21 23:20:39, -1.8508,55.0345, 824.1, 1729,  5.6,-22.2,-20.0, 11, 11, 0.78,216, 6.7
2026-03-21 23:20:41, -1.8507,55.0346, 823.0, 1739,  5.5,-22.2,-20.0, 11, 11, 0.78,216, 6.6
2026-03-21 23:20:43, -1.8507,55.0347, 822.0, 1749,  5.4,-22.3,-20.1, 11, 11, 0.78,216, 6.6
2026-03-21 23:20:45, -1.8506,55.0348, 821.1, 1759,  5.3,-22.3,-20.1, 12, 12, 0.78,216, 6.5
2026-03-21 23:20:47, -1.8505,55.0348, 820.1, 1768,  5.2,-22.4,-20.1, 12, 12, 0.78,216, 6.5
2026-03-21 23:20:49, -1.8503,55.0349, 819.1, 1779,  5.1,-22.4,-20.2, 12, 12, 0.77,216, 6.5
2026-03-21 23:20:51, -1.8502,55.0350, 818.0, 1789,  5.1,-22.5,-20.2, 12, 12, 0.77,216, 6.5
2026-03-21 23:20:53, -1.8501,55.0351, 817.1, 1799,  5.1,-22.6,-20.3, 11, 11, 0.76,217, 6.5
2026-03-21 23:20:55, -1.8500,55.0352, 816.3, 1806,  5.1,-22.6,-20.3, 11, 11, 0.76,218, 6.5
2026-03-21 23:20:57, -1.8499,55.0353, 815.6, 1813,  5.0,-22.6,-20.3, 11, 11, 0.76,220, 6.5
2026-03-21 23:20:59, -1.8499,55.0354, 814.8, 1821,  5.0,-22.6,-20.3, 12, 12, 0.77,221, 6.6
2026-03-21 23:21:01, -1.8498,55.0355, 813.9, 1830,  4.9,-22.6,-20.3, 12, 12, 0.77,223, 6.6
2026-03-21 23:21:03, -1.8496,55.0356, 812.9, 1840,  4.8,-22.6,-20.4, 12, 12, 0.76,225, 6.6
2026-03-21 23:21:05, -1.8493,55.0357, 811.8, 1851,  4.7,-22.8,-20.5, 12, 12, 0.76,227, 6.6
2026-03-21 23:21:07, -1.8491,55.0358, 810.9, 1860,  4.7,-23.0,-20.7, 11, 11, 0.74,229, 6.6
2026-03-21 23:21:09, -1.8489,55.0359, 810.1, 1868,  4.7,-23.1,-20.8, 11, 11, 0.74,232, 6.5
2026-03-21 23:21:11, -1.8488,55.0359, 809.2, 1877,  4.7,-23.3,-21.0, 11, 11, 0.72,234, 6.5
2026-03-21 23:21:13, -1.8486,55.0360, 808.2, 1887,  4.7,-24.0,-21.6, 10, 10, 0.68,236, 6.5
2026-03-21 23:21:15, -1.8484,55.0361, 807.2, 1897,  4.7,-26.0,-23.5,  9,  9, 0.57,237, 6.5
2026-03-21 23:21:17, -1.8483,55.0361, 806.3, 1907,  4.7,-27.3,-24.6,  8,  8, 0.51,239, 6.5
2026-03-21 23:21:19, -1.8481,55.0361, 805.5, 1915,  4.7,-27.7,-25.0,  7,  7, 0.49,240, 6.5
2026-03-21 23:21:21, -1.8480,55.0361, 804.7, 1922,  4.6,-28.0,-25.3,  7,  7, 0.47,241, 6.5
2026-03-21 23:21:23, -1.8478,55.0362, 804.0, 1930,  4.5,-28.7,-26.0,  7,  7, 0.44,241, 6.5
2026-03-21 23:21:25, -1.8476,55.0363, 803.1, 1939,  4.5,-29.0,-26.2,  7,  7, 0.43,241, 6.5
2026-03-21 23:21:27, -1.8474,55.0363, 802.2, 1948,  4.4,-29.4,-26.6,  6,  6, 0.42,241, 6.5
2026-03-21 23:21:29, -1.8472,55.0364, 801.2, 1958,  4.3,-29.9,-27.0,  6,  6, 0.40,240, 6.5
2026-03-21 23:21:31, -1.8470,55.0364, 800.3, 1967,  4.3,-30.8,-27.9,  6,  6, 0.37,240, 6.5
2026-03-21 23:21:32, -1.8470,55.0364, 800.0, 1970,  4.3,-31.4,-28.5,  5,  5, 0.35,240, 6.5
2026-03-21 23:21:33, -1.8468,55.0365, 799.5, 1976,  4.3,-32.6,-29.6,  5,  5, 0.31,239, 6.5
2026-03-21 23:21:35, -1.8466,55.0365, 798.5, 1985,  4.3,-34.1,-31.0,  4,  4, 0.27,238, 6.5
2026-03-21 23:21:37, -1.8464,55.0366, 797.6, 1995,  4.2,-34.8,-31.6,  4,  4, 0.25,237, 6.5
2026-03-21 23:21:39, -1.8463,55.0367, 796.7, 2004,  4.2,-35.4,-32.2,  4,  4, 0.24,236, 6.5
2026-03-21 23:21:41, -1.8461,55.0368, 795.8, 2013,  4.2,-36.5,-33.2,  3,  3, 0.21,235, 6.5
2026-03-21 23:21:43, -1.8460,55.0369, 794.9, 2023,  4.2,-38.0,-34.6,  3,  3, 0.18,235, 6.5
2026-03-21 23:21:45, -1.8458,55.0370, 793.9, 2033,  4.2,-38.7,-35.3,  3,  3, 0.17,234, 6.5
2026-03-21 23:21:47, -1.8457,55.0370, 792.8, 2043,  4.2,-38.5,-35.1,  3,  3, 0.17,233, 6.6
2026-03-21 23:21:49, -1.8456,55.0371, 792.0, 2052,  4.1,-38.4,-35.0,  3,  3, 0.18,233, 6.6
2026-03-21 23:21:51, -1.8454,55.0371, 791.2, 2060,  4.1,-38.4,-35.0,  3,  3, 0.18,232, 6.7
2026-03-21 23:21:53, -1.8452,55.0371, 790.3, 2069,  4.0,-38.5,-35.1,  3,  3, 0.17,231, 6.7
2026-03-21 23:21:55, -1.8451,55.0372, 789.4, 2079,  4.0,-38.5,-35.1,  3,  3, 0.18,231, 6.8
2026-03-21 23:21:57, -1.8449,55.0373, 788.5, 2088,  3.9,-38.7,-35.2,  3,  3, 0.17,230, 6.9
2026-03-21 23:21:59, -1.8447,55.0374, 787.8, 2095,  3.9,-38.9,-35.5,  3,  3, 0.17,230, 7.0
2026-03-21 23:22:01, -1.8445,55.0375, 787.0, 2103,  3.8,-38.9,-35.4,  3,  3, 0.17,230, 7.1
2026-03-21 23:22:03, -1.8443,55.0376, 786.1, 2112,  3.8,-39.0,-35.6,  3,  3, 0.17,229, 7.3
2026-03-21 23:22:05, -1.8441,55.0377, 785.4, 2120,  3.8,-39.4,-36.0,  3,  3, 0.16,229, 7.4
2026-03-21 23:22:07, -1.8440,55.0378, 784.5, 2129,  3.8,-39.9,-36.4,  2,  2, 0.15,229, 7.5
2026-03-21 23:22:09, -1.8439,55.0379, 783.5, 2139,  3.7,-40.0,-36.5,  2,  2, 0.15,229, 7.5
2026-03-21 23:22:11, -1.8437,55.0380, 782.6, 2149,  3.6,-39.9,-36.4,  2,  2, 0.15,229, 7.6
2026-03-21 23:22:13, -1.8435,55.0381, 781.8, 2157,  3.6,-40.1,-36.6,  2,  2, 0.15,230, 7.7
2026-03-21 23:22:15, -1.8433,55.0382, 780.9, 2166,  3.6,-40.2,-36.7,  2,  2, 0.15,230, 7.8
2026-03-21 23:22:17, -1.8431,55.0383, 780.0, 2176,  3.5,-40.1,-36.6,  2,  2, 0.15,230, 7.9
2026-03-21 23:22:19, -1.8429,55.0384, 779.0, 2186,  3.4,-40.2,-36.7,  2,  2, 0.15,230, 7.9
2026-03-21 23:22:21, -1.8427,55.0384, 778.0, 2197,  3.3,-40.2,-36.7,  2,  2, 0.15,230, 8.0
2026-03-21 23:22:23, -1.8425,55.0385, 776.8, 2209,  3.3,-40.3,-36.7,  2,  2, 0.15,230, 8.1
2026-03-21 23:22:25, -1.8424,55.0386, 775.7, 2220,  3.2,-40.2,-36.7,  2,  2, 0.15,229, 8.2
2026-03-21 23:22:27, -1.8422,55.0387, 774.9, 2229,  3.1,-40.2,-36.7,  2,  2, 0.15,229, 8.3
2026-03-21 23:22:29, -1.8419,55.0388, 773.7, 2240,  3.0,-40.1,-36.6,  2,  2, 0.15,229, 8.4
2026-03-21 23:22:31, -1.8417,55.0389, 772.9, 2250,  2.9,-40.0,-36.5,  3,  3, 0.15,229, 8.5
2026-03-21 23:22:33, -1.8415,55.0390, 772.0, 2259,  2.8,-39.9,-36.4,  3,  3, 0.16,229, 8.6
2026-03-21 23:22:35, -1.8413,55.0391, 771.2, 2267,  2.8,-39.6,-36.2,  3,  3, 0.16,229, 8.7
2026-03-21 23:22:37, -1.8411,55.0393, 770.4, 2276,  2.7,-39.1,-35.7,  3,  3, 0.17,229, 8.7
2026-03-21 23:22:39, -1.8409,55.0394, 769.6, 2285,  2.7,-38.3,-34.9,  3,  3, 0.18,229, 8.7
2026-03-21 23:22:41, -1.8408,55.0395, 768.7, 2294,  2.6,-37.9,-34.5,  3,  3, 0.19,230, 8.7
2026-03-21 23:22:43, -1.8406,55.0396, 767.8, 2304,  2.5,-37.6,-34.2,  3,  3, 0.20,230, 8.7
2026-03-21 23:22:45, -1.8403,55.0397, 766.8, 2314,  2.5,-37.9,-34.5,  3,  3, 0.19,231, 8.6
2026-03-21 23:22:47, -1.8401,55.0398, 765.7, 2325,  2.5,-39.8,-36.3,  3,  3, 0.16,232, 8.5
2026-03-21 23:22:49, -1.8398,55.0399, 764.8, 2335,  2.5,-40.8,-37.3,  2,  2, 0.14,233, 8.4
2026-03-21 23:22:51, -1.8396,55.0400, 763.7, 2346,  2.4,-40.6,-37.1,  2,  2, 0.14,234, 8.3
2026-03-21 23:22:53, -1.8394,55.0401, 762.9, 2355,  2.3,-40.7,-37.1,  2,  2, 0.14,234, 8.2
2026-03-21 23:22:55, -1.8392,55.0402, 762.1, 2363,  2.3,-40.9,-37.3,  2,  2, 0.14,235, 8.1
2026-03-21 23:22:57, -1.8390,55.0402, 761.2, 2373,  2.2,-41.3,-37.7,  2,  2, 0.14,236, 8.0
2026-03-21 23:22:59, -1.8387,55.0402, 760.2, 2384,  2.2,-41.5,-38.0,  2,  2, 0.13,237, 7.9
2026-03-21 23:23:01, -1.8385,55.0403, 759.1, 2395,  2.1,-41.5,-37.9,  2,  2, 0.13,238, 7.7
2026-03-21 23:23:03, -1.8384,55.0404, 758.3, 2404,  2.0,-41.5,-37.9,  2,  2, 0.13,238, 7.6
2026-03-21 23:23:05, -1.8382,55.0405, 757.4, 2413,  1.9,-41.4,-37.9,  2,  2, 0.13,239, 7.5
2026-03-21 23:23:07, -1.8380,55.0406, 756.5, 2423,  1.8,-41.5,-37.9,  2,  2, 0.13,240, 7.4
2026-03-21 23:23:09, -1.8378,55.0407, 755.5, 2434,  1.8,-41.4,-37.8,  2,  2, 0.14,242, 7.3
2026-03-21 23:23:11, -1.8377,55.0407, 754.3, 2446,  1.7,-41.1,-37.6,  2,  2, 0.14,243, 7.2
2026-03-21 23:23:13, -1.8375,55.0408, 753.3, 2456,  1.6,-40.9,-37.3,  3,  3, 0.14,245, 7.1
2026-03-21 23:23:15, -1.8372,55.0408, 752.6, 2465,  1.6,-40.8,-37.3,  3,  3, 0.14,246, 6.9
2026-03-21 23:23:17, -1.8370,55.0409, 751.5, 2477,  1.5,-40.7,-37.1,  3,  3, 0.15,248, 6.8
2026-03-21 23:23:19, -1.8367,55.0410, 750.1, 2490,  1.4,-40.5,-37.0,  3,  3, 0.15,250, 6.8
2026-03-21 23:23:21, -1.8365,55.0410, 749.2, 2501,  1.3,-40.7,-37.1,  3,  3, 0.15,252, 6.7
2026-03-21 23:23:23, -1.8363,55.0410, 748.2, 2512,  1.2,-40.8,-37.2,  3,  3, 0.15,254, 6.7
2026-03-21 23:23:25, -1.8362,55.0410, 747.1, 2524,  1.1,-40.7,-37.2,  3,  3, 0.15,256, 6.6
2026-03-21 23:23:27, -1.8360,55.0410, 745.8, 2537,  1.0,-40.8,-37.3,  3,  3, 0.15,257, 6.7
2026-03-21 23:23:29, -1.8359,55.0410, 744.7, 2549,  0.9,-41.5,-37.9,  2,  2, 0.14,259, 6.7
2026-03-21 23:23:31, -1.8356,55.0410, 743.9, 2557,  0.9,-41.7,-38.1,  2,  2, 0.13,259, 6.8
2026-03-21 23:23:33, -1.8354,55.0410, 743.3, 2565,  1.0,-41.9,-38.3,  2,  2, 0.13,260, 6.9
2026-03-21 23:23:35, -1.8352,55.0410, 742.5, 2573,  1.0,-41.9,-38.3,  2,  2, 0.13,260, 7.0
2026-03-21 23:23:37, -1.8350,55.0410, 741.3, 2585,  0.9,-41.9,-38.3,  2,  2, 0.13,260, 7.1
2026-03-21 23:23:39, -1.8348,55.0411, 740.2, 2597,  0.8,-42.1,-38.4,  2,  2, 0.13,260, 7.3
2026-03-21 23:23:41, -1.8346,55.0411, 739.5, 2606,  0.8,-42.0,-38.4,  2,  2, 0.13,259, 7.4
2026-03-21 23:23:43, -1.8344,55.0412, 738.6, 2615,  0.8,-42.1,-38.5,  2,  2, 0.13,259, 7.6
2026-03-21 23:23:45, -1.8342,55.0412, 737.6, 2626,  0.8,-42.3,-38.7,  2,  2, 0.13,258, 7.7
2026-03-21 23:23:47, -1.8339,55.0412, 736.6, 2637,  0.7,-42.2,-38.5,  2,  2, 0.13,257, 7.8
2026-03-21 23:23:49, -1.8336,55.0412, 735.7, 2646,  0.6,-42.0,-38.4,  2,  2, 0.13,257, 7.9
2026-03-21 23:23:51, -1.8332,55.0412, 734.8, 2656,  0.5,-41.8,-38.2,  2,  2, 0.13,256, 7.9
2026-03-21 23:23:53, -1.8330,55.0413, 733.9, 2666,  0.5,-41.7,-38.1,  3,  3, 0.13,256, 7.9
2026-03-21 23:23:55, -1.8328,55.0413, 732.9, 2677,  0.5,-41.6,-38.0,  3,  3, 0.14,255, 7.9
2026-03-21 23:23:57, -1.8325,55.0413, 731.8, 2688,  0.4,-41.5,-37.9,  3,  3, 0.14,255, 7.9
2026-03-21 23:23:59, -1.8323,55.0414, 731.0, 2697,  0.4,-42.0,-38.4,  2,  2, 0.13,255, 7.9
2026-03-21 23:24:01, -1.8321,55.0415, 730.4, 2705,  0.4,-42.3,-38.7,  2,  2, 0.13,254, 7.9
2026-03-21 23:24:03, -1.8318,55.0416, 729.6, 2713,  0.3,-42.6,-38.9,  2,  2, 0.12,254, 7.8
2026-03-21 23:24:05, -1.8316,55.0416, 728.7, 2723,  0.3,-43.0,-39.3,  2,  2, 0.12,254, 7.8
2026-03-21 23:24:07, -1.8314,55.0416, 727.7, 2734,  0.2,-43.4,-39.7,  2,  2, 0.11,253, 7.8
2026-03-21 23:24:09, -1.8313,55.0416, 726.7, 2745,  0.1,-43.6,-39.9,  2,  2, 0.11,253, 7.8
2026-03-21 23:24:11, -1.8310,55.0417, 725.7, 2756,  0.1,-44.0,-40.2,  2,  2, 0.11,252, 7.8
2026-03-21 23:24:13, -1.8308,55.0417, 724.9, 2766,  0.1,-44.0,-40.3,  2,  2, 0.11,252, 7.8
2026-03-21 23:24:15, -1.8305,55.0417, 723.9, 2776,  0.0,-43.9,-40.2,  2,  2, 0.11,251, 7.8
2026-03-21 23:24:17, -1.8303,55.0417, 723.1, 2785, -0.0,-43.8,-40.1,  2,  2, 0.11,251, 7.8
2026-03-21 23:24:19, -1.8300,55.0418, 722.3, 2794, -0.1,-43.9,-40.2,  2,  2, 0.11,250, 7.8
2026-03-21 23:24:21, -1.8298,55.0419, 721.6, 2802, -0.2,-44.0,-40.3,  2,  2, 0.11,249, 7.7
2026-03-21 23:24:23, -1.8295,55.0419, 720.7, 2812, -0.3,-44.2,-40.5,  2,  2, 0.11,248, 7.7
2026-03-21 23:24:25, -1.8293,55.0420, 719.8, 2821, -0.3,-44.5,-40.8,  2,  2, 0.10,247, 7.6
2026-03-21 23:24:27, -1.8291,55.0420, 719.0, 2831, -0.3,-44.6,-40.8,  2,  2, 0.10,245, 7.6
2026-03-21 23:24:29, -1.8288,55.0421, 718.0, 2841, -0.4,-44.8,-41.1,  2,  2, 0.10,244, 7.5
2026-03-21 23:24:31, -1.8286,55.0421, 717.2, 2851, -0.4,-45.0,-41.2,  2,  2, 0.10,243, 7.4
2026-03-21 23:24:33, -1.8285,55.0422, 716.3, 2860, -0.5,-44.9,-41.2,  2,  2, 0.10,242, 7.4
2026-03-21 23:24:35, -1.8283,55.0423, 715.5, 2869, -0.5,-44.9,-41.2,  2,  2, 0.10,241, 7.3
2026-03-21 23:24:37, -1.8281,55.0424, 714.7, 2878, -0.6,-45.2,-41.4,  2,  2, 0.10,240, 7.3
2026-03-21 23:24:39, -1.8279,55.0425, 713.8, 2888, -0.6,-45.5,-41.7,  2,  2, 0.09,239, 7.3
2026-03-21 23:24:41, -1.8277,55.0425, 712.9, 2898, -0.7,-45.5,-41.7,  2,  2, 0.09,239, 7.4
2026-03-21 23:24:43, -1.8276,55.0425, 711.9, 2910, -0.8,-45.6,-41.8,  2,  2, 0.09,238, 7.4
2026-03-21 23:24:45, -1.8274,55.0426, 710.9, 2920, -0.9,-45.7,-41.9,  2,  2, 0.09,238, 7.4
2026-03-21 23:24:47, -1.8273,55.0427, 710.2, 2929, -0.9,-45.9,-42.1,  2,  2, 0.09,239, 7.5
2026-03-21 23:24:49, -1.8271,55.0428, 709.4, 2938, -0.9,-46.2,-42.3,  2,  2, 0.09,239, 7.6
2026-03-21 23:24:51, -1.8269,55.0429, 708.5, 2947, -0.9,-47.0,-43.1,  2,  2, 0.08,240, 7.7
2026-03-21 23:24:53, -1.8266,55.0430, 707.8, 2956, -0.8,-47.4,-43.5,  2,  2, 0.08,241, 7.8
2026-03-21 23:24:55, -1.8263,55.0430, 707.0, 2964, -0.8,-47.7,-43.8,  1,  1, 0.07,242, 7.9
2026-03-21 23:24:57, -1.8260,55.0431, 706.2, 2974, -0.8,-48.0,-44.1,  1,  1, 0.07,243, 7.9
2026-03-21 23:24:59, -1.8258,55.0432, 705.3, 2984, -0.8,-48.4,-44.4,  1,  1, 0.07,244, 8.0
2026-03-21 23:25:01, -1.8256,55.0432, 704.5, 2993, -0.9,-48.5,-44.6,  1,  1, 0.07,245, 8.1
2026-03-21 23:25:03, -1.8255,55.0433, 703.8, 3002, -0.9,-48.5,-44.6,  1,  1, 0.07,246, 8.2
2026-03-21 23:25:05, -1.8253,55.0433, 702.8, 3012, -1.0,-48.5,-44.6,  1,  1, 0.07,247, 8.3
2026-03-21 23:25:07, -1.8250,55.0434, 702.0, 3021, -1.1,-48.7,-44.8,  1,  1, 0.07,248, 8.4
2026-03-21 23:25:09, -1.8248,55.0434, 701.3, 3029, -1.1,-48.8,-44.8,  1,  1, 0.07,249, 8.5
2026-03-21 23:25:11, -1.8245,55.0434, 700.6, 3038, -1.2,-48.8,-44.9,  1,  1, 0.07,250, 8.6
2026-03-21 23:25:12, -1.8243,55.0435, 700.0, 3044, -1.3,-48.8,-44.9,  1,  1, 0.07,250, 8.6
2026-03-21 23:25:13, -1.8242,55.0435, 699.7, 3048, -1.3,-48.8,-44.9,  1,  1, 0.06,251, 8.7
2026-03-21 23:25:15, -1.8240,55.0436, 698.7, 3058, -1.4,-49.0,-45.0,  1,  1, 0.06,252, 8.8
2026-03-21 23:25:17, -1.8237,55.0437, 697.7, 3070, -1.5,-49.0,-45.1,  1,  1, 0.06,253, 8.9
2026-03-21 23:25:19, -1.8234,55.0437, 696.6, 3082, -1.5,-49.1,-45.2,  1,  1, 0.06,254, 8.9
2026-03-21 23:25:21, -1.8232,55.0438, 695.5, 3094, -1.6,-49.2,-45.2,  1,  1, 0.06,255, 9.0
2026-03-21 23:25:23, -1.8229,55.0438, 694.7, 3104, -1.6,-49.2,-45.3,  1,  1, 0.06,256, 9.0
2026-03-21 23:25:25, -1.8226,55.0438, 694.1, 3111, -1.7,-49.3,-45.3,  1,  1, 0.06,257, 9.1
2026-03-21 23:25:27, -1.8222,55.0438, 693.5, 3119, -1.8,-49.3,-45.3,  1,  1, 0.06,258, 9.1
2026-03-21 23:25:29, -1.8219,55.0439, 692.6, 3128, -1.8,-49.3,-45.3,  1,  1, 0.06,259, 9.1
2026-03-21 23:25:31, -1.8217,55.0439, 691.6, 3140, -1.9,-49.4,-45.4,  1,  1, 0.06,259, 9.0
2026-03-21 23:25:33, -1.8215,55.0439, 690.5, 3152, -2.0,-49.5,-45.5,  1,  1, 0.06,259, 9.0
2026-03-21 23:25:35, -1.8212,55.0439, 689.6, 3162, -2.1,-49.6,-45.6,  1,  1, 0.06,260, 8.9
2026-03-21 23:25:37, -1.8209,55.0440, 688.9, 3171, -2.1,-49.6,-45.6,  1,  1, 0.06,260, 8.8
2026-03-21 23:25:39, -1.8206,55.0440, 688.1, 3180, -2.2,-49.5,-45.5,  1,  1, 0.06,259, 8.7
2026-03-21 23:25:41, -1.8203,55.0441, 687.4, 3188, -2.2,-49.4,-45.4,  1,  1, 0.06,259, 8.6
2026-03-21 23:25:43, -1.8200,55.0441, 686.8, 3196, -2.3,-49.2,-45.3,  1,  1, 0.06,258, 8.5
2026-03-21 23:25:45, -1.8197,55.0441, 686.0, 3204, -2.3,-48.8,-44.8,  1,  1, 0.07,257, 8.4
2026-03-21 23:25:47, -1.8195,55.0441, 685.4, 3211, -2.4,-48.3,-44.4,  2,  2, 0.07,256, 8.3
2026-03-21 23:25:49, -1.8193,55.0441, 684.8, 3218, -2.4,-48.0,-44.1,  2,  2, 0.07,255, 8.3
2026-03-21 23:25:51, -1.8191,55.0441, 684.1, 3227, -2.4,-47.9,-44.0,  2,  2, 0.07,254, 8.2
2026-03-21 23:25:53, -1.8188,55.0442, 683.2, 3237, -2.5,-47.6,-43.7,  2,  2, 0.08,252, 8.2
2026-03-21 23:25:55, -1.8185,55.0442, 682.3, 3247, -2.5,-47.4,-43.5,  2,  2, 0.08,251, 8.2
2026-03-21 23:25:57, -1.8183,55.0443, 681.4, 3258, -2.5,-47.2,-43.3,  2,  2, 0.08,251, 8.3
2026-03-21 23:25:59, -1.8181,55.0444, 680.5, 3268, -2.5,-47.3,-43.4,  2,  2, 0.08,250, 8.4
2026-03-21 23:26:01, -1.8179,55.0444, 679.9, 3275, -2.6,-47.5,-43.6,  2,  2, 0.08,250, 8.5
2026-03-21 23:26:03, -1.8178,55.0445, 679.3, 3282, -2.6,-47.3,-43.4,  2,  2, 0.08,250, 8.6
2026-03-21 23:26:05, -1.8176,55.0446, 678.6, 3290, -2.7,-47.2,-43.3,  2,  2, 0.08,250, 8.7
2026-03-21 23:26:07, -1.8173,55.0447, 677.8, 3299, -2.7,-47.2,-43.3,  2,  2, 0.08,251, 8.8
2026-03-21 23:26:09, -1.8170,55.0447, 677.1, 3308, -2.8,-46.9,-43.1,  2,  2, 0.08,252, 8.8
2026-03-21 23:26:11, -1.8167,55.0448, 676.1, 3319, -2.8,-46.9,-43.0,  2,  2, 0.08,253, 8.9
2026-03-21 23:26:13, -1.8163,55.0448, 675.3, 3329, -2.8,-47.3,-43.4,  2,  2, 0.08,253, 8.9
2026-03-21 23:26:15, -1.8160,55.0449, 674.5, 3338, -2.9,-47.4,-43.5,  2,  2, 0.08,254, 9.0
2026-03-21 23:26:17, -1.8157,55.0449, 673.8, 3347, -3.0,-47.6,-43.7,  2,  2, 0.08,255, 9.0
2026-03-21 23:26:19, -1.8155,55.0449, 672.8, 3358, -3.0,-47.9,-44.0,  2,  2, 0.08,256, 9.0
2026-03-21 23:26:21, -1.8152,55.0449, 671.9, 3369, -3.0,-47.9,-44.0,  2,  2, 0.08,256, 9.0
2026-03-21 23:26:23, -1.8149,55.0450, 671.0, 3379, -3.1,-47.7,-43.8,  2,  2, 0.08,256, 9.0
2026-03-21 23:26:25, -1.8146,55.0450, 670.0, 3392, -3.1,-47.2,-43.3,  2,  2, 0.08,256, 9.0
2026-03-21 23:26:27, -1.8143,55.0450, 668.8, 3405, -3.2,-46.6,-42.7,  2,  2, 0.09,255, 9.0
2026-03-21 23:26:29, -1.8141,55.0450, 668.0, 3415, -3.3,-46.4,-42.6,  2,  2, 0.09,255, 9.0
2026-03-21 23:26:31, -1.8139,55.0451, 667.3, 3424, -3.3,-46.5,-42.6,  2,  2, 0.09,254, 9.0
2026-03-21 23:26:33, -1.8137,55.0451, 666.5, 3432, -3.3,-46.4,-42.5,  2,  2, 0.09,254, 9.1
2026-03-21 23:26:35, -1.8135,55.0452, 665.7, 3441, -3.4,-46.4,-42.6,  2,  2, 0.09,253, 9.1
2026-03-21 23:26:37, -1.8132,55.0452, 665.0, 3450, -3.4,-46.2,-42.4,  2,  2, 0.09,253, 9.2
2026-03-21 23:26:39, -1.8129,55.0453, 664.3, 3459, -3.5,-46.2,-42.4,  2,  2, 0.09,252, 9.3
2026-03-21 23:26:41, -1.8126,55.0454, 663.5, 3468, -3.5,-46.4,-42.5,  2,  2, 0.09,252, 9.4
2026-03-21 23:26:43, -1.8123,55.0454, 662.6, 3478, -3.5,-46.8,-43.0,  2,  2, 0.09,252, 9.4
2026-03-21 23:26:45, -1.8120,55.0455, 662.0, 3486, -3.6,-47.0,-43.2,  2,  2, 0.08,252, 9.5
2026-03-21 23:26:47, -1.8116,55.0456, 661.4, 3493, -3.7,-47.2,-43.3,  2,  2, 0.08,252, 9.5
2026-03-21 23:26:49, -1.8113,55.0456, 660.7, 3502, -3.8,-47.9,-44.0,  2,  2, 0.08,252, 9.5
2026-03-21 23:26:51, -1.8110,55.0457, 659.7, 3513, -3.8,-48.4,-44.5,  2,  2, 0.07,253, 9.5
2026-03-21 23:26:53, -1.8107,55.0457, 658.7, 3525, -3.9,-47.7,-43.8,  2,  2, 0.08,253, 9.5
2026-03-21 23:26:55, -1.8105,55.0457, 657.7, 3538, -4.0,-46.7,-42.8,  2,  2, 0.09,254, 9.4
2026-03-21 23:26:57, -1.8102,55.0458, 656.7, 3549, -4.1,-46.1,-42.3,  2,  2, 0.09,255, 9.4
2026-03-21 23:26:59, -1.8100,55.0458, 656.0, 3558, -4.1,-45.7,-41.9,  2,  2, 0.10,256, 9.4
2026-03-21 23:27:01, -1.8097,55.0459, 655.1, 3569, -4.2,-45.1,-41.3,  2,  3, 0.11,256, 9.3
2026-03-21 23:27:03, -1.8095,55.0459, 653.8, 3584, -4.3,-44.6,-40.9,  3,  3, 0.11,257, 9.3
2026-03-21 23:27:05, -1.8092,55.0460, 652.8, 3596, -4.4,-44.6,-40.8,  3,  3, 0.11,257, 9.3
2026-03-21 23:27:07, -1.8089,55.0460, 652.0, 3607, -4.4,-44.5,-40.7,  3,  3, 0.11,257, 9.3
2026-03-21 23:27:09, -1.8086,55.0460, 651.1, 3617, -4.5,-44.3,-40.6,  3,  3, 0.12,257, 9.3
2026-03-21 23:27:11, -1.8082,55.0460, 650.3, 3626, -4.6,-43.9,-40.2,  3,  3, 0.12,257, 9.2
2026-03-21 23:27:13, -1.8079,55.0460, 649.5, 3636, -4.6,-43.7,-40.0,  3,  3, 0.12,256, 9.2
2026-03-21 23:27:15, -1.8076,55.0460, 648.8, 3644, -4.7,-43.7,-40.0,  3,  3, 0.12,255, 9.2
2026-03-21 23:27:17, -1.8073,55.0461, 648.2, 3652, -4.7,-44.0,-40.3,  3,  3, 0.12,254, 9.1
2026-03-21 23:27:19, -1.8070,55.0461, 647.5, 3660, -4.6,-44.1,-40.4,  3,  3, 0.12,253, 9.1
2026-03-21 23:27:21, -1.8068,55.0462, 646.9, 3668, -4.7,-44.1,-40.4,  3,  3, 0.12,251, 9.0
2026-03-21 23:27:23, -1.8066,55.0462, 646.2, 3676, -4.7,-44.1,-40.4,  3,  3, 0.12,250, 8.9
2026-03-21 23:27:25, -1.8064,55.0463, 645.5, 3685, -4.8,-44.1,-40.4,  3,  3, 0.12,248, 8.9
2026-03-21 23:27:27, -1.8061,55.0464, 644.6, 3696, -4.8,-44.3,-40.6,  3,  3, 0.12,247, 8.8
2026-03-21 23:27:29, -1.8059,55.0465, 643.8, 3706, -4.8,-44.6,-40.8,  3,  3, 0.11,246, 8.8
2026-03-21 23:27:31, -1.8056,55.0466, 643.0, 3715, -4.8,-44.6,-40.9,  3,  3, 0.11,246, 8.8
2026-03-21 23:27:33, -1.8053,55.0467, 642.1, 3726, -4.9,-44.7,-40.9,  3,  3, 0.11,245, 8.7
2026-03-21 23:27:35, -1.8051,55.0468, 641.0, 3740, -4.9,-44.8,-41.1,  3,  3, 0.11,245, 8.7
2026-03-21 23:27:37, -1.8048,55.0468, 639.9, 3753, -5.0,-44.9,-41.2,  3,  3, 0.11,245, 8.7
2026-03-21 23:27:39, -1.8046,55.0469, 639.2, 3761, -5.1,-45.1,-41.4,  3,  3, 0.11,246, 8.7
2026-03-21 23:27:41, -1.8044,55.0469, 638.6, 3769, -5.1,-45.4,-41.6,  3,  3, 0.10,247, 8.6
2026-03-21 23:27:43, -1.8042,55.0470, 637.9, 3777, -5.1,-46.1,-42.3,  2,  3, 0.10,248, 8.6
2026-03-21 23:27:45, -1.8039,55.0470, 637.2, 3786, -5.2,-46.4,-42.6,  2,  2, 0.09,249, 8.7
2026-03-21 23:27:47, -1.8037,55.0471, 636.5, 3795, -5.2,-46.4,-42.6,  2,  2, 0.09,250, 8.7
2026-03-21 23:27:49, -1.8035,55.0471, 635.8, 3804, -5.2,-46.1,-42.3,  2,  3, 0.10,251, 8.7
2026-03-21 23:27:51, -1.8032,55.0472, 635.1, 3813, -5.3,-44.5,-40.7,  3,  3, 0.12,252, 8.8
2026-03-21 23:27:53, -1.8029,55.0472, 634.3, 3823, -5.3,-41.9,-38.3,  4,  4, 0.15,254, 8.8
2026-03-21 23:27:55, -1.8026,55.0473, 633.4, 3834, -5.3,-37.7,-34.3,  6,  6, 0.24,255, 8.9
2026-03-21 23:27:57, -1.8023,55.0474, 632.4, 3845, -5.4,-34.4,-31.2,  8,  9, 0.33,256, 9.0
2026-03-21 23:27:59, -1.8020,55.0474, 631.7, 3854, -5.5,-33.4,-30.3,  9, 10, 0.36,257, 9.1
2026-03-21 23:28:01, -1.8018,55.0474, 631.1, 3863, -5.6,-33.0,-29.9,  9, 10, 0.38,257, 9.2
2026-03-21 23:28:03, -1.8015,55.0474, 630.2, 3873, -5.6,-33.1,-30.1,  9, 10, 0.37,258, 9.3
2026-03-21 23:28:05, -1.8012,55.0474, 629.4, 3883, -5.7,-33.7,-30.6,  9,  9, 0.35,258, 9.4
2026-03-21 23:28:07, -1.8010,55.0474, 628.6, 3893, -5.8,-34.6,-31.5,  8,  9, 0.32,258, 9.5
2026-03-21 23:28:09, -1.8007,55.0474, 627.7, 3904, -5.8,-36.9,-33.5,  7,  7, 0.26,258, 9.6
2026-03-21 23:28:11, -1.8004,55.0475, 627.0, 3913, -5.8,-37.3,-33.9,  6,  7, 0.25,258, 9.7
2026-03-21 23:28:13, -1.8001,55.0475, 626.2, 3923, -5.9,-37.4,-34.0,  6,  7, 0.25,258, 9.8
2026-03-21 23:28:15, -1.7997,55.0476, 625.5, 3932, -5.9,-38.0,-34.6,  6,  6, 0.23,257, 9.9
2026-03-21 23:28:17, -1.7994,55.0477, 624.7, 3942, -5.9,-38.4,-35.0,  6,  6, 0.22,257, 9.9
2026-03-21 23:28:19, -1.7991,55.0477, 623.8, 3952, -6.0,-37.9,-34.5,  6,  6, 0.24,257, 9.9
2026-03-21 23:28:21, -1.7987,55.0478, 623.1, 3962, -6.0,-37.4,-34.1,  6,  7, 0.25,256, 9.9
2026-03-21 23:28:23, -1.7984,55.0478, 622.3, 3972, -6.0,-36.9,-33.5,  7,  7, 0.26,256, 9.9
2026-03-21 23:28:25, -1.7981,55.0478, 621.6, 3981, -6.1,-36.4,-33.2,  7,  7, 0.27,255, 9.8
2026-03-21 23:28:27, -1.7979,55.0479, 620.9, 3989, -6.1,-36.0,-32.8,  7,  8, 0.29,255, 9.7
2026-03-21 23:28:29, -1.7976,55.0479, 620.3, 3998, -6.1,-35.2,-32.0,  8,  8, 0.31,254, 9.7
2026-03-21 23:28:31, -1.7973,55.0480, 619.4, 4008, -6.1,-34.8,-31.6,  8,  9, 0.32,254, 9.6
2026-03-21 23:28:33, -1.7969,55.0480, 618.5, 4019, -6.2,-34.7,-31.5,  8,  9, 0.33,253, 9.5
2026-03-21 23:28:35, -1.7966,55.0481, 617.6, 4030, -6.2,-34.1,-31.0,  9, 10, 0.35,253, 9.5
2026-03-21 23:28:37, -1.7964,55.0481, 616.9, 4040, -6.2,-34.1,-31.0,  9,  9, 0.35,253, 9.4
2026-03-21 23:28:39, -1.7962,55.0481, 616.2, 4048, -6.2,-34.6,-31.4,  9,  9, 0.33,252, 9.5
2026-03-21 23:28:41, -1.7960,55.0482, 615.6, 4056, -6.3,-34.5,-31.4,  9,  9, 0.33,252, 9.5
2026-03-21 23:28:43, -1.7957,55.0483, 615.1, 4063, -6.3,-34.2,-31.0,  9, 10, 0.35,252, 9.5
2026-03-21 23:28:45, -1.7955,55.0483, 614.5, 4071, -6.3,-33.0,-29.9, 10, 11, 0.39,252, 9.6
2026-03-21 23:28:47, -1.7951,55.0484, 613.7, 4080, -6.3,-29.3,-26.5, 14, 15, 0.55,252, 9.7
2026-03-21 23:28:49, -1.7948,55.0485, 612.9, 4090, -6.3,-26.8,-24.2, 18, 19, 0.69,252, 9.8
2026-03-21 23:28:51, -1.7945,55.0485, 612.3, 4098, -6.4,-25.6,-23.0, 20, 22, 0.78,252, 9.9
2026-03-21 23:28:53, -1.7942,55.0485, 611.6, 4107, -6.4,-20.7,-18.6, 31, 33, 1.21,252,10.0
2026-03-21 23:28:55, -1.7939,55.0486, 610.8, 4117, -6.5,-12.6,-11.2, 62, 66, 2.38,252,10.1
2026-03-21 23:28:57, -1.7935,55.0486, 610.1, 4127, -6.6,-11.3,-10.1, 69, 73, 2.63,252,10.2
2026-03-21 23:28:59, -1.7932,55.0487, 609.2, 4137, -6.7,-11.8,-10.5, 67, 72, 2.55,252,10.2
2026-03-21 23:29:01, -1.7929,55.0488, 608.5, 4146, -6.8,-11.8,-10.5, 67, 72, 2.55,252,10.3
2026-03-21 23:29:03, -1.7926,55.0488, 607.9, 4155, -6.9,-11.8,-10.5, 68, 73, 2.55,251,10.3
2026-03-21 23:29:05, -1.7923,55.0489, 607.0, 4166, -7.0,-11.8,-10.5, 68, 73, 2.56,251,10.3
2026-03-21 23:29:07, -1.7921,55.0489, 606.0, 4178, -7.1,-11.8,-10.5, 69, 74, 2.55,250,10.3
2026-03-21 23:29:09, -1.7917,55.0490, 605.2, 4189, -7.2,-11.8,-10.6, 69, 74, 2.55,250,10.3
2026-03-21 23:29:11, -1.7914,55.0491, 604.4, 4200, -7.3,-11.8,-10.5, 70, 75, 2.57,249,10.3
2026-03-21 23:29:13, -1.7911,55.0492, 603.6, 4210, -7.4,-11.6,-10.4, 72, 77, 2.60,249,10.3
2026-03-21 23:29:15, -1.7907,55.0492, 602.6, 4223, -7.5,-11.3,-10.1, 74, 79, 2.67,248,10.3
2026-03-21 23:29:17, -1.7904,55.0492, 601.7, 4235, -7.6,-11.2,-10.0, 75, 81, 2.70,248,10.3
2026-03-21 23:29:19, -1.7901,55.0493, 601.1, 4243, -7.7,-11.4,-10.1, 75, 81, 2.67,247,10.3
2026-03-21 23:29:21, -1.7899,55.0494, 600.5, 4250, -7.8,-11.3,-10.1, 76, 82, 2.68,247,10.3
2026-03-21 23:29:23, -1.7897,55.0495, 600.0, 4257, -7.8,-11.3,-10.1, 76, 82, 2.69,247,10.4
2026-03-21 23:29:23, -1.7897,55.0495, 599.9, 4258, -7.9,-11.3,-10.1, 76, 82, 2.69,247,10.4
2026-03-21 23:29:25, -1.7895,55.0496, 599.2, 4267, -7.9,-11.2,-10.0, 77, 83, 2.71,247,10.5
2026-03-21 23:29:27, -1.7891,55.0497, 598.5, 4276, -8.0,-11.2,-10.0, 78, 84, 2.71,247,10.5
2026-03-21 23:29:29, -1.7888,55.0497, 597.8, 4285, -8.1,-11.2,-10.0, 78, 84, 2.71,247,10.6
2026-03-21 23:29:31, -1.7885,55.0498, 597.1, 4295, -8.2,-11.3,-10.0, 79, 85, 2.71,248,10.7
2026-03-21 23:29:33, -1.7882,55.0498, 596.1, 4307, -8.3,-11.3,-10.1, 79, 85, 2.70,248,10.8
2026-03-21 23:29:35, -1.7878,55.0500, 595.1, 4319, -8.4,-11.5,-10.2, 78, 85, 2.68,249,10.9
2026-03-21 23:29:37, -1.7875,55.0500, 594.4, 4330, -8.5,-11.6,-10.3, 78, 85, 2.65,249,11.0
2026-03-21 23:29:39, -1.7872,55.0501, 593.6, 4340, -8.5,-11.6,-10.4, 78, 85, 2.65,250,11.1
2026-03-21 23:29:41, -1.7868,55.0502, 592.8, 4350, -8.6,-11.7,-10.4, 78, 85, 2.63,251,11.2
2026-03-21 23:29:43, -1.7865,55.0502, 592.1, 4359, -8.6,-11.8,-10.5, 78, 84, 2.62,251,11.2
2026-03-21 23:29:45, -1.7862,55.0503, 591.5, 4368, -8.7,-11.9,-10.6, 78, 85, 2.61,252,11.3
2026-03-21 23:29:47, -1.7858,55.0504, 590.9, 4376, -8.7,-11.9,-10.7, 78, 84, 2.59,252,11.4
2026-03-21 23:29:49, -1.7855,55.0504, 590.2, 4384, -8.8,-12.0,-10.7, 77, 84, 2.58,253,11.5
2026-03-21 23:29:51, -1.7852,55.0505, 589.5, 4393, -8.8,-12.0,-10.7, 78, 85, 2.58,253,11.6
2026-03-21 23:29:53, -1.7848,55.0505, 588.8, 4402, -8.9,-12.1,-10.8, 78, 85, 2.57,254,11.7
2026-03-21 23:29:55, -1.7844,55.0506, 588.2, 4411, -9.0,-12.2,-10.9, 78, 85, 2.55,254,11.8
2026-03-21 23:29:57, -1.7840,55.0507, 587.6, 4419, -9.0,-12.4,-11.1, 76, 83, 2.51,255,11.9
2026-03-21 23:29:59, -1.7837,55.0507, 586.9, 4428, -9.0,-12.5,-11.2, 76, 83, 2.49,255,12.0
2026-03-21 23:30:01, -1.7834,55.0507, 586.2, 4438, -9.1,-12.5,-11.2, 76, 83, 2.49,255,12.0
2026-03-21 23:30:03, -1.7831,55.0508, 585.3, 4449, -9.2,-12.6,-11.3, 76, 83, 2.48,255,12.1
2026-03-21 23:30:05, -1.7827,55.0508, 584.4, 4460, -9.3,-12.8,-11.5, 75, 82, 2.44,255,12.2
2026-03-21 23:30:07, -1.7823,55.0509, 583.7, 4470, -9.3,-13.1,-11.7, 74, 81, 2.39,255,12.2
2026-03-21 23:30:09, -1.7819,55.0510, 583.1, 4478, -9.3,-13.4,-11.9, 72, 79, 2.34,255,12.2
2026-03-21 23:30:11, -1.7815,55.0510, 582.5, 4486, -9.3,-13.8,-12.3, 70, 77, 2.27,255,12.2
2026-03-21 23:30:13, -1.7810,55.0511, 581.9, 4495, -9.3,-14.0,-12.5, 69, 75, 2.23,255,12.1
2026-03-21 23:30:15, -1.7806,55.0511, 581.1, 4505, -9.4,-14.2,-12.7, 68, 74, 2.19,255,12.0
2026-03-21 23:30:17, -1.7802,55.0512, 580.3, 4515, -9.4,-14.6,-13.0, 66, 72, 2.13,255,11.9
2026-03-21 23:30:19, -1.7799,55.0512, 579.7, 4523, -9.4,-14.8,-13.3, 65, 71, 2.09,254,11.7
2026-03-21 23:30:21, -1.7796,55.0513, 579.0, 4533, -9.4,-14.9,-13.3, 64, 70, 2.08,254,11.6
2026-03-21 23:30:23, -1.7793,55.0513, 578.1, 4544, -9.5,-15.0,-13.4, 64, 70, 2.06,253,11.4
2026-03-21 23:30:25, -1.7790,55.0514, 577.3, 4555, -9.5,-15.2,-13.6, 63, 69, 2.04,253,11.2
2026-03-21 23:30:27, -1.7786,55.0515, 576.6, 4565, -9.6,-15.2,-13.6, 63, 70, 2.03,253,10.9
2026-03-21 23:30:29, -1.7782,55.0516, 575.8, 4575, -9.6,-15.2,-13.6, 64, 70, 2.04,252,10.7
2026-03-21 23:30:31, -1.7779,55.0516, 575.1, 4585, -9.7,-15.2,-13.6, 64, 70, 2.04,252,10.5
2026-03-21 23:30:33, -1.7776,55.0517, 574.4, 4594, -9.7,-15.2,-13.6, 64, 70, 2.04,252,10.3
2026-03-21 23:30:35, -1.7774,55.0517, 573.7, 4603, -9.8,-15.3,-13.7, 64, 70, 2.03,251,10.1
2026-03-21 23:30:37, -1.7771,55.0518, 573.1, 4612, -9.8,-15.4,-13.8, 64, 70, 2.02,252, 9.9
2026-03-21 23:30:39, -1.7768,55.0519, 572.5, 4620, -9.8,-15.5,-13.9, 63, 69, 2.00,252, 9.7
2026-03-21 23:30:41, -1.7765,55.0519, 571.9, 4628, -9.8,-15.7,-14.0, 62, 68, 1.97,252, 9.6
2026-03-21 23:30:43, -1.7763,55.0520, 571.2, 4637, -9.8,-15.9,-14.2, 61, 67, 1.94,253, 9.5
2026-03-21 23:30:45, -1.7761,55.0520, 570.6, 4646, -9.7,-16.2,-14.5, 59, 65, 1.89,253, 9.4
2026-03-21 23:30:47, -1.7758,55.0521, 569.8, 4656, -9.7,-16.9,-15.1, 56, 61, 1.79,254, 9.4
2026-03-21 23:30:49, -1.7755,55.0521, 569.0, 4667, -9.7,-17.5,-15.7, 53, 58, 1.70,255, 9.3
2026-03-21 23:30:51, -1.7752,55.0521, 568.4, 4676, -9.7,-17.7,-15.9, 52, 57, 1.67,255, 9.3
2026-03-21 23:30:53, -1.7749,55.0522, 567.7, 4685, -9.8,-17.8,-16.0, 52, 57, 1.66,256, 9.3
2026-03-21 23:30:55, -1.7746,55.0522, 567.0, 4695, -9.8,-18.0,-16.2, 51, 56, 1.63,257, 9.3
2026-03-21 23:30:57, -1.7743,55.0522, 566.2, 4706, -9.8,-18.1,-16.2, 51, 56, 1.62,258, 9.4
2026-03-21 23:30:59, -1.7740,55.0523, 565.4, 4717, -9.9,-18.2,-16.3, 51, 56, 1.61,259, 9.4
2026-03-21 23:31:01, -1.7737,55.0523, 564.5, 4728, -9.9,-18.3,-16.4, 50, 55, 1.60,260, 9.4
2026-03-21 23:31:03, -1.7735,55.0524, 563.8, 4739,-10.0,-18.3,-16.4, 51, 56, 1.60,261, 9.4
2026-03-21 23:31:05, -1.7732,55.0524, 563.0, 4750,-10.1,-18.4,-16.5, 51, 56, 1.60,262, 9.4
2026-03-21 23:31:07, -1.7729,55.0524, 562.1, 4761,-10.2,-18.3,-16.4, 51, 57, 1.60,263, 9.4
2026-03-21 23:31:09, -1.7725,55.0524, 561.3, 4772,-10.3,-18.4,-16.5, 52, 57, 1.60,264, 9.4
2026-03-21 23:31:11, -1.7722,55.0525, 560.5, 4783,-10.4,-18.4,-16.5, 52, 57, 1.60,265, 9.5
2026-03-21 23:31:13, -1.7720,55.0525, 559.9, 4792,-10.4,-18.4,-16.5, 52, 57, 1.60,265, 9.5
2026-03-21 23:31:15, -1.7717,55.0525, 559.2, 4801,-10.5,-18.4,-16.5, 52, 58, 1.60,266, 9.5
2026-03-21 23:31:17, -1.7714,55.0525, 558.6, 4810,-10.6,-18.4,-16.5, 53, 58, 1.60,267, 9.6
2026-03-21 23:31:19, -1.7711,55.0524, 558.0, 4818,-10.6,-18.4,-16.5, 53, 58, 1.61,267, 9.6
2026-03-21 23:31:21, -1.7709,55.0524, 557.3, 4827,-10.7,-18.4,-16.5, 53, 59, 1.61,267, 9.7
2026-03-21 23:31:23, -1.7705,55.0524, 556.6, 4836,-10.7,-18.4,-16.5, 53, 59, 1.61,267, 9.8
2026-03-21 23:31:25, -1.7702,55.0524, 556.0, 4845,-10.7,-18.4,-16.5, 53, 59, 1.62,267, 9.9
2026-03-21 23:31:27, -1.7699,55.0524, 555.3, 4855,-10.8,-18.4,-16.5, 53, 59, 1.61,267, 9.9
2026-03-21 23:31:29, -1.7696,55.0524, 554.5, 4865,-10.8,-18.5,-16.6, 53, 59, 1.60,267,10.0
2026-03-21 23:31:31, -1.7693,55.0525, 553.8, 4876,-10.9,-18.6,-16.7, 53, 59, 1.60,267,10.1
2026-03-21 23:31:33, -1.7689,55.0525, 553.0, 4887,-11.0,-18.6,-16.7, 53, 59, 1.59,266,10.2
2026-03-21 23:31:35, -1.7686,55.0525, 552.2, 4898,-11.1,-18.7,-16.8, 53, 59, 1.58,265,10.2
2026-03-21 23:31:37, -1.7682,55.0525, 551.4, 4910,-11.2,-18.8,-16.8, 53, 59, 1.57,265,10.2
2026-03-21 23:31:39, -1.7680,55.0525, 550.5, 4921,-11.2,-18.9,-16.9, 53, 59, 1.56,264,10.3
2026-03-21 23:31:41, -1.7677,55.0525, 549.8, 4931,-11.3,-19.0,-17.0, 53, 59, 1.56,263,10.3
2026-03-21 23:31:43, -1.7674,55.0526, 549.1, 4942,-11.4,-18.9,-17.0, 54, 60, 1.56,262,10.3
2026-03-21 23:31:45, -1.7670,55.0526, 548.2, 4953,-11.5,-19.0,-17.0, 54, 60, 1.56,262,10.3
2026-03-21 23:31:47, -1.7666,55.0526, 547.4, 4965,-11.6,-19.1,-17.2, 53, 60, 1.54,261,10.3
2026-03-21 23:31:49, -1.7663,55.0526, 546.6, 4976,-11.6,-19.2,-17.2, 53, 60, 1.53,260,10.3
2026-03-21 23:31:51, -1.7660,55.0527, 545.9, 4986,-11.7,-19.3,-17.3, 54, 60, 1.53,259,10.4
2026-03-21 23:31:53, -1.7657,55.0527, 545.3, 4994,-11.8,-19.3,-17.3, 53, 60, 1.52,259,10.4
2026-03-21 23:31:55, -1.7655,55.0528, 544.8, 5002,-11.8,-19.4,-17.4, 53, 60, 1.51,258,10.4
2026-03-21 23:31:57, -1.7652,55.0528, 544.2, 5010,-11.9,-19.5,-17.5, 53, 60, 1.50,258,10.5
2026-03-21 23:31:59, -1.7648,55.0529, 543.6, 5018,-11.9,-19.6,-17.6, 53, 60, 1.49,258,10.5
2026-03-21 23:32:01, -1.7645,55.0529, 543.0, 5027,-12.0,-19.5,-17.5, 54, 60, 1.50,258,10.6
2026-03-21 23:32:03, -1.7641,55.0530, 542.4, 5036,-12.1,-19.6,-17.6, 53, 60, 1.49,258,10.6
2026-03-21 23:32:05, -1.7638,55.0530, 541.7, 5045,-12.1,-19.8,-17.8, 53, 59, 1.46,258,10.7
2026-03-21 23:32:07, -1.7635,55.0530, 541.0, 5055,-12.2,-19.9,-17.9, 52, 59, 1.45,258,10.7
2026-03-21 23:32:09, -1.7631,55.0531, 540.3, 5066,-12.3,-20.0,-18.0, 53, 59, 1.44,258,10.7
2026-03-21 23:32:11, -1.7628,55.0532, 539.5, 5076,-12.4,-20.3,-18.2, 52, 58, 1.42,258,10.7
2026-03-21 23:32:13, -1.7625,55.0532, 538.8, 5086,-12.4,-20.6,-18.5, 51, 57, 1.38,258,10.7
2026-03-21 23:32:15, -1.7622,55.0532, 538.1, 5096,-12.5,-20.6,-18.5, 51, 57, 1.38,258,10.7
2026-03-21 23:32:17, -1.7618,55.0532, 537.4, 5106,-12.5,-20.6,-18.5, 51, 57, 1.38,258,10.7
2026-03-21 23:32:19, -1.7615,55.0532, 536.7, 5116,-12.6,-20.6,-18.5, 51, 58, 1.38,258,10.6
2026-03-21 23:32:21, -1.7611,55.0533, 536.0, 5125,-12.7,-20.6,-18.5, 51, 58, 1.38,257,10.6
2026-03-21 23:32:23, -1.7608,55.0534, 535.3, 5135,-12.8,-20.6,-18.5, 52, 59, 1.39,257,10.5
2026-03-21 23:32:25, -1.7605,55.0534, 534.8, 5144,-12.8,-20.7,-18.6, 52, 59, 1.38,256,10.5
2026-03-21 23:32:27, -1.7602,55.0534, 534.1, 5153,-12.9,-20.6,-18.5, 53, 60, 1.39,256,10.4
2026-03-21 23:32:29, -1.7599,55.0535, 533.2, 5165,-13.0,-20.6,-18.5, 53, 60, 1.40,255,10.4
2026-03-21 23:32:31, -1.7595,55.0535, 532.2, 5179,-13.1,-20.7,-18.6, 53, 60, 1.38,254,10.4
2026-03-21 23:32:33, -1.7592,55.0536, 531.4, 5192,-13.2,-20.9,-18.8, 52, 60, 1.36,253,10.4
2026-03-21 23:32:35, -1.7589,55.0536, 530.6, 5202,-13.3,-20.8,-18.7, 53, 60, 1.37,252,10.4
2026-03-21 23:32:37, -1.7586,55.0537, 530.0, 5211,-13.4,-20.7,-18.6, 54, 61, 1.38,251,10.4
2026-03-21 23:32:39, -1.7583,55.0538, 529.4, 5221,-13.4,-20.8,-18.7, 54, 62, 1.38,250,10.5
2026-03-21 23:32:41, -1.7581,55.0538, 528.7, 5230,-13.5,-20.9,-18.8, 54, 61, 1.37,249,10.6
2026-03-21 23:32:43, -1.7578,55.0539, 528.2, 5238,-13.5,-20.9,-18.8, 54, 61, 1.37,248,10.7
2026-03-21 23:32:45, -1.7575,55.0539, 527.5, 5247,-13.6,-20.9,-18.8, 54, 62, 1.37,247,10.8
2026-03-21 23:32:47, -1.7572,55.0540, 526.9, 5256,-13.7,-21.0,-18.8, 54, 62, 1.37,246,10.9
2026-03-21 23:32:49, -1.7569,55.0541, 526.2, 5266,-13.8,-21.0,-18.9, 54, 62, 1.36,246,10.9
2026-03-21 23:32:51, -1.7565,55.0543, 525.5, 5276,-13.9,-21.1,-18.9, 55, 63, 1.36,245,11.0
2026-03-21 23:32:53, -1.7561,55.0544, 524.8, 5287,-14.0,-21.1,-19.0, 55, 63, 1.35,245,11.1
2026-03-21 23:32:55, -1.7558,55.0544, 523.9, 5300,-14.1,-21.2,-19.0, 55, 63, 1.35,244,11.1
2026-03-21 23:32:57, -1.7555,55.0545, 523.0, 5312,-14.2,-21.2,-19.1, 55, 63, 1.34,244,11.1
2026-03-21 23:32:59, -1.7552,55.0546, 522.3, 5323,-14.3,-21.3,-19.1, 55, 64, 1.34,243,11.1
2026-03-21 23:33:01, -1.7549,55.0546, 521.5, 5334,-14.4,-21.3,-19.1, 56, 64, 1.34,243,11.1
2026-03-21 23:33:03, -1.7546,55.0547, 520.8, 5345,-14.5,-21.3,-19.2, 56, 64, 1.34,243,11.1
2026-03-21 23:33:05, -1.7543,55.0549, 520.0, 5356,-14.6,-21.3,-19.2, 56, 65, 1.34,243,11.1
2026-03-21 23:33:07, -1.7540,55.0550, 519.2, 5367,-14.7,-21.3,-19.2, 57, 66, 1.34,243,11.1
2026-03-21 23:33:09, -1.7537,55.0551, 518.5, 5377,-14.8,-21.4,-19.2, 57, 66, 1.33,242,11.0
2026-03-21 23:33:11, -1.7534,55.0551, 518.0, 5386,-14.8,-21.4,-19.2, 57, 66, 1.34,242,11.0
2026-03-21 23:33:13, -1.7531,55.0553, 517.3, 5396,-14.9,-21.4,-19.2, 58, 67, 1.34,242,11.0
2026-03-21 23:33:15, -1.7528,55.0554, 516.6, 5406,-15.0,-21.4,-19.2, 58, 68, 1.35,242,11.1
2026-03-21 23:33:17, -1.7524,55.0555, 515.9, 5417,-15.1,-21.5,-19.3, 58, 67, 1.34,242,11.1
2026-03-21 23:33:19, -1.7521,55.0555, 515.2, 5426,-15.1,-21.6,-19.4, 58, 67, 1.32,242,11.1
2026-03-21 23:33:21, -1.7519,55.0556, 514.6, 5436,-15.2,-21.7,-19.5, 58, 67, 1.31,242,11.1
2026-03-21 23:33:23, -1.7516,55.0557, 513.9, 5445,-15.3,-21.6,-19.4, 59, 68, 1.33,241,11.1
2026-03-21 23:33:25, -1.7513,55.0558, 513.3, 5454,-15.4,-21.6,-19.4, 59, 68, 1.33,241,11.1
2026-03-21 23:33:27, -1.7509,55.0559, 512.6, 5464,-15.4,-21.7,-19.5, 58, 68, 1.31,241,11.1
2026-03-21 23:33:29, -1.7506,55.0560, 511.8, 5476,-15.5,-22.0,-19.8, 57, 66, 1.28,241,11.0
2026-03-21 23:33:31, -1.7503,55.0561, 510.8, 5491,-15.5,-22.5,-20.2, 55, 64, 1.23,240,10.9
2026-03-21 23:33:33, -1.7500,55.0562, 509.8, 5506,-15.5,-23.3,-20.9, 51, 60, 1.15,240,10.9
2026-03-21 23:33:35, -1.7497,55.0564, 509.0, 5518,-15.6,-23.6,-21.3, 50, 58, 1.12,240,10.8
2026-03-21 23:33:37, -1.7494,55.0564, 508.4, 5526,-15.6,-23.5,-21.2, 51, 59, 1.13,239,10.7
2026-03-21 23:33:39, -1.7491,55.0565, 507.9, 5535,-15.7,-23.5,-21.2, 51, 59, 1.13,238,10.6
2026-03-21 23:33:41, -1.7488,55.0565, 507.2, 5545,-15.7,-23.5,-21.2, 51, 60, 1.13,238,10.5
2026-03-21 23:33:43, -1.7485,55.0566, 506.5, 5555,-15.8,-23.6,-21.2, 51, 60, 1.13,237,10.4
2026-03-21 23:33:45, -1.7482,55.0568, 505.8, 5565,-15.8,-23.6,-21.3, 51, 60, 1.13,236,10.3
2026-03-21 23:33:47, -1.7480,55.0569, 505.2, 5574,-15.9,-23.7,-21.3, 51, 60, 1.12,235,10.2
2026-03-21 23:33:49, -1.7478,55.0570, 504.6, 5583,-16.0,-23.7,-21.4, 51, 60, 1.12,234,10.2
2026-03-21 23:33:51, -1.7476,55.0571, 504.0, 5592,-16.0,-23.8,-21.5, 51, 60, 1.11,232,10.1
2026-03-21 23:33:53, -1.7473,55.0572, 503.4, 5601,-16.1,-23.9,-21.5, 51, 60, 1.10,231,10.0
2026-03-21 23:33:55, -1.7471,55.0573, 502.8, 5610,-16.2,-23.8,-21.5, 52, 61, 1.11,230,10.0
2026-03-21 23:33:57, -1.7468,55.0574, 502.0, 5621,-16.3,-23.8,-21.4, 52, 61, 1.12,229, 9.9
2026-03-21 23:33:59, -1.7465,55.0575, 501.2, 5634,-16.4,-23.9,-21.5, 53, 62, 1.11,228, 9.8
2026-03-21 23:34:01, -1.7463,55.0577, 500.3, 5647,-16.5,-24.0,-21.6, 52, 62, 1.10,227, 9.7
2026-03-21 23:34:02, -1.7462,55.0577, 500.0, 5652,-16.5,-24.0,-21.7, 52, 61, 1.10,226, 9.6
2026-03-21 23:34:03, -1.7461,55.0578, 499.6, 5658,-16.6,-24.1,-21.7, 52, 61, 1.09,226, 9.6
2026-03-21 23:34:05, -1.7459,55.0580, 498.9, 5669,-16.6,-24.1,-21.7, 52, 62, 1.09,225, 9.5
2026-03-21 23:34:07, -1.7457,55.0581, 498.1, 5681,-16.8,-24.2,-21.8, 53, 62, 1.09,224, 9.3
2026-03-21 23:34:09, -1.7455,55.0583, 497.4, 5692,-16.8,-24.3,-21.9, 53, 62, 1.08,224, 9.2
2026-03-21 23:34:11, -1.7453,55.0583, 496.8, 5701,-16.9,-24.3,-21.9, 53, 62, 1.08,223, 9.0
2026-03-21 23:34:13, -1.7452,55.0584, 496.1, 5711,-17.0,-24.2,-21.8, 53, 63, 1.09,223, 8.8
2026-03-21 23:34:15, -1.7450,55.0586, 495.5, 5720,-17.0,-24.3,-21.9, 53, 63, 1.08,223, 8.6
2026-03-21 23:34:17, -1.7448,55.0587, 494.9, 5729,-17.0,-24.6,-22.1, 52, 62, 1.06,223, 8.4
2026-03-21 23:34:19, -1.7446,55.0588, 494.2, 5740,-17.1,-24.6,-22.2, 52, 61, 1.05,223, 8.3
2026-03-21 23:34:21, -1.7444,55.0589, 493.4, 5752,-17.2,-24.7,-22.3, 52, 61, 1.05,223, 8.1
2026-03-21 23:34:23, -1.7442,55.0590, 492.7, 5763,-17.2,-24.7,-22.3, 52, 62, 1.05,223, 8.0
2026-03-21 23:34:25, -1.7441,55.0591, 491.8, 5776,-17.3,-24.7,-22.3, 52, 62, 1.05,223, 7.9
2026-03-21 23:34:27, -1.7440,55.0592, 491.1, 5787,-17.4,-24.8,-22.4, 52, 62, 1.04,224, 7.8
2026-03-21 23:34:29, -1.7439,55.0593, 490.5, 5796,-17.5,-24.9,-22.4, 53, 62, 1.04,224, 7.7
2026-03-21 23:34:31, -1.7437,55.0594, 489.9, 5805,-17.6,-24.8,-22.3, 53, 63, 1.05,224, 7.7
2026-03-21 23:34:33, -1.7435,55.0595, 489.3, 5814,-17.6,-24.6,-22.1, 55, 65, 1.07,225, 7.7
2026-03-21 23:34:35, -1.7433,55.0596, 488.8, 5822,-17.7,-24.5,-22.1, 55, 66, 1.08,225, 7.7
2026-03-21 23:34:37, -1.7431,55.0597, 488.2, 5831,-17.8,-24.6,-22.2, 55, 66, 1.07,225, 7.7
2026-03-21 23:34:39, -1.7429,55.0598, 487.6, 5841,-17.8,-24.6,-22.2, 55, 66, 1.07,226, 7.7
2026-03-21 23:34:41, -1.7428,55.0599, 486.9, 5850,-17.9,-24.7,-22.2, 55, 66, 1.06,227, 7.7
2026-03-21 23:34:43, -1.7426,55.0599, 486.3, 5860,-17.9,-24.8,-22.3, 55, 66, 1.06,227, 7.7
2026-03-21 23:34:45, -1.7425,55.0600, 485.7, 5870,-18.0,-24.8,-22.4, 55, 66, 1.05,228, 7.7
2026-03-21 23:34:47, -1.7423,55.0602, 485.1, 5879,-18.1,-24.8,-22.4, 56, 66, 1.06,229, 7.7
2026-03-21 23:34:49, -1.7421,55.0602, 484.5, 5889,-18.1,-24.7,-22.3, 56, 67, 1.06,230, 7.7
2026-03-21 23:34:51, -1.7419,55.0603, 483.8, 5898,-18.2,-24.7,-22.2, 57, 68, 1.07,231, 7.7
2026-03-21 23:34:53, -1.7418,55.0604, 483.3, 5907,-18.3,-24.7,-22.3, 57, 68, 1.07,232, 7.6
2026-03-21 23:34:55, -1.7415,55.0605, 482.7, 5916,-18.4,-24.7,-22.3, 58, 69, 1.07,234, 7.6
2026-03-21 23:34:57, -1.7413,55.0606, 482.1, 5926,-18.5,-24.7,-22.2, 58, 70, 1.07,235, 7.5
2026-03-21 23:34:59, -1.7410,55.0607, 481.4, 5936,-18.6,-24.6,-22.2, 59, 71, 1.08,236, 7.4
2026-03-21 23:35:01, -1.7408,55.0607, 480.7, 5947,-18.7,-24.6,-22.2, 59, 71, 1.08,237, 7.4
2026-03-21 23:35:03, -1.7407,55.0608, 480.0, 5957,-18.7,-24.8,-22.4, 59, 70, 1.06,239, 7.3
2026-03-21 23:35:05, -1.7405,55.0609, 479.4, 5967,-18.7,-25.3,-22.8, 56, 68, 1.02,240, 7.2
2026-03-21 23:35:07, -1.7404,55.0609, 478.8, 5976,-18.7,-25.6,-23.0, 55, 66, 1.00,241, 7.1
2026-03-21 23:35:09, -1.7401,55.0609, 478.3, 5985,-18.8,-25.5,-23.0, 55, 67, 1.00,242, 7.0
2026-03-21 23:35:11, -1.7399,55.0610, 477.7, 5994,-18.9,-25.5,-23.0, 56, 67, 1.01,243, 6.9
2026-03-21 23:35:13, -1.7397,55.0611, 477.0, 6004,-19.0,-25.5,-23.0, 56, 68, 1.01,244, 6.9
2026-03-21 23:35:15, -1.7395,55.0612, 476.3, 6015,-19.0,-25.3,-22.9, 57, 69, 1.02,244, 6.8
2026-03-21 23:35:17, -1.7393,55.0612, 475.6, 6025,-19.1,-25.3,-22.8, 58, 69, 1.03,245, 6.7
2026-03-21 23:35:19, -1.7392,55.0612, 475.1, 6035,-19.1,-25.5,-23.0, 57, 68, 1.01,245, 6.6
2026-03-21 23:35:21, -1.7390,55.0613, 474.4, 6045,-19.1,-25.5,-23.0, 57, 69, 1.01,245, 6.6
2026-03-21 23:35:23, -1.7388,55.0613, 473.7, 6057,-19.1,-25.3,-22.9, 58, 70, 1.03,245, 6.5
2026-03-21 23:35:25, -1.7386,55.0613, 472.8, 6070,-19.2,-25.0,-22.6, 60, 72, 1.06,244, 6.4
2026-03-21 23:35:27, -1.7384,55.0614, 472.1, 6081,-19.3,-24.9,-22.4, 61, 74, 1.08,244, 6.4
2026-03-21 23:35:29, -1.7382,55.0615, 471.4, 6093,-19.4,-24.6,-22.1, 63, 77, 1.11,244, 6.3
2026-03-21 23:35:31, -1.7380,55.0615, 470.5, 6107,-19.5,-24.6,-22.2, 64, 77, 1.11,243, 6.3
2026-03-21 23:35:33, -1.7378,55.0616, 469.7, 6119,-19.6,-24.7,-22.3, 64, 77, 1.10,243, 6.2
2026-03-21 23:35:35, -1.7377,55.0616, 469.0, 6130,-19.7,-25.0,-22.5, 63, 76, 1.08,243, 6.2
2026-03-21 23:35:37, -1.7375,55.0617, 468.3, 6142,-19.8,-25.1,-22.7, 62, 76, 1.06,243, 6.1
2026-03-21 23:35:39, -1.7374,55.0617, 467.5, 6153,-19.9,-25.3,-22.9, 62, 75, 1.04,243, 6.1
2026-03-21 23:35:41, -1.7373,55.0618, 466.8, 6165,-20.0,-25.6,-23.1, 61, 74, 1.02,243, 6.1
2026-03-21 23:35:43, -1.7371,55.0619, 466.0, 6178,-20.1,-25.7,-23.2, 61, 74, 1.01,244, 6.1
2026-03-21 23:35:45, -1.7369,55.0619, 465.1, 6191,-20.2,-25.7,-23.2, 61, 75, 1.01,244, 6.1
2026-03-21 23:35:47, -1.7367,55.0620, 464.4, 6203,-20.3,-25.3,-22.8, 64, 78, 1.05,245, 6.1
2026-03-21 23:35:49, -1.7365,55.0620, 463.8, 6213,-20.4,-24.8,-22.3, 68, 83, 1.11,246, 6.1
2026-03-21 23:35:51, -1.7364,55.0620, 463.3, 6221,-20.4,-24.8,-22.3, 68, 83, 1.11,246, 6.1
2026-03-21 23:35:53, -1.7362,55.0620, 462.7, 6230,-20.5,-24.7,-22.2, 69, 85, 1.12,247, 6.1
2026-03-21 23:35:55, -1.7360,55.0621, 462.2, 6239,-20.6,-24.7,-22.3, 70, 85, 1.12,248, 6.2
2026-03-21 23:35:57, -1.7358,55.0621, 461.6, 6248,-20.7,-24.9,-22.4, 69, 84, 1.10,249, 6.2
2026-03-21 23:35:59, -1.7357,55.0622, 460.9, 6259,-20.7,-25.2,-22.7, 68, 83, 1.08,249, 6.3
2026-03-21 23:36:01, -1.7355,55.0622, 460.3, 6270,-20.8,-25.3,-22.8, 67, 82, 1.06,250, 6.3
2026-03-21 23:36:03, -1.7353,55.0622, 459.7, 6279,-20.9,-25.4,-22.9, 67, 82, 1.06,251, 6.4
2026-03-21 23:36:05, -1.7351,55.0623, 459.0, 6290,-21.0,-25.4,-22.9, 68, 83, 1.06,253, 6.4
2026-03-21 23:36:07, -1.7350,55.0623, 458.3, 6301,-21.1,-25.4,-22.9, 68, 84, 1.06,254, 6.5
2026-03-21 23:36:09, -1.7348,55.0624, 457.6, 6312,-21.1,-25.3,-22.8, 69, 85, 1.07,256, 6.5
2026-03-21 23:36:11, -1.7345,55.0624, 456.9, 6324,-21.2,-25.3,-22.8, 70, 86, 1.07,257, 6.6
2026-03-21 23:36:13, -1.7343,55.0625, 456.1, 6337,-21.4,-25.5,-23.0, 69, 85, 1.05,259, 6.7
2026-03-21 23:36:15, -1.7341,55.0625, 455.4, 6348,-21.5,-25.7,-23.2, 69, 85, 1.04,261, 6.7
2026-03-21 23:36:17, -1.7339,55.0625, 454.7, 6359,-21.5,-25.8,-23.2, 69, 85, 1.03,263, 6.8
2026-03-21 23:36:19, -1.7337,55.0625, 454.1, 6369,-21.6,-25.7,-23.2, 70, 86, 1.04,265, 7.0
2026-03-21 23:36:21, -1.7335,55.0625, 453.5, 6379,-21.7,-25.7,-23.2, 70, 87, 1.04,267, 7.1
2026-03-21 23:36:23, -1.7333,55.0625, 452.9, 6389,-21.8,-25.8,-23.3, 70, 87, 1.04,269, 7.3
2026-03-21 23:36:25, -1.7330,55.0625, 452.2, 6400,-21.8,-26.0,-23.4, 69, 86, 1.02,271, 7.4
2026-03-21 23:36:27, -1.7327,55.0625, 451.5, 6412,-21.8,-26.2,-23.6, 68, 84, 1.00,272, 7.6
2026-03-21 23:36:29, -1.7325,55.0625, 450.8, 6423,-21.9,-26.3,-23.7, 67, 83, 0.99,273, 7.8
2026-03-21 23:36:31, -1.7323,55.0625, 450.1, 6434,-22.0,-26.4,-23.8, 68, 84, 0.99,274, 8.0
2026-03-21 23:36:33, -1.7321,55.0624, 449.4, 6445,-22.1,-26.4,-23.8, 68, 84, 0.99,275, 8.2
2026-03-21 23:36:35, -1.7319,55.0624, 448.9, 6454,-22.2,-26.4,-23.8, 68, 85, 0.99,275, 8.3
2026-03-21 23:36:37, -1.7316,55.0624, 448.3, 6463,-22.2,-26.4,-23.8, 69, 86, 0.99,276, 8.5
2026-03-21 23:36:39, -1.7313,55.0624, 447.7, 6473,-22.3,-26.4,-23.9, 69, 86, 0.99,276, 8.6
2026-03-21 23:36:41, -1.7310,55.0623, 447.1, 6484,-22.4,-26.6,-24.0, 68, 85, 0.97,276, 8.7
2026-03-21 23:36:43, -1.7307,55.0623, 446.4, 6494,-22.4,-26.8,-24.2, 67, 84, 0.95,276, 8.8
2026-03-21 23:36:45, -1.7304,55.0623, 445.8, 6504,-22.5,-27.0,-24.3, 67, 84, 0.94,276, 8.9
2026-03-21 23:36:47, -1.7301,55.0623, 445.3, 6513,-22.6,-26.9,-24.3, 68, 85, 0.95,276, 9.0
2026-03-21 23:36:49, -1.7298,55.0623, 444.7, 6522,-22.6,-26.8,-24.2, 69, 86, 0.96,276, 9.1
2026-03-21 23:36:51, -1.7295,55.0623, 444.3, 6530,-22.6,-26.8,-24.2, 69, 86, 0.96,276, 9.1
2026-03-21 23:36:53, -1.7293,55.0623, 443.8, 6538,-22.7,-26.8,-24.2, 69, 86, 0.96,276, 9.2
2026-03-21 23:36:55, -1.7290,55.0623, 443.3, 6546,-22.7,-26.7,-24.1, 70, 87, 0.97,276, 9.2
2026-03-21 23:36:57, -1.7287,55.0623, 442.8, 6555,-22.8,-26.7,-24.1, 70, 88, 0.97,276, 9.2
2026-03-21 23:36:59, -1.7284,55.0622, 442.2, 6564,-22.9,-26.7,-24.1, 71, 88, 0.97,277, 9.3
2026-03-21 23:37:01, -1.7281,55.0622, 441.7, 6572,-22.9,-26.7,-24.1, 71, 89, 0.97,277, 9.3
2026-03-21 23:37:03, -1.7278,55.0622, 441.2, 6581,-23.0,-26.7,-24.1, 72, 90, 0.98,278, 9.4
2026-03-21 23:37:05, -1.7276,55.0622, 440.7, 6589,-23.1,-26.7,-24.1, 72, 90, 0.98,279, 9.4
2026-03-21 23:37:07, -1.7273,55.0622, 440.2, 6597,-23.2,-26.8,-24.2, 72, 90, 0.97,280, 9.4
2026-03-21 23:37:09, -1.7270,55.0621, 439.8, 6604,-23.2,-26.9,-24.2, 72, 90, 0.97,280, 9.5
2026-03-21 23:37:11, -1.7266,55.0621, 439.3, 6613,-23.3,-26.9,-24.3, 72, 91, 0.96,281, 9.5
2026-03-21 23:37:13, -1.7263,55.0620, 438.8, 6620,-23.3,-26.9,-24.3, 72, 91, 0.96,282, 9.5
2026-03-21 23:37:15, -1.7260,55.0620, 438.4, 6628,-23.4,-27.0,-24.4, 72, 91, 0.95,282, 9.5
2026-03-21 23:37:17, -1.7258,55.0620, 437.9, 6636,-23.5,-27.2,-24.5, 72, 90, 0.94,283, 9.4
2026-03-21 23:37:19, -1.7255,55.0619, 437.3, 6646,-23.5,-27.2,-24.6, 72, 90, 0.94,283, 9.4
2026-03-21 23:37:21, -1.7252,55.0619, 436.7, 6656,-23.6,-27.3,-24.6, 72, 90, 0.94,284, 9.3
2026-03-21 23:37:23, -1.7249,55.0618, 436.1, 6665,-23.6,-27.4,-24.8, 71, 89, 0.92,284, 9.3
2026-03-21 23:37:25, -1.7246,55.0618, 435.7, 6673,-23.7,-27.5,-24.9, 70, 89, 0.92,284, 9.2
2026-03-21 23:37:27, -1.7243,55.0617, 435.1, 6682,-23.7,-27.6,-25.0, 70, 89, 0.91,284, 9.1
2026-03-21 23:37:29, -1.7241,55.0617, 434.6, 6692,-23.8,-27.7,-25.0, 70, 89, 0.91,283, 9.0
2026-03-21 23:37:31, -1.7238,55.0617, 434.0, 6701,-23.9,-27.8,-25.1, 70, 89, 0.90,283, 8.9
2026-03-21 23:37:33, -1.7235,55.0616, 433.4, 6711,-24.0,-27.8,-25.2, 70, 89, 0.90,283, 8.8
2026-03-21 23:37:35, -1.7233,55.0616, 432.8, 6721,-24.0,-27.8,-25.2, 71, 90, 0.90,282, 8.8
2026-03-21 23:37:37, -1.7230,55.0616, 432.2, 6732,-24.1,-27.8,-25.2, 71, 90, 0.90,281, 8.7
2026-03-21 23:37:39, -1.7228,55.0615, 431.6, 6742,-24.2,-27.9,-25.2, 72, 91, 0.89,281, 8.6
2026-03-21 23:37:41, -1.7225,55.0615, 430.9, 6753,-24.3,-28.0,-25.3, 72, 91, 0.89,280, 8.6
2026-03-21 23:37:43, -1.7222,55.0615, 430.2, 6765,-24.4,-28.0,-25.3, 72, 92, 0.89,279, 8.5
2026-03-21 23:37:45, -1.7220,55.0615, 429.6, 6776,-24.5,-27.9,-25.2, 74, 93, 0.90,279, 8.5
2026-03-21 23:37:47, -1.7217,55.0615, 428.9, 6787,-24.6,-27.6,-24.9, 76, 97, 0.93,278, 8.5
2026-03-21 23:37:49, -1.7215,55.0614, 428.3, 6797,-24.7,-27.3,-24.7, 78,100, 0.95,277, 8.5
2026-03-21 23:37:51, -1.7212,55.0614, 427.7, 6808,-24.7,-27.3,-24.6, 80,101, 0.96,277, 8.4
2026-03-21 23:37:53, -1.7209,55.0614, 427.0, 6820,-24.8,-27.3,-24.7, 80,102, 0.95,277, 8.4
2026-03-21 23:37:55, -1.7206,55.0614, 426.2, 6832,-24.9,-27.5,-24.8, 79,101, 0.94,276, 8.4
2026-03-21 23:37:57, -1.7204,55.0614, 425.6, 6844,-25.0,-27.6,-24.9, 79,101, 0.93,276, 8.4
2026-03-21 23:37:59, -1.7202,55.0614, 424.9, 6856,-25.1,-27.7,-25.0, 79,101, 0.92,276, 8.4
2026-03-21 23:38:01, -1.7199,55.0613, 424.2, 6867,-25.2,-27.8,-25.1, 79,101, 0.92,276, 8.4
2026-03-21 23:38:03, -1.7196,55.0613, 423.5, 6880,-25.3,-27.8,-25.1, 80,102, 0.92,276, 8.4
2026-03-21 23:38:05, -1.7193,55.0613, 422.9, 6890,-25.4,-27.8,-25.2, 80,103, 0.92,276, 8.4
2026-03-21 23:38:07, -1.7191,55.0613, 422.3, 6900,-25.5,-27.8,-25.2, 81,103, 0.92,276, 8.3
2026-03-21 23:38:09, -1.7188,55.0613, 421.6, 6912,-25.6,-27.9,-25.2, 81,104, 0.92,276, 8.4
2026-03-21 23:38:11, -1.7186,55.0613, 420.9, 6924,-25.7,-28.1,-25.4, 80,102, 0.90,276, 8.4
2026-03-21 23:38:13, -1.7183,55.0613, 420.3, 6934,-25.7,-28.4,-25.7, 78,100, 0.87,276, 8.4
2026-03-21 23:38:15, -1.7181,55.0612, 419.8, 6943,-25.8,-28.5,-25.8, 78,100, 0.87,276, 8.4
2026-03-21 23:38:17, -1.7178,55.0612, 419.3, 6952,-25.9,-28.5,-25.8, 79,101, 0.87,276, 8.5
2026-03-21 23:38:19, -1.7176,55.0612, 418.7, 6962,-26.0,-28.7,-25.9, 78,101, 0.86,275, 8.5
2026-03-21 23:38:21, -1.7173,55.0612, 418.2, 6971,-26.0,-29.0,-26.2, 76, 99, 0.84,275, 8.6
2026-03-21 23:38:23, -1.7170,55.0612, 417.6, 6981,-26.1,-29.2,-26.4, 75, 97, 0.82,275, 8.6
2026-03-21 23:38:25, -1.7168,55.0611, 417.0, 6992,-26.1,-29.4,-26.6, 74, 95, 0.80,274, 8.7
2026-03-21 23:38:27, -1.7165,55.0611, 416.5, 7001,-26.2,-29.6,-26.8, 72, 94, 0.79,274, 8.8
2026-03-21 23:38:29, -1.7162,55.0611, 415.9, 7010,-26.2,-29.7,-26.9, 72, 93, 0.78,273, 8.8
2026-03-21 23:38:31, -1.7159,55.0611, 415.4, 7019,-26.2,-29.8,-27.0, 72, 93, 0.78,272, 8.9
2026-03-21 23:38:33, -1.7156,55.0611, 414.9, 7027,-26.3,-29.9,-27.1, 72, 93, 0.77,272, 8.9
2026-03-21 23:38:35, -1.7153,55.0611, 414.4, 7036,-26.4,-29.9,-27.1, 72, 93, 0.77,271, 8.9
2026-03-21 23:38:37, -1.7150,55.0611, 414.0, 7045,-26.4,-30.0,-27.1, 72, 93, 0.77,271, 8.9
2026-03-21 23:38:39, -1.7147,55.0611, 413.5, 7053,-26.5,-30.1,-27.2, 72, 93, 0.76,270, 8.9
2026-03-21 23:38:41, -1.7145,55.0611, 413.0, 7061,-26.6,-30.2,-27.3, 71, 93, 0.75,270, 8.9
2026-03-21 23:38:43, -1.7142,55.0611, 412.6, 7068,-26.6,-30.3,-27.4, 71, 92, 0.75,270, 8.9
2026-03-21 23:38:45, -1.7139,55.0611, 412.2, 7075,-26.7,-30.3,-27.4, 71, 93, 0.75,269, 8.9
2026-03-21 23:38:47, -1.7137,55.0611, 411.7, 7084,-26.7,-30.5,-27.6, 71, 92, 0.74,269, 8.9
2026-03-21 23:38:49, -1.7134,55.0611, 411.1, 7094,-26.8,-30.6,-27.8, 70, 91, 0.73,269, 8.9
2026-03-21 23:38:51, -1.7131,55.0611, 410.6, 7102,-26.8,-30.7,-27.8, 70, 91, 0.72,269, 8.9
2026-03-21 23:38:53, -1.7129,55.0611, 410.2, 7110,-26.9,-30.7,-27.8, 70, 91, 0.73,268, 8.9
2026-03-21 23:38:55, -1.7126,55.0611, 409.8, 7117,-26.9,-30.7,-27.8, 70, 91, 0.72,268, 8.9
2026-03-21 23:38:57, -1.7123,55.0612, 409.4, 7124,-27.0,-30.8,-27.9, 70, 91, 0.72,268, 8.9
2026-03-21 23:38:59, -1.7120,55.0612, 408.9, 7133,-27.1,-30.8,-27.9, 70, 92, 0.72,269, 8.9
2026-03-21 23:39:01, -1.7117,55.0612, 408.4, 7143,-27.1,-30.9,-28.0, 71, 92, 0.72,269, 8.9
2026-03-21 23:39:03, -1.7114,55.0611, 407.7, 7154,-27.2,-31.0,-28.1, 70, 92, 0.71,269, 8.9
2026-03-21 23:39:05, -1.7111,55.0611, 407.1, 7164,-27.3,-31.2,-28.3, 70, 91, 0.70,269, 8.9
2026-03-21 23:39:07, -1.7108,55.0612, 406.6, 7173,-27.4,-31.4,-28.4, 69, 90, 0.68,269, 8.9
2026-03-21 23:39:09, -1.7106,55.0612, 406.1, 7183,-27.5,-31.5,-28.5, 69, 90, 0.68,270, 9.0
2026-03-21 23:39:11, -1.7103,55.0612, 405.5, 7193,-27.5,-31.5,-28.6, 69, 90, 0.68,270, 9.0
2026-03-21 23:39:13, -1.7101,55.0612, 405.0, 7202,-27.6,-31.5,-28.5, 70, 91, 0.68,271, 9.0
2026-03-21 23:39:15, -1.7098,55.0612, 404.5, 7212,-27.7,-31.4,-28.5, 71, 93, 0.69,271, 9.1
2026-03-21 23:39:17, -1.7095,55.0612, 403.9, 7221,-27.8,-31.4,-28.4, 72, 94, 0.69,272, 9.1
2026-03-21 23:39:19, -1.7092,55.0612, 403.4, 7232,-27.9,-31.3,-28.3, 73, 95, 0.70,272, 9.1
2026-03-21 23:39:21, -1.7089,55.0611, 402.6, 7244,-28.0,-31.1,-28.1, 75, 99, 0.71,273, 9.2
2026-03-21 23:39:23, -1.7086,55.0611, 401.9, 7256,-28.1,-31.0,-28.1, 76,101, 0.72,273, 9.2
2026-03-21 23:39:25, -1.7083,55.0611, 401.3, 7267,-28.2,-31.0,-28.1, 77,101, 0.72,274, 9.3
2026-03-21 23:39:27, -1.7080,55.0611, 400.8, 7278,-28.3,-31.1,-28.2, 77,101, 0.71,274, 9.3
2026-03-21 23:39:29, -1.7077,55.0611, 400.2, 7288,-28.4,-31.3,-28.3, 76,101, 0.70,275, 9.4
2026-03-21 23:39:30, -1.7076,55.0611, 400.0, 7291,-28.4,-31.3,-28.4, 76,100, 0.70,275, 9.4
2026-03-21 23:39:31, -1.7074,55.0611, 399.6, 7298,-28.5,-31.5,-28.6, 75, 99, 0.69,275, 9.4
2026-03-21 23:39:33, -1.7071,55.0611, 399.1, 7307,-28.5,-31.6,-28.7, 75, 99, 0.68,276, 9.4
2026-03-21 23:39:35, -1.7068,55.0611, 398.6, 7316,-28.6,-31.7,-28.7, 75, 99, 0.68,276, 9.4
2026-03-21 23:39:37, -1.7066,55.0611, 398.1, 7325,-28.7,-31.7,-28.8, 75, 99, 0.67,277, 9.4
2026-03-21 23:39:39, -1.7063,55.0610, 397.7, 7333,-28.8,-31.8,-28.9, 75, 99, 0.67,277, 9.3
2026-03-21 23:39:41, -1.7060,55.0610, 397.2, 7342,-28.8,-31.9,-28.9, 75, 99, 0.67,277, 9.3
2026-03-21 23:39:43, -1.7057,55.0610, 396.7, 7351,-28.9,-31.9,-28.9, 75, 99, 0.67,277, 9.3
2026-03-21 23:39:45, -1.7054,55.0610, 396.2, 7359,-28.9,-32.0,-29.0, 75, 99, 0.66,278, 9.3
2026-03-21 23:39:47, -1.7051,55.0609, 395.8, 7367,-29.0,-32.1,-29.1, 74, 99, 0.65,278, 9.2
2026-03-21 23:39:49, -1.7048,55.0609, 395.4, 7375,-29.1,-32.2,-29.2, 75, 99, 0.65,278, 9.2
2026-03-21 23:39:51, -1.7045,55.0609, 394.9, 7383,-29.1,-32.1,-29.1, 75,100, 0.65,278, 9.2
2026-03-21 23:39:53, -1.7042,55.0609, 394.5, 7390,-29.2,-32.1,-29.1, 76,101, 0.66,279, 9.2
2026-03-21 23:39:55, -1.7040,55.0608, 394.1, 7398,-29.3,-32.1,-29.1, 76,101, 0.66,279, 9.2
2026-03-21 23:39:57, -1.7037,55.0608, 393.6, 7406,-29.3,-32.2,-29.2, 76,101, 0.65,279, 9.2
2026-03-21 23:39:59, -1.7034,55.0608, 393.1, 7415,-29.4,-32.4,-29.4, 75,100, 0.64,279, 9.2
2026-03-21 23:40:01, -1.7032,55.0607, 392.6, 7425,-29.4,-32.4,-29.4, 75,100, 0.64,279, 9.3
2026-03-21 23:40:03, -1.7029,55.0607, 392.0, 7435,-29.5,-32.4,-29.4, 76,101, 0.64,279, 9.4
2026-03-21 23:40:05, -1.7026,55.0607, 391.4, 7447,-29.6,-32.5,-29.5, 76,101, 0.64,279, 9.4
2026-03-21 23:40:07, -1.7023,55.0607, 390.8, 7458,-29.7,-32.8,-29.7, 74, 99, 0.62,279, 9.5
2026-03-21 23:40:09, -1.7020,55.0606, 390.2, 7469,-29.7,-33.0,-29.9, 73, 98, 0.61,279, 9.6
2026-03-21 23:40:11, -1.7018,55.0606, 389.6, 7479,-29.8,-33.1,-30.0, 73, 98, 0.61,279, 9.6
2026-03-21 23:40:13, -1.7015,55.0606, 389.1, 7489,-29.9,-33.2,-30.1, 73, 98, 0.60,279, 9.7
2026-03-21 23:40:15, -1.7012,55.0605, 388.6, 7499,-30.0,-33.3,-30.2, 72, 97, 0.59,279, 9.7
2026-03-21 23:40:17, -1.7008,55.0605, 388.0, 7508,-30.0,-33.5,-30.4, 72, 96, 0.59,278, 9.7
2026-03-21 23:40:19, -1.7005,55.0605, 387.5, 7518,-30.1,-33.5,-30.4, 72, 97, 0.58,278, 9.7
2026-03-21 23:40:21, -1.7001,55.0604, 386.9, 7528,-30.2,-33.4,-30.3, 73, 98, 0.59,278, 9.6
2026-03-21 23:40:23, -1.6998,55.0604, 386.4, 7539,-30.3,-33.3,-30.2, 75,100, 0.60,277, 9.5
2026-03-21 23:40:25, -1.6994,55.0604, 385.7, 7551,-30.3,-33.4,-30.4, 74,100, 0.59,277, 9.4
2026-03-21 23:40:27, -1.6992,55.0604, 385.1, 7562,-30.4,-33.8,-30.7, 72, 97, 0.57,276, 9.3
2026-03-21 23:40:29, -1.6989,55.0604, 384.5, 7573,-30.5,-34.0,-30.9, 71, 96, 0.56,276, 9.1
2026-03-21 23:40:31, -1.6987,55.0604, 384.0, 7583,-30.5,-34.1,-31.0, 71, 96, 0.56,275, 9.0
2026-03-21 23:40:33, -1.6984,55.0603, 383.5, 7592,-30.6,-34.1,-31.0, 71, 96, 0.56,275, 8.8
2026-03-21 23:40:35, -1.6982,55.0603, 383.0, 7602,-30.7,-34.2,-31.0, 71, 96, 0.55,275, 8.7
2026-03-21 23:40:37, -1.6979,55.0603, 382.4, 7612,-30.7,-34.4,-31.3, 70, 95, 0.54,275, 8.5
2026-03-21 23:40:39, -1.6976,55.0603, 381.9, 7622,-30.8,-34.9,-31.7, 67, 91, 0.52,275, 8.4
2026-03-21 23:40:41, -1.6973,55.0603, 381.4, 7630,-30.8,-35.1,-31.9, 66, 89, 0.51,275, 8.2
2026-03-21 23:40:43, -1.6971,55.0603, 381.0, 7638,-30.8,-35.0,-31.8, 67, 90, 0.51,275, 8.1
2026-03-21 23:40:45, -1.6969,55.0603, 380.5, 7647,-30.9,-34.8,-31.6, 69, 93, 0.52,276, 7.9
2026-03-21 23:40:47, -1.6966,55.0603, 380.0, 7656,-31.0,-34.6,-31.4, 71, 95, 0.54,276, 7.8
2026-03-21 23:40:49, -1.6964,55.0603, 379.5, 7666,-31.1,-34.6,-31.4, 71, 96, 0.54,276, 7.7
2026-03-21 23:40:51, -1.6961,55.0603, 379.0, 7675,-31.1,-34.7,-31.5, 71, 96, 0.53,277, 7.6
2026-03-21 23:40:53, -1.6959,55.0602, 378.5, 7685,-31.2,-34.9,-31.7, 70, 95, 0.52,277, 7.5
2026-03-21 23:40:55, -1.6956,55.0602, 378.0, 7695,-31.3,-35.0,-31.8, 70, 95, 0.52,277, 7.4
2026-03-21 23:40:57, -1.6954,55.0602, 377.4, 7705,-31.4,-35.1,-31.9, 70, 95, 0.51,276, 7.3
2026-03-21 23:40:59, -1.6952,55.0602, 376.9, 7715,-31.5,-35.1,-31.9, 70, 96, 0.51,276, 7.2
2026-03-21 23:41:01, -1.6950,55.0601, 376.3, 7727,-31.6,-35.1,-31.9, 71, 97, 0.52,275, 7.1
2026-03-21 23:41:03, -1.6949,55.0601, 375.6, 7740,-31.7,-35.0,-31.8, 73, 99, 0.52,274, 7.0
2026-03-21 23:41:05, -1.6947,55.0601, 374.9, 7751,-31.8,-35.0,-31.8, 74,101, 0.52,273, 6.9
2026-03-21 23:41:07, -1.6944,55.0601, 374.5, 7760,-31.9,-35.1,-31.9, 73,100, 0.52,272, 6.8
2026-03-21 23:41:09, -1.6941,55.0601, 374.0, 7769,-31.9,-35.3,-32.1, 72, 98, 0.51,271, 6.8
2026-03-21 23:41:11, -1.6939,55.0601, 373.6, 7778,-32.0,-35.5,-32.3, 71, 97, 0.50,269, 6.7
2026-03-21 23:41:13, -1.6937,55.0601, 373.1, 7787,-32.0,-35.5,-32.3, 71, 97, 0.50,268, 6.6
2026-03-21 23:41:15, -1.6935,55.0602, 372.6, 7796,-32.1,-35.6,-32.3, 72, 98, 0.50,267, 6.6
2026-03-21 23:41:17, -1.6933,55.0602, 372.0, 7807,-32.2,-35.8,-32.6, 70, 96, 0.49,266, 6.5
2026-03-21 23:41:19, -1.6931,55.0602, 371.5, 7817,-32.2,-36.1,-32.8, 69, 94, 0.47,266, 6.5
2026-03-21 23:41:21, -1.6929,55.0602, 371.0, 7827,-32.3,-36.2,-32.9, 69, 94, 0.47,265, 6.5
2026-03-21 23:41:23, -1.6927,55.0602, 370.4, 7837,-32.4,-36.0,-32.8, 70, 96, 0.48,265, 6.5
2026-03-21 23:41:25, -1.6926,55.0602, 369.9, 7848,-32.5,-35.9,-32.7, 72, 99, 0.48,265, 6.4
2026-03-21 23:41:27, -1.6924,55.0602, 369.2, 7860,-32.6,-35.9,-32.6, 73,100, 0.49,265, 6.4
2026-03-21 23:41:29, -1.6922,55.0602, 368.7, 7871,-32.7,-35.9,-32.6, 73,101, 0.49,266, 6.4
2026-03-21 23:41:31, -1.6920,55.0602, 368.1, 7882,-32.8,-35.9,-32.6, 74,102, 0.49,266, 6.4
2026-03-21 23:41:33, -1.6918,55.0602, 367.5, 7893,-32.9,-35.9,-32.7, 75,103, 0.49,266, 6.4
2026-03-21 23:41:35, -1.6915,55.0603, 366.8, 7906,-33.1,-36.1,-32.8, 74,103, 0.48,266, 6.4
2026-03-21 23:41:37, -1.6913,55.0603, 366.2, 7919,-33.2,-36.3,-33.0, 74,102, 0.47,266, 6.4
2026-03-21 23:41:39, -1.6911,55.0603, 365.5, 7932,-33.3,-36.6,-33.3, 72,100, 0.46,266, 6.4
2026-03-21 23:41:41, -1.6909,55.0603, 364.9, 7943,-33.4,-36.8,-33.5, 71, 99, 0.45,266, 6.4
2026-03-21 23:41:43, -1.6907,55.0603, 364.4, 7953,-33.5,-36.9,-33.6, 71, 98, 0.44,266, 6.4
2026-03-21 23:41:45, -1.6905,55.0603, 363.8, 7964,-33.6,-37.0,-33.7, 71, 99, 0.44,266, 6.5
2026-03-21 23:41:47, -1.6904,55.0603, 363.3, 7973,-33.6,-37.0,-33.7, 71, 99, 0.44,266, 6.5
2026-03-21 23:41:49, -1.6902,55.0603, 362.8, 7983,-33.7,-37.1,-33.8, 72,100, 0.44,266, 6.5
2026-03-21 23:41:51, -1.6900,55.0603, 362.4, 7992,-33.8,-37.2,-33.8, 72,100, 0.44,266, 6.5
2026-03-21 23:41:53, -1.6897,55.0603, 361.9, 8001,-33.9,-37.2,-33.9, 72,100, 0.43,266, 6.5
2026-03-21 23:41:55, -1.6895,55.0603, 361.4, 8010,-34.0,-37.2,-33.9, 72,101, 0.43,266, 6.5
2026-03-21 23:41:57, -1.6893,55.0603, 360.9, 8020,-34.1,-37.3,-34.0, 72,101, 0.43,266, 6.5
2026-03-21 23:41:59, -1.6891,55.0603, 360.4, 8030,-34.2,-37.5,-34.1, 72,100, 0.42,266, 6.5
2026-03-21 23:42:01, -1.6889,55.0604, 359.8, 8041,-34.2,-37.6,-34.3, 71,100, 0.42,266, 6.5
2026-03-21 23:42:03, -1.6887,55.0604, 359.3, 8052,-34.3,-37.7,-34.3, 71,100, 0.42,266, 6.5
2026-03-21 23:42:05, -1.6885,55.0604, 358.8, 8061,-34.4,-37.7,-34.4, 72,101, 0.42,266, 6.4
2026-03-21 23:42:07, -1.6883,55.0604, 358.3, 8071,-34.5,-37.8,-34.4, 72,101, 0.41,266, 6.3
2026-03-21 23:42:09, -1.6880,55.0604, 357.8, 8081,-34.6,-37.8,-34.4, 73,102, 0.41,265, 6.2
2026-03-21 23:42:11, -1.6878,55.0604, 357.2, 8092,-34.7,-37.9,-34.5, 73,103, 0.41,265, 6.0
2026-03-21 23:42:13, -1.6876,55.0604, 356.7, 8103,-34.8,-38.0,-34.6, 73,102, 0.41,265, 5.9
2026-03-21 23:42:15, -1.6874,55.0604, 356.1, 8113,-34.9,-38.2,-34.9, 72,101, 0.40,264, 5.8
2026-03-21 23:42:17, -1.6873,55.0604, 355.6, 8123,-35.0,-38.5,-35.1, 70, 98, 0.39,264, 5.6
2026-03-21 23:42:19, -1.6872,55.0604, 355.1, 8134,-35.1,-38.9,-35.5, 68, 95, 0.37,264, 5.5
2026-03-21 23:42:21, -1.6870,55.0604, 354.5, 8145,-35.1,-39.3,-35.9, 65, 92, 0.36,263, 5.3
2026-03-21 23:42:23, -1.6869,55.0604, 353.9, 8156,-35.2,-39.8,-36.3, 63, 89, 0.34,263, 5.2
2026-03-21 23:42:25, -1.6867,55.0605, 353.4, 8166,-35.3,-40.3,-36.8, 60, 85, 0.33,262, 5.1
2026-03-21 23:42:27, -1.6866,55.0605, 352.9, 8177,-35.3,-40.7,-37.1, 58, 82, 0.31,262, 5.0
2026-03-21 23:42:29, -1.6864,55.0605, 352.4, 8187,-35.4,-40.9,-37.4, 57, 80, 0.30,262, 5.0
2026-03-21 23:42:31, -1.6863,55.0606, 351.8, 8198,-35.4,-41.1,-37.5, 56, 79, 0.30,262, 4.9
2026-03-21 23:42:33, -1.6861,55.0606, 351.3, 8209,-35.5,-41.2,-37.6, 56, 80, 0.30,262, 4.9
2026-03-21 23:42:35, -1.6859,55.0605, 350.7, 8220,-35.6,-41.1,-37.6, 57, 81, 0.30,262, 4.9
2026-03-21 23:42:37, -1.6858,55.0605, 350.1, 8232,-35.7,-41.1,-37.6, 57, 81, 0.30,262, 4.9
2026-03-21 23:42:39, -1.6856,55.0605, 349.5, 8243,-35.8,-41.2,-37.7, 58, 82, 0.30,262, 4.9
2026-03-21 23:42:41, -1.6855,55.0606, 349.0, 8254,-35.9,-41.4,-37.8, 57, 81, 0.29,263, 5.0
2026-03-21 23:42:43, -1.6853,55.0606, 348.4, 8265,-36.0,-41.5,-37.9, 57, 81, 0.29,263, 5.0
2026-03-21 23:42:45, -1.6852,55.0606, 347.8, 8277,-36.1,-41.6,-38.0, 57, 81, 0.29,264, 5.1
2026-03-21 23:42:47, -1.6851,55.0606, 347.3, 8288,-36.2,-41.7,-38.1, 57, 81, 0.28,265, 5.2
2026-03-21 23:42:49, -1.6850,55.0606, 346.8, 8297,-36.3,-41.8,-38.2, 57, 81, 0.28,265, 5.3
2026-03-21 23:42:51, -1.6848,55.0606, 346.3, 8307,-36.4,-41.8,-38.2, 57, 82, 0.28,266, 5.5
2026-03-21 23:42:53, -1.6847,55.0606, 345.8, 8317,-36.5,-41.8,-38.2, 58, 83, 0.28,267, 5.6
2026-03-21 23:42:55, -1.6845,55.0607, 345.3, 8328,-36.6,-41.8,-38.2, 58, 83, 0.28,268, 5.7
2026-03-21 23:42:57, -1.6842,55.0607, 344.8, 8338,-36.7,-41.8,-38.2, 59, 84, 0.28,269, 5.9
2026-03-21 23:42:59, -1.6840,55.0607, 344.2, 8350,-36.8,-41.8,-38.2, 59, 85, 0.28,270, 6.0
2026-03-21 23:43:01, -1.6838,55.0606, 343.7, 8360,-36.9,-41.9,-38.3, 59, 85, 0.28,271, 6.1
2026-03-21 23:43:03, -1.6836,55.0606, 343.2, 8371,-36.9,-42.0,-38.4, 59, 85, 0.28,272, 6.2
2026-03-21 23:43:05, -1.6834,55.0606, 342.7, 8381,-37.0,-42.1,-38.5, 59, 85, 0.28,273, 6.3
2026-03-21 23:43:07, -1.6832,55.0606, 342.2, 8390,-37.1,-42.2,-38.5, 60, 86, 0.28,274, 6.3
2026-03-21 23:43:09, -1.6830,55.0606, 341.7, 8400,-37.2,-42.2,-38.5, 60, 86, 0.28,274, 6.4
2026-03-21 23:43:11, -1.6828,55.0606, 341.3, 8408,-37.3,-42.1,-38.5, 61, 87, 0.28,275, 6.4
2026-03-21 23:43:13, -1.6826,55.0606, 340.8, 8417,-37.4,-42.1,-38.5, 61, 88, 0.28,276, 6.3
2026-03-21 23:43:15, -1.6824,55.0605, 340.4, 8427,-37.4,-42.3,-38.6, 61, 88, 0.27,276, 6.3
2026-03-21 23:43:17, -1.6822,55.0605, 339.8, 8439,-37.5,-42.4,-38.8, 60, 87, 0.27,277, 6.3
2026-03-21 23:43:19, -1.6820,55.0605, 339.2, 8450,-37.6,-42.5,-38.8, 61, 87, 0.27,277, 6.2
2026-03-21 23:43:21, -1.6818,55.0605, 338.7, 8461,-37.7,-42.5,-38.9, 61, 88, 0.27,278, 6.1
2026-03-21 23:43:23, -1.6816,55.0605, 338.2, 8471,-37.8,-42.6,-39.0, 61, 88, 0.27,278, 6.0
2026-03-21 23:43:25, -1.6814,55.0605, 337.8, 8480,-37.9,-42.7,-39.1, 61, 88, 0.26,279, 5.9
2026-03-21 23:43:27, -1.6813,55.0605, 337.3, 8489,-38.0,-42.8,-39.2, 61, 88, 0.26,280, 5.8
2026-03-21 23:43:29, -1.6811,55.0605, 336.9, 8498,-38.0,-43.0,-39.3, 60, 87, 0.26,281, 5.7
2026-03-21 23:43:31, -1.6809,55.0605, 336.5, 8507,-38.1,-43.2,-39.5, 59, 86, 0.25,282, 5.6
2026-03-21 23:43:33, -1.6807,55.0605, 335.9, 8517,-38.2,-43.2,-39.6, 59, 86, 0.25,283, 5.5
2026-03-21 23:43:35, -1.6805,55.0605, 335.4, 8528,-38.3,-43.3,-39.7, 59, 86, 0.25,284, 5.4
2026-03-21 23:43:37, -1.6804,55.0604, 334.9, 8540,-38.4,-43.6,-39.9, 58, 84, 0.24,285, 5.2
2026-03-21 23:43:39, -1.6802,55.0604, 334.4, 8550,-38.4,-44.0,-40.2, 56, 82, 0.23,286, 5.1
2026-03-21 23:43:41, -1.6800,55.0603, 333.8, 8561,-38.5,-44.4,-40.7, 54, 78, 0.22,286, 4.9
2026-03-21 23:43:43, -1.6799,55.0602, 333.3, 8572,-38.5,-44.9,-41.1, 51, 74, 0.21,287, 4.7
2026-03-21 23:43:45, -1.6798,55.0602, 332.8, 8582,-38.6,-45.2,-41.4, 50, 72, 0.20,287, 4.6
2026-03-21 23:43:47, -1.6797,55.0602, 332.3, 8592,-38.6,-45.3,-41.5, 50, 72, 0.20,287, 4.4
2026-03-21 23:43:49, -1.6796,55.0602, 331.9, 8601,-38.7,-45.3,-41.5, 50, 73, 0.20,287, 4.2
2026-03-21 23:43:51, -1.6794,55.0602, 331.5, 8610,-38.8,-45.3,-41.5, 50, 74, 0.20,286, 4.0
2026-03-21 23:43:53, -1.6793,55.0602, 331.0, 8619,-38.9,-45.4,-41.6, 50, 73, 0.20,285, 3.8
2026-03-21 23:43:55, -1.6792,55.0602, 330.6, 8628,-38.9,-45.6,-41.8, 49, 72, 0.20,284, 3.7
2026-03-21 23:43:57, -1.6791,55.0601, 330.2, 8637,-38.9,-45.8,-42.0, 48, 70, 0.19,283, 3.5
2026-03-21 23:43:59, -1.6790,55.0601, 329.7, 8646,-38.9,-46.1,-42.3, 47, 68, 0.19,281, 3.4
2026-03-21 23:44:01, -1.6789,55.0601, 329.3, 8655,-38.9,-46.2,-42.3, 46, 68, 0.19,280, 3.3
2026-03-21 23:44:03, -1.6788,55.0601, 328.8, 8664,-39.0,-46.1,-42.3, 47, 69, 0.19,278, 3.2
2026-03-21 23:44:05, -1.6788,55.0601, 328.4, 8674,-39.1,-46.1,-42.2, 48, 70, 0.19,277, 3.2
2026-03-21 23:44:07, -1.6787,55.0601, 327.9, 8685,-39.2,-46.1,-42.2, 48, 70, 0.19,275, 3.1
2026-03-21 23:44:09, -1.6786,55.0601, 327.3, 8696,-39.3,-46.1,-42.3, 48, 71, 0.19,274, 3.1
2026-03-21 23:44:11, -1.6785,55.0601, 326.9, 8706,-39.3,-46.2,-42.4, 48, 71, 0.19,273, 3.1
2026-03-21 23:44:13, -1.6784,55.0601, 326.4, 8716,-39.4,-46.2,-42.4, 49, 72, 0.19,272, 3.1
2026-03-21 23:44:15, -1.6783,55.0601, 325.9, 8727,-39.5,-46.2,-42.4, 49, 73, 0.19,272, 3.1
2026-03-21 23:44:17, -1.6782,55.0601, 325.4, 8737,-39.6,-46.2,-42.3, 50, 74, 0.19,271, 3.1
2026-03-21 23:44:19, -1.6781,55.0601, 324.8, 8748,-39.7,-46.1,-42.3, 51, 75, 0.19,271, 3.1
2026-03-21 23:44:21, -1.6780,55.0601, 324.4, 8758,-39.8,-46.1,-42.3, 51, 76, 0.19,271, 3.0
2026-03-21 23:44:23, -1.6778,55.0601, 323.8, 8770,-39.9,-46.1,-42.3, 52, 77, 0.19,272, 3.0
2026-03-21 23:44:25, -1.6777,55.0601, 323.3, 8781,-40.0,-46.1,-42.2, 53, 78, 0.19,272, 2.9
2026-03-21 23:44:27, -1.6776,55.0601, 322.7, 8793,-40.1,-46.0,-42.2, 53, 79, 0.19,273, 2.8
2026-03-21 23:44:29, -1.6776,55.0601, 322.1, 8806,-40.3,-46.0,-42.2, 54, 80, 0.19,274, 2.7
2026-03-21 23:44:31, -1.6775,55.0601, 321.6, 8817,-40.4,-46.1,-42.3, 54, 81, 0.19,275, 2.6
2026-03-21 23:44:33, -1.6774,55.0601, 321.1, 8827,-40.5,-46.1,-42.3, 55, 81, 0.19,276, 2.5
2026-03-21 23:44:35, -1.6773,55.0601, 320.6, 8837,-40.6,-46.2,-42.4, 55, 81, 0.19,278, 2.4
2026-03-21 23:44:37, -1.6772,55.0601, 320.1, 8847,-40.7,-46.4,-42.5, 54, 81, 0.19,280, 2.3
2026-03-21 23:44:39, -1.6771,55.0601, 319.7, 8857,-40.7,-46.6,-42.7, 54, 80, 0.18,282, 2.2
2026-03-21 23:44:41, -1.6771,55.0601, 319.2, 8867,-40.8,-46.7,-42.9, 53, 79, 0.18,284, 2.1
2026-03-21 23:44:43, -1.6771,55.0601, 318.8, 8876,-40.9,-46.8,-43.0, 53, 79, 0.18,285, 2.1
2026-03-21 23:44:45, -1.6771,55.0601, 318.3, 8886,-41.0,-47.1,-43.2, 52, 78, 0.17,286, 2.0
2026-03-21 23:44:47, -1.6771,55.0600, 317.8, 8896,-41.1,-47.5,-43.6, 50, 75, 0.17,287, 2.0
2026-03-21 23:44:49, -1.6770,55.0600, 317.4, 8905,-41.1,-48.0,-44.1, 48, 71, 0.16,287, 1.9
2026-03-21 23:44:51, -1.6769,55.0600, 316.9, 8916,-41.2,-48.2,-44.2, 47, 71, 0.15,287, 1.9
2026-03-21 23:44:53, -1.6768,55.0600, 316.4, 8927,-41.3,-48.1,-44.2, 48, 72, 0.16,287, 1.9
2026-03-21 23:44:55, -1.6767,55.0600, 315.9, 8938,-41.5,-48.1,-44.1, 49, 73, 0.16,286, 1.8
2026-03-21 23:44:57, -1.6767,55.0600, 315.3, 8950,-41.6,-48.2,-44.2, 49, 73, 0.16,285, 1.8
2026-03-21 23:44:59, -1.6766,55.0600, 314.8, 8961,-41.7,-48.3,-44.4, 49, 73, 0.15,284, 1.8
2026-03-21 23:45:01, -1.6766,55.0599, 314.3, 8972,-41.8,-48.4,-44.5, 49, 73, 0.15,284, 1.7
2026-03-21 23:45:03, -1.6765,55.0599, 313.7, 8984,-41.9,-48.6,-44.6, 48, 73, 0.15,283, 1.7
2026-03-21 23:45:05, -1.6764,55.0600, 313.2, 8997,-42.0,-48.8,-44.9, 47, 72, 0.15,283, 1.6
2026-03-21 23:45:07, -1.6764,55.0599, 312.7, 9008,-42.1,-49.2,-45.2, 46, 70, 0.14,284, 1.6
2026-03-21 23:45:09, -1.6763,55.0599, 312.2, 9017,-42.2,-49.4,-45.4, 45, 69, 0.14,286, 1.6
2026-03-21 23:45:11, -1.6763,55.0599, 311.8, 9026,-42.3,-49.4,-45.5, 46, 69, 0.14,288, 1.6
2026-03-21 23:45:13, -1.6764,55.0599, 311.4, 9035,-42.4,-49.4,-45.4, 46, 70, 0.14,290, 1.5
2026-03-21 23:45:15, -1.6764,55.0599, 310.9, 9045,-42.5,-49.5,-45.6, 46, 70, 0.13,293, 1.5
2026-03-21 23:45:17, -1.6763,55.0600, 310.4, 9057,-42.6,-49.9,-45.9, 45, 67, 0.13,296, 1.5
2026-03-21 23:45:19, -1.6762,55.0599, 309.9, 9069,-42.7,-50.3,-46.3, 43, 65, 0.12,299, 1.6
2026-03-21 23:45:21, -1.6761,55.0599, 309.3, 9080,-42.8,-50.6,-46.5, 42, 64, 0.12,301, 1.6
2026-03-21 23:45:23, -1.6761,55.0599, 308.8, 9092,-42.9,-50.6,-46.6, 43, 65, 0.12,303, 1.6
2026-03-21 23:45:25, -1.6761,55.0598, 308.3, 9103,-43.0,-50.5,-46.5, 44, 66, 0.12,304, 1.6
2026-03-21 23:45:27, -1.6761,55.0598, 307.9, 9112,-43.1,-50.5,-46.5, 44, 67, 0.12,304, 1.5
2026-03-21 23:45:29, -1.6760,55.0598, 307.4, 9122,-43.2,-50.5,-46.5, 45, 68, 0.12,304, 1.5
2026-03-21 23:45:31, -1.6759,55.0597, 307.0, 9132,-43.3,-50.5,-46.5, 45, 69, 0.12,303, 1.5
2026-03-21 23:45:33, -1.6759,55.0597, 306.5, 9141,-43.4,-50.5,-46.5, 45, 69, 0.12,302, 1.4
2026-03-21 23:45:35, -1.6758,55.0597, 306.1, 9151,-43.5,-50.5,-46.5, 46, 70, 0.12,300, 1.4
2026-03-21 23:45:37, -1.6758,55.0597, 305.7, 9160,-43.6,-50.5,-46.5, 46, 71, 0.12,297, 1.4
2026-03-21 23:45:39, -1.6758,55.0597, 305.2, 9170,-43.7,-50.5,-46.5, 47, 72, 0.12,295, 1.4
2026-03-21 23:45:41, -1.6758,55.0597, 304.7, 9181,-43.8,-50.5,-46.5, 47, 72, 0.12,292, 1.4
2026-03-21 23:45:43, -1.6758,55.0597, 304.2, 9193,-43.9,-50.6,-46.5, 48, 73, 0.12,291, 1.4
2026-03-21 23:45:45, -1.6757,55.0597, 303.6, 9205,-44.0,-50.6,-46.6, 48, 73, 0.12,290, 1.4
2026-03-21 23:45:47, -1.6757,55.0597, 303.2, 9216,-44.1,-50.7,-46.6, 48, 74, 0.12,290, 1.5
2026-03-21 23:45:49, -1.6756,55.0597, 302.7, 9227,-44.2,-50.6,-46.6, 49, 75, 0.12,290, 1.5
2026-03-21 23:45:51, -1.6756,55.0597, 302.2, 9237,-44.3,-50.5,-46.4, 50, 78, 0.13,292, 1.6
2026-03-21 23:45:53, -1.6755,55.0597, 301.7, 9249,-44.4,-50.2,-46.2, 53, 81, 0.13,293, 1.7
2026-03-21 23:45:55, -1.6755,55.0597, 301.1, 9261,-44.5,-49.8,-45.8, 56, 86, 0.13,295, 1.8
2026-03-21 23:45:57, -1.6754,55.0597, 300.6, 9272,-44.6,-49.6,-45.6, 58, 90, 0.14,297, 1.9
2026-03-21 23:45:59, -1.6753,55.0596, 300.1, 9284,-44.8,-49.5,-45.5, 59, 91, 0.14,299, 2.0
2026-03-21 23:45:59, -1.6753,55.0596, 300.0, 9286,-44.8,-49.6,-45.6, 59, 91, 0.14,301, 2.1
2026-03-21 23:46:01, -1.6752,55.0596, 299.6, 9295,-44.9,-49.7,-45.7, 58, 90, 0.14,301, 2.1
2026-03-21 23:46:03, -1.6752,55.0596, 299.1, 9305,-44.9,-50.0,-46.0, 57, 88, 0.13,302, 2.2
2026-03-21 23:46:05, -1.6752,55.0596, 298.7, 9315,-45.1,-50.3,-46.3, 56, 86, 0.13,303, 2.3
2026-03-21 23:46:07, -1.6752,55.0596, 298.3, 9325,-45.1,-50.5,-46.5, 55, 85, 0.13,304, 2.4
2026-03-21 23:46:09, -1.6751,55.0596, 297.9, 9334,-45.2,-50.6,-46.6, 55, 85, 0.12,305, 2.4
2026-03-21 23:46:11, -1.6750,55.0595, 297.4, 9343,-45.3,-50.7,-46.6, 55, 86, 0.12,305, 2.5
2026-03-21 23:46:13, -1.6749,55.0595, 297.0, 9353,-45.4,-50.7,-46.6, 56, 86, 0.12,304, 2.5
2026-03-21 23:46:15, -1.6749,55.0595, 296.6, 9362,-45.5,-50.6,-46.6, 56, 87, 0.12,304, 2.5
2026-03-21 23:46:17, -1.6748,55.0594, 296.2, 9371,-45.6,-50.6,-46.6, 57, 88, 0.13,303, 2.5
2026-03-21 23:46:19, -1.6747,55.0594, 295.8, 9379,-45.6,-50.6,-46.6, 57, 89, 0.13,302, 2.5
2026-03-21 23:46:21, -1.6746,55.0593, 295.5, 9388,-45.7,-50.7,-46.6, 58, 90, 0.12,301, 2.6
2026-03-21 23:46:23, -1.6745,55.0593, 295.1, 9396,-45.8,-50.7,-46.6, 58, 91, 0.13,300, 2.6
2026-03-21 23:46:25, -1.6745,55.0593, 294.7, 9406,-45.9,-50.6,-46.6, 59, 92, 0.13,299, 2.6
2026-03-21 23:46:27, -1.6745,55.0593, 294.2, 9416,-46.0,-50.6,-46.6, 59, 93, 0.13,298, 2.6
2026-03-21 23:46:29, -1.6744,55.0593, 293.8, 9426,-46.1,-50.6,-46.6, 60, 94, 0.13,298, 2.7
2026-03-21 23:46:31, -1.6743,55.0592, 293.3, 9437,-46.2,-50.6,-46.6, 61, 95, 0.13,298, 2.7
2026-03-21 23:46:33, -1.6742,55.0592, 292.8, 9448,-46.3,-50.6,-46.6, 61, 96, 0.13,298, 2.8
2026-03-21 23:46:35, -1.6741,55.0592, 292.3, 9459,-46.3,-50.7,-46.6, 62, 97, 0.13,298, 3.0
2026-03-21 23:46:37, -1.6740,55.0592, 291.8, 9471,-46.4,-50.7,-46.7, 62, 97, 0.13,299, 3.1
2026-03-21 23:46:39, -1.6740,55.0593, 291.3, 9483,-46.6,-50.9,-46.8, 62, 97, 0.12,299, 3.3
2026-03-21 23:46:41, -1.6740,55.0592, 290.7, 9495,-46.7,-51.1,-47.0, 61, 96, 0.12,299, 3.5
2026-03-21 23:46:43, -1.6739,55.0592, 290.1, 9508,-46.8,-51.4,-47.3, 60, 94, 0.12,299, 3.7
2026-03-21 23:46:45, -1.6738,55.0591, 289.7, 9519,-46.8,-51.7,-47.6, 58, 91, 0.11,299, 3.9
2026-03-21 23:46:47, -1.6737,55.0590, 289.3, 9528,-46.9,-52.1,-48.0, 56, 88, 0.11,299, 4.1
2026-03-21 23:46:49, -1.6736,55.0589, 288.9, 9537,-46.9,-52.3,-48.2, 54, 86, 0.11,298, 4.3
2026-03-21 23:46:51, -1.6734,55.0589, 288.4, 9547,-47.0,-52.4,-48.3, 54, 85, 0.10,297, 4.5
2026-03-21 23:46:53, -1.6732,55.0589, 288.0, 9557,-47.0,-52.5,-48.3, 54, 85, 0.10,297, 4.7
2026-03-21 23:46:55, -1.6730,55.0589, 287.6, 9567,-47.1,-52.5,-48.3, 55, 86, 0.10,296, 4.8
2026-03-21 23:46:57, -1.6729,55.0588, 287.1, 9578,-47.2,-52.4,-48.3, 55, 87, 0.10,295, 4.9
2026-03-21 23:46:59, -1.6727,55.0588, 286.6, 9588,-47.3,-52.4,-48.3, 56, 88, 0.10,294, 5.0
2026-03-21 23:47:01, -1.6726,55.0588, 286.2, 9598,-47.4,-52.4,-48.3, 56, 89, 0.11,294, 5.1
2026-03-21 23:47:03, -1.6725,55.0588, 285.8, 9608,-47.5,-52.5,-48.4, 57, 90, 0.10,294, 5.2
2026-03-21 23:47:05, -1.6723,55.0587, 285.4, 9618,-47.6,-52.5,-48.4, 57, 90, 0.10,293, 5.3
2026-03-21 23:47:07, -1.6722,55.0587, 285.0, 9628,-47.6,-52.6,-48.5, 57, 90, 0.10,294, 5.4
2026-03-21 23:47:09, -1.6720,55.0586, 284.5, 9637,-47.7,-52.7,-48.6, 56, 90, 0.10,294, 5.6
2026-03-21 23:47:11, -1.6719,55.0586, 284.1, 9647,-47.7,-52.8,-48.6, 56, 90, 0.10,295, 5.7
2026-03-21 23:47:13, -1.6717,55.0586, 283.7, 9657,-47.8,-52.8,-48.7, 56, 90, 0.10,295, 5.9
2026-03-21 23:47:15, -1.6716,55.0585, 283.2, 9668,-47.9,-52.9,-48.8, 56, 90, 0.10,296, 6.1
2026-03-21 23:47:17, -1.6714,55.0585, 282.7, 9679,-48.0,-53.0,-48.9, 56, 90, 0.10,297, 6.3
2026-03-21 23:47:19, -1.6712,55.0584, 282.3, 9690,-48.1,-53.1,-49.0, 56, 90, 0.10,298, 6.6
2026-03-21 23:47:21, -1.6710,55.0584, 281.7, 9704,-48.2,-53.3,-49.2, 55, 89, 0.10,298, 6.8
2026-03-21 23:47:23, -1.6708,55.0584, 281.1, 9717,-48.3,-53.6,-49.4, 55, 87, 0.09,299, 7.1
2026-03-21 23:47:25, -1.6706,55.0583, 280.6, 9729,-48.4,-53.8,-49.6, 54, 86, 0.09,300, 7.3
2026-03-21 23:47:27, -1.6704,55.0581, 280.2, 9740,-48.4,-54.0,-49.8, 53, 84, 0.09,300, 7.6
2026-03-21 23:47:29, -1.6702,55.0581, 279.7, 9751,-48.5,-54.1,-49.9, 52, 84, 0.09,300, 7.9
2026-03-21 23:47:31, -1.6700,55.0580, 279.2, 9763,-48.6,-54.2,-50.0, 52, 84, 0.09,301, 8.1
2026-03-21 23:47:33, -1.6698,55.0580, 278.7, 9773,-48.7,-54.2,-50.1, 53, 85, 0.09,301, 8.4
2026-03-21 23:47:35, -1.6695,55.0579, 278.3, 9782,-48.8,-54.2,-50.1, 53, 86, 0.09,301, 8.6
2026-03-21 23:47:37, -1.6693,55.0578, 277.9, 9792,-48.8,-54.3,-50.1, 53, 86, 0.09,301, 8.8
2026-03-21 23:47:39, -1.6691,55.0576, 277.4, 9803,-48.9,-54.3,-50.1, 53, 86, 0.09,302, 9.0
2026-03-21 23:47:41, -1.6688,55.0575, 276.9, 9815,-49.0,-54.4,-50.3, 53, 86, 0.09,302, 9.2
2026-03-21 23:47:43, -1.6686,55.0575, 276.5, 9826,-49.1,-54.6,-50.4, 53, 85, 0.08,302, 9.4
2026-03-21 23:47:45, -1.6683,55.0574, 276.1, 9836,-49.2,-54.8,-50.6, 52, 84, 0.08,302, 9.5
2026-03-21 23:47:47, -1.6680,55.0574, 275.6, 9846,-49.2,-55.0,-50.8, 51, 82, 0.08,302, 9.7
2026-03-21 23:47:49, -1.6677,55.0573, 275.2, 9856,-49.3,-55.3,-51.1, 50, 80, 0.08,302, 9.8
2026-03-21 23:47:51, -1.6675,55.0572, 274.8, 9865,-49.3,-55.5,-51.3, 48, 78, 0.08,301, 9.9
2026-03-21 23:47:53, -1.6672,55.0571, 274.5, 9874,-49.3,-55.7,-51.4, 48, 77, 0.07,301,10.0
2026-03-21 23:47:55, -1.6670,55.0569, 274.1, 9882,-49.4,-55.8,-51.6, 47, 76, 0.07,301,10.0
2026-03-21 23:47:57, -1.6668,55.0568, 273.8, 9891,-49.4,-55.9,-51.6, 47, 76, 0.07,300,10.1
2026-03-21 23:47:59, -1.6665,55.0567, 273.4, 9900,-49.4,-55.9,-51.6, 47, 76, 0.07,300,10.1
2026-03-21 23:48:01, -1.6662,55.0566, 273.0, 9909,-49.5,-55.9,-51.7, 47, 76, 0.07,299,10.1
2026-03-21 23:48:03, -1.6658,55.0565, 272.6, 9918,-49.5,-55.9,-51.7, 47, 76, 0.07,299,10.1
2026-03-21 23:48:05, -1.6656,55.0565, 272.3, 9927,-49.5,-56.0,-51.7, 47, 76, 0.07,298,10.1
2026-03-21 23:48:07, -1.6653,55.0564, 271.9, 9935,-49.5,-56.0,-51.8, 47, 76, 0.07,297,10.1
2026-03-21 23:48:09, -1.6650,55.0563, 271.6, 9943,-49.5,-56.1,-51.9, 46, 75, 0.07,297,10.1
2026-03-21 23:48:11, -1.6648,55.0563, 271.2, 9953,-49.5,-56.2,-52.0, 46, 74, 0.07,296,10.1
2026-03-21 23:48:13, -1.6645,55.0562, 270.8, 9963,-49.6,-56.3,-52.1, 45, 73, 0.07,296,10.1
2026-03-21 23:48:15, -1.6642,55.0561, 270.4, 9973,-49.6,-56.4,-52.2, 45, 73, 0.07,296,10.0
2026-03-21 23:48:17, -1.6638,55.0560, 270.0, 9981,-49.7,-56.5,-52.3, 45, 73, 0.07,296,10.0
2026-03-21 23:48:19, -1.6635,55.0559, 269.6, 9990,-49.8,-56.6,-52.4, 45, 72, 0.07,296,10.0
2026-03-21 23:48:21, -1.6633,55.0559, 269.3, 9999,-49.8,-56.7,-52.5, 44, 72, 0.07,296, 9.9
2026-03-21 23:48:23, -1.6630,55.0558, 268.9,10008,-49.9,-56.8,-52.6, 44, 72, 0.07,296, 9.9
2026-03-21 23:48:25, -1.6627,55.0557, 268.6,10016,-49.9,-56.9,-52.7, 44, 71, 0.07,297, 9.8
2026-03-21 23:48:27, -1.6625,55.0556, 268.2,10025,-50.0,-57.0,-52.7, 44, 71, 0.06,297, 9.8
2026-03-21 23:48:29, -1.6622,55.0555, 267.8,10034,-50.1,-57.1,-52.8, 44, 71, 0.06,298, 9.7
2026-03-21 23:48:31, -1.6619,55.0554, 267.4,10044,-50.2,-57.2,-52.9, 44, 71, 0.06,299, 9.7
2026-03-21 23:48:33, -1.6616,55.0554, 267.1,10052,-50.2,-57.2,-52.9, 44, 72, 0.06,300, 9.7
2026-03-21 23:48:35, -1.6614,55.0553, 266.7,10061,-50.3,-57.2,-52.9, 44, 72, 0.06,300, 9.7
2026-03-21 23:48:37, -1.6611,55.0552, 266.4,10070,-50.4,-57.2,-52.9, 45, 73, 0.06,301, 9.7
2026-03-21 23:48:39, -1.6609,55.0551, 266.0,10079,-50.5,-57.2,-52.9, 45, 74, 0.06,302, 9.7
2026-03-21 23:48:41, -1.6606,55.0551, 265.7,10087,-50.5,-57.2,-52.9, 46, 74, 0.06,303, 9.7
2026-03-21 23:48:43, -1.6604,55.0549, 265.3,10096,-50.6,-57.1,-52.8, 46, 76, 0.06,303, 9.7
2026-03-21 23:48:45, -1.6602,55.0548, 264.9,10106,-50.7,-57.1,-52.8, 47, 77, 0.07,304, 9.8
2026-03-21 23:48:47, -1.6599,55.0547, 264.5,10116,-50.8,-57.0,-52.7, 48, 78, 0.07,304, 9.8
2026-03-21 23:48:49, -1.6597,55.0546, 264.1,10126,-50.8,-56.9,-52.6, 49, 80, 0.07,305, 9.8
2026-03-21 23:48:51, -1.6594,55.0545, 263.7,10135,-50.8,-56.7,-52.5, 50, 82, 0.07,305, 9.8
2026-03-21 23:48:53, -1.6592,55.0544, 263.4,10144,-50.9,-56.7,-52.4, 51, 83, 0.07,305, 9.8
2026-03-21 23:48:55, -1.6589,55.0543, 263.0,10154,-50.9,-56.6,-52.3, 51, 84, 0.07,305, 9.9
2026-03-21 23:48:57, -1.6587,55.0542, 262.6,10163,-51.0,-56.5,-52.3, 52, 85, 0.07,305, 9.8
2026-03-21 23:48:59, -1.6584,55.0541, 262.2,10172,-51.1,-56.5,-52.2, 52, 86, 0.07,305, 9.8
2026-03-21 23:49:01, -1.6581,55.0540, 261.9,10180,-51.1,-56.5,-52.3, 53, 87, 0.07,305, 9.8
2026-03-21 23:49:03, -1.6578,55.0539, 261.5,10190,-51.2,-56.6,-52.3, 53, 87, 0.07,305, 9.8
2026-03-21 23:49:05, -1.6576,55.0538, 261.1,10199,-51.3,-56.6,-52.4, 53, 87, 0.07,305, 9.7
2026-03-21 23:49:07, -1.6574,55.0537, 260.7,10209,-51.4,-56.7,-52.4, 53, 88, 0.07,305, 9.7
2026-03-21 23:49:09, -1.6572,55.0536, 260.3,10219,-51.5,-56.8,-52.5, 53, 88, 0.07,305, 9.7
2026-03-21 23:49:11, -1.6569,55.0535, 260.0,10228,-51.6,-56.8,-52.5, 54, 89, 0.07,305, 9.6
2026-03-21 23:49:13, -1.6566,55.0534, 259.6,10238,-51.6,-56.8,-52.6, 54, 89, 0.07,306, 9.6
2026-03-21 23:49:15, -1.6564,55.0533, 259.2,10248,-51.7,-56.9,-52.6, 54, 90, 0.07,306, 9.6
2026-03-21 23:49:17, -1.6562,55.0532, 258.8,10258,-51.8,-56.9,-52.7, 54, 90, 0.07,306, 9.6
2026-03-21 23:49:19, -1.6560,55.0531, 258.4,10267,-51.9,-57.0,-52.7, 55, 90, 0.07,306, 9.6
2026-03-21 23:49:21, -1.6557,55.0530, 258.0,10276,-52.0,-57.1,-52.8, 54, 90, 0.07,307, 9.6
2026-03-21 23:49:23, -1.6555,55.0529, 257.6,10286,-52.1,-57.3,-53.0, 54, 90, 0.07,307, 9.7
2026-03-21 23:49:25, -1.6552,55.0528, 257.3,10296,-52.2,-57.4,-53.1, 53, 89, 0.06,308, 9.7
2026-03-21 23:49:27, -1.6550,55.0527, 256.8,10307,-52.3,-57.6,-53.3, 53, 88, 0.06,308, 9.7
2026-03-21 23:49:29, -1.6547,55.0526, 256.4,10317,-52.4,-57.8,-53.4, 52, 87, 0.06,308, 9.7
2026-03-21 23:49:31, -1.6544,55.0525, 256.0,10327,-52.5,-57.9,-53.6, 52, 87, 0.06,309, 9.7
2026-03-21 23:49:33, -1.6542,55.0524, 255.6,10338,-52.6,-57.9,-53.6, 52, 88, 0.06,309, 9.7
2026-03-21 23:49:35, -1.6540,55.0523, 255.2,10349,-52.7,-58.0,-53.6, 53, 88, 0.06,309, 9.7
2026-03-21 23:49:37, -1.6538,55.0521, 254.8,10359,-52.8,-58.0,-53.7, 53, 89, 0.06,310, 9.7
2026-03-21 23:49:39, -1.6535,55.0520, 254.4,10369,-52.8,-58.0,-53.6, 54, 90, 0.06,310, 9.6
2026-03-21 23:49:41, -1.6533,55.0519, 254.0,10378,-52.9,-58.0,-53.7, 55, 91, 0.06,310, 9.6
2026-03-21 23:49:43, -1.6531,55.0518, 253.7,10387,-53.0,-58.0,-53.7, 55, 92, 0.06,310, 9.5
2026-03-21 23:49:45, -1.6528,55.0517, 253.3,10396,-53.1,-58.1,-53.7, 55, 92, 0.06,310, 9.4
2026-03-21 23:49:47, -1.6526,55.0516, 252.9,10405,-53.2,-58.1,-53.8, 55, 92, 0.06,310, 9.4
2026-03-21 23:49:49, -1.6524,55.0515, 252.6,10414,-53.3,-58.2,-53.9, 55, 92, 0.06,310, 9.3
2026-03-21 23:49:51, -1.6522,55.0513, 252.3,10423,-53.3,-58.3,-54.0, 55, 92, 0.06,310, 9.3
2026-03-21 23:49:53, -1.6520,55.0512, 251.9,10431,-53.4,-58.4,-54.1, 55, 92, 0.06,310, 9.2
2026-03-21 23:49:55, -1.6518,55.0512, 251.6,10440,-53.5,-58.5,-54.2, 55, 92, 0.06,310, 9.1
2026-03-21 23:49:57, -1.6515,55.0511, 251.2,10449,-53.6,-58.7,-54.3, 54, 91, 0.06,310, 9.1
2026-03-21 23:49:59, -1.6512,55.0510, 250.9,10458,-53.7,-58.9,-54.5, 53, 90, 0.06,310, 9.1
2026-03-21 23:50:01, -1.6510,55.0509, 250.5,10467,-53.8,-59.1,-54.7, 52, 88, 0.05,310, 9.0
2026-03-21 23:50:03, -1.6508,55.0508, 250.1,10477,-53.8,-59.3,-54.9, 51, 87, 0.05,311, 9.0
2026-03-21 23:50:04, -1.6508,55.0508, 250.0,10480,-53.9,-59.4,-55.0, 51, 86, 0.05,311, 9.1
2026-03-21 23:50:05, -1.6506,55.0507, 249.8,10486,-53.9,-59.5,-55.2, 50, 85, 0.05,311, 9.1
2026-03-21 23:50:07, -1.6504,55.0506, 249.4,10496,-54.0,-59.7,-55.4, 50, 84, 0.05,311, 9.1
2026-03-21 23:50:09, -1.6502,55.0505, 249.1,10505,-54.1,-59.9,-55.5, 49, 83, 0.05,312, 9.1
2026-03-21 23:50:11, -1.6500,55.0503, 248.7,10514,-54.1,-60.0,-55.6, 49, 83, 0.05,312, 9.2
2026-03-21 23:50:13, -1.6499,55.0502, 248.3,10523,-54.2,-60.1,-55.7, 48, 82, 0.05,313, 9.2
2026-03-21 23:50:15, -1.6497,55.0501, 248.0,10533,-54.3,-60.2,-55.9, 48, 82, 0.05,313, 9.3
2026-03-21 23:50:17, -1.6494,55.0500, 247.6,10542,-54.4,-60.4,-56.0, 48, 82, 0.05,313, 9.4
2026-03-21 23:50:19, -1.6492,55.0499, 247.3,10551,-54.5,-60.5,-56.1, 48, 82, 0.05,314, 9.4
2026-03-21 23:50:21, -1.6490,55.0498, 246.9,10559,-54.6,-60.6,-56.2, 48, 81, 0.05,314, 9.5
2026-03-21 23:50:23, -1.6488,55.0497, 246.6,10568,-54.6,-60.6,-56.2, 48, 81, 0.04,314, 9.6
2026-03-21 23:50:25, -1.6485,55.0495, 246.3,10577,-54.7,-60.7,-56.3, 48, 81, 0.04,314, 9.6
2026-03-21 23:50:27, -1.6483,55.0494, 245.9,10586,-54.8,-60.8,-56.4, 48, 82, 0.04,315, 9.7
2026-03-21 23:50:29, -1.6481,55.0493, 245.6,10595,-54.9,-60.8,-56.4, 48, 82, 0.04,315, 9.7
2026-03-21 23:50:31, -1.6479,55.0492, 245.2,10604,-54.9,-60.8,-56.4, 48, 83, 0.04,315, 9.8
2026-03-21 23:50:33, -1.6477,55.0491, 244.9,10613,-55.0,-60.8,-56.4, 49, 84, 0.04,315, 9.8
2026-03-21 23:50:35, -1.6474,55.0489, 244.6,10621,-55.1,-60.8,-56.4, 49, 84, 0.04,316, 9.8
2026-03-21 23:50:37, -1.6472,55.0488, 244.2,10630,-55.2,-60.8,-56.4, 50, 85, 0.04,316, 9.8
2026-03-21 23:50:39, -1.6470,55.0486, 243.9,10639,-55.3,-60.9,-56.5, 50, 86, 0.04,316, 9.8
2026-03-21 23:50:41, -1.6468,55.0485, 243.5,10648,-55.4,-60.9,-56.5, 50, 86, 0.04,316, 9.7
2026-03-21 23:50:43, -1.6466,55.0484, 243.2,10657,-55.5,-61.0,-56.6, 50, 86, 0.04,316, 9.7
2026-03-21 23:50:45, -1.6464,55.0483, 242.9,10665,-55.5,-61.1,-56.6, 50, 87, 0.04,316, 9.7
2026-03-21 23:50:47, -1.6462,55.0481, 242.5,10674,-55.6,-61.1,-56.7, 50, 87, 0.04,316, 9.7
2026-03-21 23:50:49, -1.6460,55.0480, 242.2,10683,-55.7,-61.2,-56.8, 50, 86, 0.04,316, 9.6
2026-03-21 23:50:51, -1.6458,55.0479, 241.8,10693,-55.8,-61.4,-56.9, 50, 86, 0.04,317, 9.6
2026-03-21 23:50:53, -1.6456,55.0478, 241.5,10702,-55.9,-61.5,-57.0, 50, 86, 0.04,317, 9.6
2026-03-21 23:50:55, -1.6454,55.0477, 241.1,10711,-55.9,-61.6,-57.1, 50, 86, 0.04,317, 9.5
2026-03-21 23:50:57, -1.6451,55.0475, 240.8,10720,-56.0,-61.7,-57.2, 50, 85, 0.04,317, 9.5
2026-03-21 23:50:59, -1.6449,55.0474, 240.5,10728,-56.1,-61.7,-57.3, 50, 85, 0.04,317, 9.5
2026-03-21 23:51:01, -1.6447,55.0473, 240.2,10737,-56.2,-61.9,-57.4, 49, 85, 0.04,317, 9.5
2026-03-21 23:51:03, -1.6445,55.0472, 239.8,10746,-56.3,-62.0,-57.5, 49, 85, 0.04,318, 9.4
2026-03-21 23:51:05, -1.6443,55.0470, 239.5,10756,-56.4,-62.1,-57.7, 49, 84, 0.04,318, 9.4
2026-03-21 23:51:07, -1.6441,55.0469, 239.1,10765,-56.5,-62.3,-57.8, 48, 84, 0.04,318, 9.4
2026-03-21 23:51:09, -1.6440,55.0468, 238.7,10776,-56.6,-62.4,-58.0, 48, 83, 0.04,319, 9.4
2026-03-21 23:51:11, -1.6438,55.0466, 238.3,10786,-56.6,-62.6,-58.1, 48, 82, 0.04,319, 9.5
2026-03-21 23:51:13, -1.6436,55.0465, 238.0,10795,-56.7,-62.7,-58.3, 47, 82, 0.04,320, 9.5
2026-03-21 23:51:15, -1.6434,55.0464, 237.6,10805,-56.8,-62.9,-58.4, 47, 81, 0.03,320, 9.5
2026-03-21 23:51:17, -1.6432,55.0463, 237.2,10814,-56.9,-63.0,-58.6, 46, 80, 0.03,321, 9.5
2026-03-21 23:51:19, -1.6430,55.0461, 236.9,10823,-57.0,-63.2,-58.7, 46, 80, 0.03,321, 9.6
2026-03-21 23:51:21, -1.6429,55.0460, 236.6,10831,-57.1,-63.3,-58.8, 46, 80, 0.03,321, 9.6
2026-03-21 23:51:23, -1.6427,55.0459, 236.3,10841,-57.2,-63.4,-58.9, 46, 80, 0.03,321, 9.6
2026-03-21 23:51:25, -1.6425,55.0457, 235.9,10850,-57.3,-63.4,-59.0, 46, 80, 0.03,322, 9.7
2026-03-21 23:51:27, -1.6423,55.0456, 235.6,10860,-57.3,-63.5,-59.0, 46, 80, 0.03,322, 9.7
2026-03-21 23:51:29, -1.6421,55.0454, 235.2,10869,-57.4,-63.6,-59.1, 46, 80, 0.03,322, 9.7
2026-03-21 23:51:31, -1.6419,55.0453, 234.8,10879,-57.5,-63.7,-59.2, 45, 80, 0.03,322, 9.8
2026-03-21 23:51:33, -1.6417,55.0452, 234.5,10888,-57.6,-63.9,-59.4, 45, 79, 0.03,322, 9.8
2026-03-21 23:51:35, -1.6416,55.0450, 234.1,10897,-57.7,-64.0,-59.5, 45, 78, 0.03,322, 9.8
2026-03-21 23:51:37, -1.6414,55.0449, 233.8,10906,-57.8,-64.2,-59.7, 44, 77, 0.03,322, 9.8
2026-03-21 23:51:39, -1.6412,55.0447, 233.5,10916,-57.9,-64.4,-59.9, 43, 76, 0.03,322, 9.8
2026-03-21 23:51:41, -1.6410,55.0446, 233.1,10926,-58.0,-64.6,-60.1, 43, 76, 0.03,322, 9.8
2026-03-21 23:51:43, -1.6408,55.0445, 232.7,10935,-58.1,-64.7,-60.2, 43, 75, 0.03,322, 9.8
2026-03-21 23:51:45, -1.6406,55.0443, 232.4,10945,-58.2,-64.8,-60.3, 43, 75, 0.03,322, 9.8
2026-03-21 23:51:47, -1.6404,55.0442, 232.0,10955,-58.2,-64.8,-60.3, 43, 76, 0.03,322, 9.8
2026-03-21 23:51:49, -1.6402,55.0441, 231.6,10965,-58.3,-64.9,-60.4, 43, 76, 0.03,322, 9.8
2026-03-21 23:51:51, -1.6400,55.0439, 231.3,10974,-58.4,-65.0,-60.5, 43, 76, 0.03,322, 9.8
2026-03-21 23:51:53, -1.6398,55.0438, 231.0,10984,-58.5,-65.1,-60.6, 43, 76, 0.03,323, 9.8
2026-03-21 23:51:55, -1.6396,55.0437, 230.6,10994,-58.6,-65.2,-60.6, 43, 76, 0.03,323, 9.9
2026-03-21 23:51:57, -1.6395,55.0435, 230.2,11003,-58.7,-65.3,-60.7, 43, 76, 0.03,323, 9.9
2026-03-21 23:51:59, -1.6393,55.0434, 229.9,11012,-58.8,-65.4,-60.8, 43, 76, 0.03,323, 9.9
2026-03-21 23:52:01, -1.6391,55.0432, 229.5,11022,-58.9,-65.4,-60.9, 43, 76, 0.03,323, 9.9
2026-03-21 23:52:03, -1.6389,55.0430, 229.2,11032,-59.0,-65.5,-61.0, 43, 76, 0.03,324, 9.9
2026-03-21 23:52:05, -1.6387,55.0429, 228.8,11041,-59.1,-65.5,-61.0, 43, 77, 0.03,324, 9.9
2026-03-21 23:52:07, -1.6385,55.0428, 228.5,11051,-59.2,-65.6,-61.1, 44, 77, 0.03,324, 9.9
2026-03-21 23:52:09, -1.6384,55.0426, 228.2,11060,-59.2,-65.6,-61.1, 44, 78, 0.03,324, 9.9
2026-03-21 23:52:11, -1.6382,55.0425, 227.9,11068,-59.3,-65.7,-61.1, 44, 78, 0.03,324, 9.9
2026-03-21 23:52:13, -1.6380,55.0424, 227.6,11076,-59.4,-65.7,-61.2, 44, 79, 0.03,324, 9.9
2026-03-21 23:52:15, -1.6378,55.0422, 227.3,11085,-59.5,-65.8,-61.2, 44, 79, 0.02,324, 9.9
2026-03-21 23:52:17, -1.6376,55.0421, 226.9,11093,-59.6,-65.9,-61.4, 44, 79, 0.02,324, 9.9
2026-03-21 23:52:19, -1.6374,55.0419, 226.6,11103,-59.7,-66.0,-61.5, 44, 78, 0.02,324, 9.9
2026-03-21 23:52:21, -1.6373,55.0418, 226.3,11112,-59.7,-66.1,-61.6, 44, 78, 0.02,324, 9.9
2026-03-21 23:52:23, -1.6371,55.0416, 225.9,11122,-59.8,-66.2,-61.7, 43, 78, 0.02,324, 9.9
2026-03-21 23:52:25, -1.6369,55.0415, 225.6,11131,-59.9,-66.3,-61.8, 43, 78, 0.02,324,10.0
2026-03-21 23:52:27, -1.6367,55.0414, 225.3,11140,-60.0,-66.4,-61.8, 44, 78, 0.02,324,10.0
2026-03-21 23:52:29, -1.6366,55.0412, 224.9,11149,-60.1,-66.4,-61.9, 44, 78, 0.02,324,10.1
2026-03-21 23:52:31, -1.6364,55.0411, 224.6,11158,-60.2,-66.4,-61.9, 44, 79, 0.02,324,10.1
2026-03-21 23:52:33, -1.6362,55.0409, 224.3,11167,-60.2,-66.5,-61.9, 44, 79, 0.02,324,10.2
2026-03-21 23:52:35, -1.6361,55.0408, 223.9,11177,-60.3,-66.6,-62.0, 44, 80, 0.02,323,10.3
2026-03-21 23:52:37, -1.6359,55.0406, 223.5,11187,-60.4,-66.6,-62.1, 44, 80, 0.02,323,10.4
2026-03-21 23:52:39, -1.6357,55.0405, 223.2,11197,-60.5,-66.7,-62.1, 44, 80, 0.02,323,10.5
2026-03-21 23:52:41, -1.6355,55.0403, 222.9,11206,-60.6,-66.8,-62.2, 44, 80, 0.02,323,10.7
2026-03-21 23:52:43, -1.6352,55.0402, 222.5,11216,-60.7,-66.9,-62.3, 44, 80, 0.02,322,10.8
2026-03-21 23:52:45, -1.6350,55.0400, 222.1,11227,-60.8,-67.0,-62.4, 44, 79, 0.02,322,11.0
2026-03-21 23:52:47, -1.6348,55.0399, 221.8,11236,-60.8,-67.1,-62.5, 44, 79, 0.02,322,11.2
2026-03-21 23:52:49, -1.6346,55.0397, 221.5,11245,-60.9,-67.2,-62.6, 44, 79, 0.02,322,11.3
2026-03-21 23:52:51, -1.6344,55.0395, 221.2,11254,-61.0,-67.4,-62.8, 43, 78, 0.02,322,11.5
2026-03-21 23:52:53, -1.6341,55.0394, 220.8,11264,-61.0,-67.5,-62.9, 43, 77, 0.02,322,11.7
2026-03-21 23:52:55, -1.6339,55.0392, 220.5,11273,-61.1,-67.7,-63.1, 42, 76, 0.02,322,11.8
2026-03-21 23:52:57, -1.6337,55.0391, 220.1,11283,-61.2,-67.8,-63.2, 42, 75, 0.02,322,12.0
2026-03-21 23:52:59, -1.6335,55.0389, 219.8,11293,-61.2,-67.9,-63.4, 41, 75, 0.02,322,12.1
2026-03-21 23:53:01, -1.6332,55.0387, 219.5,11302,-61.3,-68.1,-63.5, 41, 74, 0.02,322,12.2
2026-03-21 23:53:03, -1.6330,55.0385, 219.1,11312,-61.3,-68.1,-63.6, 41, 73, 0.02,322,12.4
2026-03-21 23:53:05, -1.6327,55.0383, 218.8,11321,-61.4,-68.2,-63.6, 40, 73, 0.02,322,12.5
2026-03-21 23:53:07, -1.6325,55.0382, 218.5,11331,-61.4,-68.3,-63.7, 40, 73, 0.02,322,12.6
2026-03-21 23:53:09, -1.6322,55.0380, 218.1,11341,-61.5,-68.3,-63.7, 40, 73, 0.02,322,12.7
2026-03-21 23:53:11, -1.6319,55.0378, 217.7,11352,-61.6,-68.4,-63.8, 40, 73, 0.02,322,12.7
2026-03-21 23:53:13, -1.6317,55.0376, 217.3,11363,-61.7,-68.5,-63.9, 40, 73, 0.02,322,12.8
2026-03-21 23:53:15, -1.6314,55.0375, 217.0,11373,-61.8,-68.6,-64.0, 41, 74, 0.02,322,12.9
2026-03-21 23:53:17, -1.6312,55.0373, 216.6,11382,-61.9,-68.6,-64.0, 41, 74, 0.02,322,13.0
2026-03-21 23:53:19, -1.6310,55.0371, 216.3,11393,-61.9,-68.6,-64.0, 41, 74, 0.02,322,13.1
2026-03-21 23:53:21, -1.6308,55.0369, 215.9,11404,-62.0,-68.7,-64.1, 41, 75, 0.02,322,13.1
2026-03-21 23:53:23, -1.6306,55.0367, 215.5,11415,-62.1,-68.8,-64.2, 41, 75, 0.02,322,13.2
2026-03-21 23:53:25, -1.6303,55.0365, 215.1,11426,-62.2,-68.8,-64.2, 41, 75, 0.02,322,13.4
2026-03-21 23:53:27, -1.6300,55.0363, 214.7,11438,-62.3,-68.9,-64.3, 41, 76, 0.02,321,13.5
2026-03-21 23:53:29, -1.6298,55.0361, 214.3,11450,-62.4,-69.0,-64.4, 41, 76, 0.02,321,13.6
2026-03-21 23:53:31, -1.6295,55.0359, 213.8,11462,-62.5,-69.1,-64.5, 41, 76, 0.02,320,13.8
2026-03-21 23:53:33, -1.6292,55.0358, 213.4,11475,-62.6,-69.1,-64.5, 42, 77, 0.02,320,13.9
2026-03-21 23:53:35, -1.6289,55.0356, 213.0,11488,-62.7,-69.2,-64.6, 42, 77, 0.02,319,14.1
2026-03-21 23:53:37, -1.6286,55.0354, 212.5,11501,-62.9,-69.2,-64.6, 43, 78, 0.02,319,14.3
2026-03-21 23:53:39, -1.6284,55.0352, 212.1,11514,-63.0,-69.2,-64.6, 43, 79, 0.02,318,14.4
2026-03-21 23:53:41, -1.6281,55.0350, 211.6,11529,-63.1,-69.2,-64.6, 44, 81, 0.02,318,14.6
2026-03-21 23:53:43, -1.6277,55.0348, 211.0,11545,-63.2,-69.2,-64.6, 45, 82, 0.02,317,14.7
2026-03-21 23:53:45, -1.6274,55.0346, 210.5,11560,-63.4,-69.2,-64.6, 45, 84, 0.02,317,14.9
2026-03-21 23:53:47, -1.6270,55.0344, 210.0,11575,-63.5,-69.3,-64.6, 46, 86, 0.02,317,15.0
2026-03-21 23:53:49, -1.6267,55.0342, 209.6,11585,-63.6,-69.2,-64.6, 47, 87, 0.02,317,15.1
2026-03-21 23:53:51, -1.6264,55.0341, 209.3,11594,-63.7,-69.2,-64.6, 48, 88, 0.02,317,15.2
2026-03-21 23:53:53, -1.6260,55.0339, 209.0,11604,-63.8,-69.3,-64.7, 48, 89, 0.02,317,15.3
2026-03-21 23:53:55, -1.6257,55.0337, 208.7,11614,-63.9,-69.3,-64.7, 48, 89, 0.02,317,15.3
2026-03-21 23:53:57, -1.6254,55.0334, 208.3,11624,-64.0,-69.4,-64.8, 48, 89, 0.02,317,15.4
2026-03-21 23:53:59, -1.6251,55.0332, 207.9,11634,-64.1,-69.5,-64.9, 48, 89, 0.02,318,15.5
2026-03-21 23:54:01, -1.6248,55.0330, 207.6,11645,-64.2,-69.7,-65.0, 48, 89, 0.02,318,15.6
2026-03-21 23:54:03, -1.6245,55.0328, 207.3,11655,-64.3,-69.8,-65.2, 47, 88, 0.02,318,15.6
2026-03-21 23:54:05, -1.6241,55.0326, 206.9,11664,-64.3,-69.9,-65.2, 47, 88, 0.02,318,15.7
2026-03-21 23:54:07, -1.6238,55.0324, 206.6,11674,-64.4,-70.0,-65.4, 47, 87, 0.02,319,15.9
2026-03-21 23:54:09, -1.6235,55.0322, 206.3,11684,-64.5,-70.1,-65.5, 46, 87, 0.02,319,16.0
2026-03-21 23:54:11, -1.6231,55.0320, 205.9,11694,-64.6,-70.3,-65.7, 46, 86, 0.01,319,16.1
2026-03-21 23:54:13, -1.6228,55.0318, 205.6,11703,-64.6,-70.5,-65.8, 45, 85, 0.01,320,16.2
2026-03-21 23:54:15, -1.6224,55.0316, 205.3,11712,-64.7,-70.6,-66.0, 45, 83, 0.01,320,16.3
2026-03-21 23:54:17, -1.6221,55.0313, 205.0,11723,-64.8,-70.8,-66.2, 44, 82, 0.01,320,16.3
2026-03-21 23:54:19, -1.6218,55.0311, 204.5,11736,-64.9,-71.0,-66.4, 43, 81, 0.01,321,16.3
2026-03-21 23:54:21, -1.6215,55.0309, 204.0,11753,-65.0,-71.2,-66.6, 43, 80, 0.01,321,16.3
2026-03-21 23:54:23, -1.6211,55.0306, 203.3,11772,-65.1,-71.3,-66.7, 43, 80, 0.01,321,16.2
2026-03-21 23:54:25, -1.6208,55.0303, 202.8,11787,-65.1,-71.4,-66.7, 42, 80, 0.01,321,16.1
2026-03-21 23:54:27, -1.6204,55.0301, 202.5,11797,-65.3,-71.5,-66.8, 42, 80, 0.01,321,15.9
2026-03-21 23:54:29, -1.6200,55.0299, 202.1,11809,-65.4,-71.6,-66.9, 43, 80, 0.01,321,15.6
2026-03-21 23:54:31, -1.6198,55.0296, 201.7,11820,-65.5,-71.7,-67.0, 43, 80, 0.01,321,15.3
2026-03-21 23:54:33, -1.6196,55.0294, 201.4,11830,-65.6,-71.7,-67.1, 43, 81, 0.01,321,15.0
2026-03-21 23:54:35, -1.6194,55.0292, 201.0,11842,-65.7,-71.8,-67.2, 43, 81, 0.01,320,14.7
2026-03-21 23:54:37, -1.6191,55.0290, 200.6,11852,-65.8,-72.0,-67.3, 43, 81, 0.01,320,14.3
2026-03-21 23:54:39, -1.6187,55.0288, 200.3,11863,-65.9,-72.0,-67.4, 43, 80, 0.01,319,14.0
2026-03-21 23:54:40, -1.6185,55.0287, 200.0,11872,-66.0,-72.1,-67.5, 43, 81, 0.01,319,14.0
2026-03-21 23:54:41, -1.6184,55.0286, 199.9,11876,-66.0,-72.2,-67.5, 43, 81, 0.01,319,13.7
2026-03-21 23:54:43, -1.6182,55.0284, 199.4,11891,-66.1,-72.3,-67.6, 43, 81, 0.01,318,13.3
2026-03-21 23:54:45, -1.6180,55.0283, 198.8,11907,-66.3,-72.4,-67.8, 43, 81, 0.01,317,13.0
2026-03-21 23:54:47, -1.6177,55.0282, 198.5,11919,-66.4,-72.5,-67.8, 43, 82, 0.01,317,12.8
2026-03-21 23:54:49, -1.6173,55.0281, 198.1,11928,-66.5,-72.5,-67.9, 43, 82, 0.01,316,12.5
2026-03-21 23:54:51, -1.6170,55.0279, 197.8,11938,-66.6,-72.5,-67.9, 43, 83, 0.01,316,12.3
2026-03-21 23:54:53, -1.6167,55.0277, 197.4,11950,-66.6,-72.6,-68.0, 43, 83, 0.01,316,12.1
2026-03-21 23:54:55, -1.6165,55.0275, 197.1,11959,-66.7,-72.7,-68.1, 43, 82, 0.01,316,12.0
2026-03-21 23:54:57, -1.6162,55.0274, 196.8,11968,-66.8,-72.9,-68.2, 43, 82, 0.01,316,11.8
2026-03-21 23:54:59, -1.6160,55.0272, 196.5,11978,-66.9,-73.0,-68.3, 43, 82, 0.01,316,11.7
2026-03-21 23:55:01, -1.6158,55.0271, 196.2,11989,-67.0,-73.1,-68.4, 42, 81, 0.01,316,11.6
2026-03-21 23:55:03, -1.6156,55.0270, 195.8,11999,-67.1,-73.3,-68.6, 42, 81, 0.01,316,11.6
2026-03-21 23:55:05, -1.6153,55.0268, 195.5,12010,-67.2,-73.4,-68.7, 42, 80, 0.01,316,11.6
2026-03-21 23:55:07, -1.6151,55.0266, 195.1,12020,-67.3,-73.5,-68.8, 42, 81, 0.01,316,11.6
2026-03-21 23:55:09, -1.6148,55.0265, 194.8,12030,-67.4,-73.5,-68.8, 42, 81, 0.01,315,11.7
2026-03-21 23:55:11, -1.6146,55.0264, 194.5,12039,-67.5,-73.6,-68.9, 42, 81, 0.01,315,11.9
2026-03-21 23:55:13, -1.6144,55.0262, 194.2,12048,-67.5,-73.6,-68.9, 43, 82, 0.01,315,12.1
2026-03-21 23:55:15, -1.6142,55.0261, 193.9,12058,-67.6,-73.6,-69.0, 43, 82, 0.01,315,12.3
2026-03-21 23:55:17, -1.6139,55.0260, 193.6,12069,-67.7,-73.7,-69.0, 43, 83, 0.01,314,12.7
2026-03-21 23:55:19, -1.6136,55.0258, 193.2,12080,-67.8,-73.8,-69.1, 43, 83, 0.01,314,13.1
2026-03-21 23:55:21, -1.6132,55.0257, 192.9,12091,-67.9,-73.8,-69.1, 43, 83, 0.01,314,13.5
2026-03-21 23:55:23, -1.6130,55.0255, 192.5,12102,-67.9,-73.8,-69.1, 43, 83, 0.01,314,14.0
2026-03-21 23:55:25, -1.6127,55.0253, 192.1,12115,-67.9,-73.8,-69.1, 43, 83, 0.01,313,14.5
2026-03-21 23:55:27, -1.6124,55.0251, 191.7,12127,-67.9,-73.8,-69.1, 43, 83, 0.01,313,15.1
2026-03-21 23:55:29, -1.6120,55.0250, 191.3,12140,-67.9,-73.8,-69.1, 43, 83, 0.01,313,15.6
2026-03-21 23:55:31, -1.6116,55.0248, 190.9,12152,-67.8,-73.7,-69.1, 43, 83, 0.01,313,16.2
2026-03-21 23:55:33, -1.6112,55.0246, 190.5,12165,-67.8,-73.7,-69.0, 43, 83, 0.01,313,16.7
2026-03-21 23:55:35, -1.6108,55.0244, 190.1,12179,-67.7,-73.7,-69.0, 43, 83, 0.01,313,17.2
2026-03-21 23:55:37, -1.6103,55.0241, 189.6,12193,-67.6,-73.6,-68.9, 43, 83, 0.01,314,17.6
2026-03-21 23:55:39, -1.6099,55.0239, 189.3,12205,-67.4,-73.3,-68.7, 43, 83, 0.01,314,18.0
2026-03-21 23:55:41, -1.6095,55.0236, 188.8,12217,-67.3,-73.3,-68.6, 43, 83, 0.01,314,18.4
2026-03-21 23:55:43, -1.6091,55.0234, 188.5,12230,-67.2,-73.1,-68.5, 44, 83, 0.01,314,18.6
2026-03-21 23:55:45, -1.6087,55.0231, 188.1,12241,-67.2,-73.1,-68.5, 44, 83, 0.01,314,18.8
2026-03-21 23:55:47, -1.6082,55.0229, 187.7,12253,-67.1,-73.1,-68.4, 44, 83, 0.01,314,19.0
2026-03-21 23:55:49, -1.6078,55.0226, 187.4,12265,-67.0,-72.9,-68.3, 44, 83, 0.01,314,19.0
2026-03-21 23:55:51, -1.6074,55.0224, 187.0,12277,-67.0,-73.0,-68.3, 44, 83, 0.01,314,19.0
2026-03-21 23:55:53, -1.6069,55.0222, 186.7,12287,-67.0,-73.0,-68.3, 44, 83, 0.01,315,18.9
2026-03-21 23:55:55, -1.6064,55.0220, 186.4,12297,-67.0,-72.9,-68.3, 44, 83, 0.01,315,18.7
2026-03-21 23:55:57, -1.6059,55.0217, 186.1,12307,-67.0,-72.9,-68.2, 44, 83, 0.01,315,18.4
2026-03-21 23:55:59, -1.6055,55.0214, 185.8,12316,-67.0,-72.9,-68.2, 44, 83, 0.01,316,18.0
2026-03-21 23:56:01, -1.6051,55.0212, 185.5,12326,-67.0,-72.9,-68.3, 44, 83, 0.01,316,17.6
2026-03-21 23:56:03, -1.6047,55.0210, 185.2,12337,-67.0,-72.9,-68.2, 44, 84, 0.01,317,17.1
2026-03-21 23:56:05, -1.6044,55.0207, 184.8,12349,-67.1,-72.9,-68.3, 44, 84, 0.01,317,16.5
2026-03-21 23:56:07, -1.6040,55.0205, 184.4,12361,-67.1,-73.0,-68.3, 44, 84, 0.01,318,16.0
2026-03-21 23:56:09, -1.6036,55.0203, 184.0,12375,-67.2,-73.0,-68.3, 44, 85, 0.01,319,15.4
2026-03-21 23:56:11, -1.6033,55.0200, 183.4,12392,-67.2,-72.9,-68.2, 45, 86, 0.01,319,14.8
2026-03-21 23:56:13, -1.6031,55.0198, 182.9,12410,-67.0,-72.7,-68.0, 45, 87, 0.01,320,14.1
2026-03-21 23:56:15, -1.6030,55.0197, 182.5,12424,-67.0,-72.6,-67.9, 46, 88, 0.01,320,13.6
2026-03-21 23:56:17, -1.6028,55.0195, 182.2,12435,-67.0,-72.5,-67.8, 47, 89, 0.01,320,13.0
2026-03-21 23:56:19, -1.6026,55.0194, 181.9,12443,-67.0,-72.4,-67.7, 47, 90, 0.01,321,12.4
2026-03-21 23:56:21, -1.6024,55.0192, 181.7,12452,-67.0,-72.3,-67.6, 48, 91, 0.01,321,11.9
2026-03-21 23:56:23, -1.6021,55.0191, 181.3,12463,-67.0,-72.2,-67.5, 48, 92, 0.01,321,11.4
2026-03-21 23:56:25, -1.6018,55.0189, 181.0,12475,-67.0,-72.2,-67.5, 49, 93, 0.01,322,11.0
2026-03-21 23:56:27, -1.6015,55.0187, 180.6,12487,-67.0,-72.1,-67.5, 49, 94, 0.01,322,10.5
2026-03-21 23:56:29, -1.6013,55.0185, 180.3,12497,-66.9,-72.0,-67.3, 49, 94, 0.01,322,10.0
2026-03-21 23:56:31, -1.6012,55.0184, 180.0,12508,-66.8,-71.8,-67.2, 50, 95, 0.01,323, 9.6
2026-03-21 23:56:33, -1.6010,55.0183, 179.6,12521,-66.8,-71.8,-67.1, 50, 96, 0.01,323, 9.2
2026-03-21 23:56:35, -1.6009,55.0182, 179.2,12535,-66.8,-71.7,-67.0, 51, 97, 0.01,324, 8.7
2026-03-21 23:56:37, -1.6007,55.0181, 178.7,12550,-66.8,-71.6,-66.9, 52, 98, 0.01,324, 8.3
2026-03-21 23:56:39, -1.6005,55.0179, 178.3,12563,-66.8,-71.5,-66.8, 52, 99, 0.01,325, 7.9
2026-03-21 23:56:41, -1.6004,55.0178, 178.0,12574,-66.8,-71.4,-66.7, 53,101, 0.01,325, 7.5
2026-03-21 23:56:43, -1.6004,55.0177, 177.8,12583,-66.8,-71.3,-66.6, 53,102, 0.01,325, 7.1
2026-03-21 23:56:45, -1.6003,55.0176, 177.5,12593,-66.8,-71.3,-66.6, 54,103, 0.02,324, 6.7
2026-03-21 23:56:47, -1.6001,55.0175, 177.2,12603,-66.8,-71.3,-66.6, 54,103, 0.02,324, 6.4
2026-03-21 23:56:49, -1.6000,55.0174, 176.9,12613,-66.9,-71.3,-66.6, 54,104, 0.02,323, 6.1
2026-03-21 23:56:51, -1.5999,55.0173, 176.5,12625,-66.9,-71.3,-66.6, 55,104, 0.02,321, 5.8
2026-03-21 23:56:53, -1.5998,55.0173, 176.2,12635,-66.9,-71.3,-66.6, 55,104, 0.02,320, 5.6
2026-03-21 23:56:55, -1.5998,55.0172, 175.9,12646,-67.0,-71.3,-66.6, 55,105, 0.02,318, 5.4
2026-03-21 23:56:57, -1.5997,55.0172, 175.6,12658,-67.0,-71.3,-66.7, 55,105, 0.02,315, 5.3
2026-03-21 23:56:59, -1.5996,55.0171, 175.2,12670,-67.1,-71.3,-66.7, 55,105, 0.02,313, 5.2
2026-03-21 23:57:01, -1.5994,55.0170, 174.8,12683,-67.1,-71.4,-66.7, 55,106, 0.01,310, 5.1
2026-03-21 23:57:03, -1.5992,55.0170, 174.5,12695,-67.2,-71.4,-66.8, 55,106, 0.01,307, 5.0
2026-03-21 23:57:05, -1.5991,55.0170, 174.2,12706,-67.3,-71.5,-66.8, 56,107, 0.01,305, 5.0
2026-03-21 23:57:07, -1.5990,55.0169, 173.9,12716,-67.3,-71.5,-66.9, 56,107, 0.01,302, 5.0
2026-03-21 23:57:09, -1.5988,55.0168, 173.5,12728,-67.4,-71.6,-66.9, 56,108, 0.01,300, 5.0
2026-03-21 23:57:11, -1.5987,55.0168, 173.2,12740,-67.5,-71.7,-67.0, 56,108, 0.01,297, 5.0
2026-03-21 23:57:13, -1.5986,55.0168, 172.9,12750,-67.6,-71.8,-67.1, 56,108, 0.01,295, 5.1
2026-03-21 23:57:15, -1.5984,55.0167, 172.6,12760,-67.7,-71.9,-67.2, 56,108, 0.01,293, 5.2
2026-03-21 23:57:17, -1.5983,55.0167, 172.3,12770,-67.8,-71.9,-67.3, 56,108, 0.01,291, 5.3
2026-03-21 23:57:19, -1.5982,55.0167, 172.1,12779,-67.9,-72.0,-67.4, 56,107, 0.01,289, 5.5
2026-03-21 23:57:21, -1.5981,55.0167, 171.8,12789,-67.9,-72.1,-67.5, 55,107, 0.01,288, 5.7
2026-03-21 23:57:23, -1.5979,55.0166, 171.5,12800,-68.0,-72.3,-67.6, 55,106, 0.01,286, 5.9
2026-03-21 23:57:25, -1.5977,55.0166, 171.2,12810,-68.1,-72.4,-67.7, 55,106, 0.01,285, 6.2
2026-03-21 23:57:27, -1.5975,55.0166, 170.9,12820,-68.1,-72.5,-67.8, 54,105, 0.01,284, 6.5
2026-03-21 23:57:29, -1.5973,55.0166, 170.6,12829,-68.2,-72.6,-67.9, 54,104, 0.01,284, 6.8
2026-03-21 23:57:31, -1.5971,55.0165, 170.3,12839,-68.3,-72.7,-68.1, 53,103, 0.01,283, 7.2
2026-03-21 23:57:33, -1.5969,55.0165, 170.1,12849,-68.3,-72.9,-68.2, 52,101, 0.01,283, 7.5
2026-03-21 23:57:35, -1.5967,55.0165, 169.8,12858,-68.4,-73.1,-68.4, 52,100, 0.01,283, 7.9
2026-03-21 23:57:37, -1.5964,55.0165, 169.5,12868,-68.4,-73.3,-68.6, 50, 98, 0.01,283, 8.3
2026-03-21 23:57:39, -1.5961,55.0164, 169.3,12877,-68.4,-73.5,-68.8, 49, 95, 0.01,284, 8.8
2026-03-21 23:57:41, -1.5959,55.0164, 169.0,12886,-68.4,-73.7,-69.0, 47, 92, 0.01,284, 9.2
2026-03-21 23:57:43, -1.5956,55.0164, 168.8,12895,-68.5,-74.0,-69.3, 46, 88, 0.01,285, 9.6
2026-03-21 23:57:45, -1.5953,55.0163, 168.5,12904,-68.5,-74.3,-69.6, 44, 85, 0.01,285,10.0
2026-03-21 23:57:47, -1.5950,55.0163, 168.3,12913,-68.4,-74.6,-69.9, 42, 80, 0.01,286,10.3
2026-03-21 23:57:49, -1.5946,55.0162, 168.0,12922,-68.4,-74.9,-70.2, 39, 76, 0.01,287,10.7
2026-03-21 23:57:51, -1.5943,55.0162, 167.8,12931,-68.3,-75.3,-70.6, 37, 71, 0.01,288,10.9
2026-03-21 23:57:53, -1.5940,55.0161, 167.5,12940,-68.2,-75.7,-71.0, 34, 66, 0.01,289,11.2
2026-03-21 23:57:55, -1.5936,55.0160, 167.2,12950,-68.1,-76.1,-71.4, 32, 62, 0.01,290,11.4
2026-03-21 23:57:57, -1.5932,55.0159, 166.9,12960,-68.0,-76.5,-71.8, 29, 57, 0.01,291,11.5
2026-03-21 23:57:59, -1.5928,55.0159, 166.7,12969,-67.9,-77.0,-72.3, 27, 52, 0.01,293,11.6
2026-03-21 23:58:01, -1.5924,55.0158, 166.5,12978,-67.6,-77.4,-72.7, 24, 47, 0.01,294,11.5
2026-03-21 23:58:03, -1.5921,55.0157, 166.2,12987,-67.4,-77.9,-73.2, 22, 42, 0.01,295,11.5
2026-03-21 23:58:05, -1.5917,55.0156, 165.9,12996,-67.4,-78.6,-73.8, 20, 38, 0.01,297,11.3
2026-03-21 23:58:07, -1.5914,55.0155, 165.7,13006,-67.2,-79.2,-74.5, 18, 34, 0.00,298,11.1
2026-03-21 23:58:09, -1.5911,55.0154, 165.4,13015,-67.2,-79.9,-75.2, 16, 30, 0.00,300,10.9
2026-03-21 23:58:11, -1.5908,55.0153, 165.2,13023,-67.0,-80.6,-75.8, 14, 26, 0.00,302,10.6
2026-03-21 23:58:13, -1.5905,55.0152, 164.9,13033,-66.5,-80.9,-76.2, 12, 23, 0.00,303,10.3
2026-03-21 23:58:15, -1.5903,55.0151, 164.7,13042,-66.1,-81.5,-76.7, 11, 20, 0.00,305, 9.9
2026-03-21 23:58:17, -1.5900,55.0150, 164.4,13052,-65.9,-82.2,-77.4,  9, 17, 0.00,307, 9.6
2026-03-21 23:58:19, -1.5898,55.0148, 164.2,13060,-65.7,-82.9,-78.1,  8, 15, 0.00,308, 9.2
2026-03-21 23:58:21, -1.5896,55.0147, 164.0,13069,-65.4,-83.6,-78.9,  7, 13, 0.00,309, 8.8
2026-03-21 23:58:23, -1.5894,55.0146, 163.7,13079,-65.0,-84.2,-79.4,  6, 11, 0.00,310, 8.4
2026-03-21 23:58:25, -1.5893,55.0145, 163.4,13090,-64.7,-84.8,-80.0,  5, 10, 0.00,311, 8.0
2026-03-21 23:58:27, -1.5891,55.0144, 163.2,13098,-64.2,-85.2,-80.4,  5,  8, 0.00,311, 7.6
2026-03-21 23:58:29, -1.5890,55.0143, 162.9,13107,-63.9,-85.7,-80.9,  4,  7, 0.00,311, 7.3
2026-03-21 23:58:31, -1.5888,55.0142, 162.7,13117,-63.8,-86.3,-81.5,  4,  7, 0.00,310, 6.9
2026-03-21 23:58:33, -1.5887,55.0141, 162.4,13127,-63.8,-86.7,-82.0,  3,  6, 0.00,309, 6.6
2026-03-21 23:58:35, -1.5885,55.0141, 162.2,13136,-63.7,-87.1,-82.4,  3,  6, 0.00,308, 6.3
2026-03-21 23:58:37, -1.5884,55.0140, 161.9,13146,-63.7,-87.4,-82.7,  3,  5, 0.00,306, 6.0
2026-03-21 23:58:39, -1.5882,55.0140, 161.7,13155,-63.7,-87.7,-82.9,  3,  5, 0.00,304, 5.8
2026-03-21 23:58:41, -1.5881,55.0139, 161.4,13165,-63.7,-87.8,-83.0,  3,  5, 0.00,302, 5.6
2026-03-21 23:58:43, -1.5880,55.0139, 161.2,13175,-63.8,-87.8,-83.1,  3,  5, 0.00,300, 5.4
2026-03-21 23:58:45, -1.5878,55.0138, 160.9,13183,-63.8,-87.8,-83.1,  3,  5, 0.00,297, 5.2
2026-03-21 23:58:47, -1.5877,55.0138, 160.7,13192,-63.8,-87.7,-83.0,  3,  5, 0.00,294, 5.1
2026-03-21 23:58:49, -1.5875,55.0137, 160.5,13201,-63.9,-87.6,-82.8,  3,  5, 0.00,291, 5.0
2026-03-21 23:58:51, -1.5874,55.0137, 160.2,13210,-63.9,-87.5,-82.7,  3,  6, 0.00,288, 4.9
2026-03-21 23:58:53, -1.5872,55.0137, 160.0,13220,-64.0,-87.3,-82.5,  3,  6, 0.00,285, 4.8
2026-03-21 23:58:55, -1.5871,55.0137, 159.8,13228,-64.0,-87.1,-82.4,  3,  6, 0.00,282, 4.8
2026-03-21 23:58:57, -1.5870,55.0137, 159.5,13239,-64.0,-86.9,-82.2,  3,  6, 0.00,279, 4.8
2026-03-21 23:58:59, -1.5868,55.0137, 159.2,13250,-63.9,-86.6,-81.8,  3,  6, 0.00,277, 4.8
2026-03-21 23:59:01, -1.5867,55.0137, 159.0,13259,-63.7,-86.3,-81.5,  4,  7, 0.00,274, 4.8
2026-03-21 23:59:03, -1.5865,55.0137, 158.7,13268,-63.3,-85.8,-81.1,  4,  7, 0.00,272, 4.8
2026-03-21 23:59:05, -1.5864,55.0137, 158.5,13278,-63.3,-85.6,-80.8,  4,  7, 0.00,269, 4.9
2026-03-21 23:59:07, -1.5862,55.0137, 158.2,13289,-63.3,-85.4,-80.7,  4,  7, 0.00,267, 4.9
2026-03-21 23:59:09, -1.5861,55.0137, 157.9,13299,-63.3,-85.3,-80.6,  4,  7, 0.00,266, 5.0
2026-03-21 23:59:11, -1.5860,55.0137, 157.7,13309,-63.4,-85.3,-80.5,  4,  7, 0.00,264, 5.0
2026-03-21 23:59:13, -1.5858,55.0137, 157.4,13318,-63.4,-85.2,-80.4,  4,  8, 0.00,263, 5.0
2026-03-21 23:59:15, -1.5857,55.0137, 157.2,13327,-63.5,-85.2,-80.4,  4,  8, 0.00,263, 5.1
2026-03-21 23:59:17, -1.5855,55.0138, 157.0,13336,-63.6,-85.1,-80.4,  4,  8, 0.00,262, 5.1
2026-03-21 23:59:19, -1.5853,55.0138, 156.7,13346,-63.6,-85.1,-80.3,  4,  8, 0.00,263, 5.1
2026-03-21 23:59:21, -1.5851,55.0138, 156.5,13356,-63.7,-85.1,-80.3,  4,  8, 0.00,263, 5.1
2026-03-21 23:59:23, -1.5849,55.0138, 156.2,13365,-63.8,-85.1,-80.3,  4,  8, 0.00,264, 5.1
2026-03-21 23:59:25, -1.5848,55.0138, 156.0,13374,-63.7,-85.0,-80.2,  4,  8, 0.00,266, 5.1
2026-03-21 23:59:27, -1.5846,55.0138, 155.8,13382,-63.5,-84.8,-80.0,  4,  8, 0.00,268, 5.0
2026-03-21 23:59:29, -1.5845,55.0139, 155.6,13391,-63.4,-84.7,-79.9,  4,  8, 0.00,271, 5.0
2026-03-21 23:59:31, -1.5843,55.0139, 155.3,13401,-63.3,-84.6,-79.9,  4,  8, 0.00,274, 5.0
2026-03-21 23:59:33, -1.5842,55.0139, 155.1,13411,-63.3,-84.6,-79.9,  4,  8, 0.00,277, 5.1
2026-03-21 23:59:35, -1.5840,55.0139, 154.8,13420,-63.3,-84.6,-79.9,  4,  8, 0.00,280, 5.1
2026-03-21 23:59:37, -1.5839,55.0138, 154.6,13430,-63.3,-84.7,-79.9,  4,  8, 0.00,284, 5.2
2026-03-21 23:59:39, -1.5838,55.0138, 154.3,13440,-63.3,-84.7,-79.9,  4,  8, 0.00,287, 5.4
2026-03-21 23:59:41, -1.5836,55.0138, 154.1,13450,-63.3,-84.7,-79.9,  4,  8, 0.00,290, 5.5
2026-03-21 23:59:43, -1.5834,55.0137, 153.8,13460,-63.2,-84.6,-79.9,  4,  8, 0.00,292, 5.6
2026-03-21 23:59:45, -1.5833,55.0137, 153.6,13470,-63.2,-84.6,-79.8,  4,  8, 0.00,295, 5.9
2026-03-21 23:59:47, -1.5831,55.0136, 153.4,13479,-63.2,-84.5,-79.8,  4,  8, 0.00,298, 6.1
2026-03-21 23:59:49, -1.5829,55.0136, 153.1,13488,-63.2,-84.5,-79.8,  4,  8, 0.00,300, 6.4
2026-03-21 23:59:51, -1.5828,55.0135, 152.9,13497,-63.2,-84.5,-79.8,  4,  8, 0.00,303, 6.7
2026-03-21 23:59:53, -1.5826,55.0134, 152.7,13506,-63.1,-84.5,-79.7,  4,  8, 0.00,305, 7.1
2026-03-21 23:59:55, -1.5824,55.0134, 152.5,13514,-63.2,-84.5,-79.7,  4,  8, 0.00,306, 7.4
2026-03-21 23:59:57, -1.5822,55.0133, 152.3,13523,-63.2,-84.5,-79.8,  4,  8, 0.00,308, 7.7
2026-03-21 23:59:59, -1.5820,55.0132, 152.0,13533,-63.2,-84.6,-79.8,  4,  8, 0.00,309, 8.1
2026-03-22 00:00:01, -1.5818,55.0131, 151.8,13541,-63.3,-84.6,-79.9,  4,  8, 0.00,311, 8.4
2026-03-22 00:00:03, -1.5816,55.0130, 151.6,13549,-63.3,-84.7,-79.9,  4,  8, 0.00,312, 8.7
2026-03-22 00:00:05, -1.5814,55.0129, 151.4,13558,-63.4,-84.7,-80.0,  4,  8, 0.00,312, 9.0
2026-03-22 00:00:07, -1.5812,55.0128, 151.1,13569,-63.4,-84.8,-80.1,  4,  8, 0.00,313, 9.2
2026-03-22 00:00:09, -1.5810,55.0127, 150.9,13578,-63.3,-84.9,-80.1,  4,  8, 0.00,313, 9.4
2026-03-22 00:00:11, -1.5808,55.0125, 150.7,13587,-63.3,-84.9,-80.2,  4,  8, 0.00,314, 9.5
2026-03-22 00:00:13, -1.5805,55.0123, 150.4,13597,-63.2,-85.0,-80.2,  4,  8, 0.00,314, 9.5
2026-03-22 00:00:15, -1.5803,55.0122, 150.2,13608,-63.0,-85.0,-80.2,  4,  7, 0.00,313, 9.5
2026-03-22 00:00:16, -1.5801,55.0120, 150.0,13615,-62.8,-84.9,-80.1,  4,  7, 0.00,313, 9.5
2026-03-22 00:00:17, -1.5801,55.0120, 149.9,13617,-62.7,-84.9,-80.1,  4,  7, 0.00,313, 9.4
2026-03-22 00:00:19, -1.5798,55.0119, 149.7,13626,-62.4,-84.8,-80.0,  4,  7, 0.00,312, 9.2
2026-03-22 00:00:21, -1.5796,55.0117, 149.5,13635,-62.3,-84.9,-80.1,  4,  7, 0.00,311, 9.0
2026-03-22 00:00:23, -1.5794,55.0117, 149.3,13645,-62.1,-84.9,-80.1,  4,  7, 0.00,310, 8.8
2026-03-22 00:00:25, -1.5792,55.0116, 149.0,13654,-61.6,-84.6,-79.9,  4,  6, 0.00,309, 8.6
2026-03-22 00:00:27, -1.5790,55.0115, 148.8,13663,-61.4,-84.6,-79.9,  3,  6, 0.00,308, 8.4
2026-03-22 00:00:29, -1.5788,55.0115, 148.6,13673,-61.4,-84.7,-79.9,  3,  6, 0.00,306, 8.1
2026-03-22 00:00:31, -1.5786,55.0114, 148.4,13682,-61.4,-84.8,-80.0,  3,  6, 0.00,305, 7.9
2026-03-22 00:00:33, -1.5785,55.0113, 148.1,13692,-61.3,-84.8,-80.1,  3,  6, 0.00,303, 7.7
2026-03-22 00:00:35, -1.5783,55.0112, 147.9,13703,-61.4,-84.9,-80.1,  3,  6, 0.00,301, 7.6
2026-03-22 00:00:37, -1.5781,55.0111, 147.7,13713,-61.4,-84.9,-80.2,  3,  6, 0.00,299, 7.4
2026-03-22 00:00:39, -1.5779,55.0111, 147.4,13723,-61.5,-85.0,-80.2,  3,  6, 0.00,297, 7.3
2026-03-22 00:00:41, -1.5776,55.0110, 147.2,13732,-61.6,-85.0,-80.3,  3,  6, 0.00,296, 7.3
2026-03-22 00:00:43, -1.5774,55.0110, 147.0,13742,-61.6,-85.1,-80.3,  3,  6, 0.00,294, 7.2
2026-03-22 00:00:45, -1.5773,55.0109, 146.7,13751,-61.7,-85.1,-80.4,  3,  6, 0.00,292, 7.2
2026-03-22 00:00:47, -1.5771,55.0109, 146.6,13759,-61.7,-85.1,-80.4,  3,  6, 0.00,290, 7.2
2026-03-22 00:00:49, -1.5769,55.0108, 146.4,13767,-61.8,-85.1,-80.4,  3,  6, 0.00,288, 7.2
2026-03-22 00:00:51, -1.5767,55.0108, 146.1,13776,-61.8,-85.1,-80.4,  3,  6, 0.00,286, 7.3
2026-03-22 00:00:53, -1.5764,55.0108, 145.9,13786,-61.8,-85.1,-80.4,  3,  6, 0.00,284, 7.4
2026-03-22 00:00:55, -1.5762,55.0108, 145.7,13795,-61.8,-85.1,-80.4,  3,  6, 0.00,283, 7.5
2026-03-22 00:00:57, -1.5759,55.0107, 145.5,13805,-61.9,-85.1,-80.4,  3,  6, 0.00,282, 7.6
2026-03-22 00:00:59, -1.5757,55.0107, 145.2,13815,-61.9,-85.1,-80.4,  3,  6, 0.00,280, 7.7
2026-03-22 00:01:01, -1.5755,55.0107, 145.0,13824,-61.9,-85.2,-80.4,  3,  6, 0.00,279, 7.9
2026-03-22 00:01:03, -1.5753,55.0107, 144.8,13833,-62.0,-85.2,-80.4,  3,  6, 0.00,279, 8.0
2026-03-22 00:01:05, -1.5751,55.0107, 144.6,13842,-62.1,-85.2,-80.5,  3,  6, 0.00,278, 8.2
2026-03-22 00:01:07, -1.5748,55.0107, 144.4,13852,-62.1,-85.2,-80.5,  3,  6, 0.00,278, 8.3
2026-03-22 00:01:09, -1.5745,55.0106, 144.1,13862,-62.2,-85.3,-80.5,  3,  6, 0.00,277, 8.5
2026-03-22 00:01:11, -1.5742,55.0106, 143.9,13872,-62.2,-85.3,-80.5,  3,  6, 0.00,277, 8.6
2026-03-22 00:01:13, -1.5739,55.0106, 143.7,13881,-62.3,-85.3,-80.5,  3,  6, 0.00,278, 8.8
2026-03-22 00:01:15, -1.5736,55.0106, 143.5,13890,-62.3,-85.3,-80.5,  3,  6, 0.00,278, 8.9
2026-03-22 00:01:17, -1.5734,55.0106, 143.2,13900,-62.4,-85.3,-80.6,  3,  6, 0.00,278, 9.0
2026-03-22 00:01:19, -1.5731,55.0106, 143.0,13910,-62.4,-85.4,-80.6,  3,  6, 0.00,279, 9.1
2026-03-22 00:01:21, -1.5728,55.0105, 142.8,13921,-62.5,-85.4,-80.7,  3,  6, 0.00,280, 9.2
2026-03-22 00:01:23, -1.5725,55.0105, 142.6,13930,-62.5,-85.5,-80.7,  3,  6, 0.00,280, 9.2
2026-03-22 00:01:25, -1.5722,55.0105, 142.4,13938,-62.6,-85.6,-80.8,  3,  6, 0.00,281, 9.3
2026-03-22 00:01:27, -1.5719,55.0105, 142.1,13947,-62.6,-85.6,-80.8,  3,  6, 0.00,282, 9.3
2026-03-22 00:01:29, -1.5716,55.0104, 141.9,13957,-62.6,-85.6,-80.9,  3,  6, 0.00,283, 9.3
2026-03-22 00:01:31, -1.5713,55.0104, 141.7,13966,-62.7,-85.7,-80.9,  3,  6, 0.00,284, 9.3
2026-03-22 00:01:33, -1.5711,55.0103, 141.5,13975,-62.6,-85.7,-80.9,  3,  6, 0.00,285, 9.3
2026-03-22 00:01:35, -1.5708,55.0102, 141.3,13984,-62.6,-85.7,-81.0,  3,  6, 0.00,286, 9.3
2026-03-22 00:01:37, -1.5705,55.0102, 141.1,13993,-62.5,-85.7,-80.9,  3,  6, 0.00,287, 9.3
2026-03-22 00:01:39, -1.5702,55.0102, 140.9,14002,-62.4,-85.6,-80.9,  3,  6, 0.00,288, 9.4
2026-03-22 00:01:41, -1.5699,55.0101, 140.7,14012,-62.3,-85.6,-80.9,  3,  6, 0.00,289, 9.4
2026-03-22 00:01:43, -1.5697,55.0101, 140.4,14022,-62.2,-85.6,-80.9,  3,  6, 0.00,290, 9.5
2026-03-22 00:01:45, -1.5694,55.0100, 140.2,14033,-62.2,-85.7,-80.9,  3,  6, 0.00,291, 9.6
2026-03-22 00:01:47, -1.5692,55.0100, 140.0,14043,-62.3,-85.8,-81.0,  3,  6, 0.00,292, 9.7
2026-03-22 00:01:49, -1.5689,55.0099, 139.7,14054,-62.3,-85.8,-81.1,  3,  6, 0.00,293, 9.9
2026-03-22 00:01:51, -1.5687,55.0098, 139.5,14064,-62.3,-85.9,-81.1,  3,  6, 0.00,293,10.0
2026-03-22 00:01:53, -1.5684,55.0098, 139.2,14075,-62.2,-85.8,-81.1,  3,  6, 0.00,294,10.2
2026-03-22 00:01:55, -1.5681,55.0097, 139.0,14085,-62.2,-85.8,-81.1,  3,  6, 0.00,295,10.3
2026-03-22 00:01:57, -1.5678,55.0096, 138.8,14095,-62.1,-85.8,-81.0,  3,  6, 0.00,296,10.4
2026-03-22 00:01:59, -1.5674,55.0095, 138.6,14105,-62.1,-85.8,-81.1,  3,  6, 0.00,298,10.5
2026-03-22 00:02:01, -1.5671,55.0094, 138.4,14114,-62.1,-85.9,-81.1,  3,  6, 0.00,299,10.6
2026-03-22 00:02:03, -1.5668,55.0093, 138.1,14125,-62.2,-85.9,-81.2,  3,  6, 0.00,300,10.7
2026-03-22 00:02:05, -1.5665,55.0092, 137.9,14136,-62.2,-86.0,-81.3,  3,  6, 0.00,302,10.7
2026-03-22 00:02:07, -1.5662,55.0091, 137.6,14147,-62.3,-86.1,-81.4,  3,  5, 0.00,303,10.6
2026-03-22 00:02:09, -1.5659,55.0090, 137.4,14157,-62.3,-86.2,-81.4,  3,  5, 0.00,305,10.6
2026-03-22 00:02:11, -1.5656,55.0089, 137.2,14168,-62.3,-86.2,-81.5,  3,  5, 0.00,307,10.5
2026-03-22 00:02:13, -1.5653,55.0088, 136.9,14178,-62.2,-86.2,-81.4,  3,  5, 0.00,309,10.3
2026-03-22 00:02:15, -1.5651,55.0087, 136.7,14188,-62.0,-86.2,-81.4,  3,  5, 0.00,310,10.1
2026-03-22 00:02:17, -1.5649,55.0085, 136.5,14198,-61.9,-86.1,-81.3,  3,  5, 0.00,312, 9.9
2026-03-22 00:02:19, -1.5647,55.0084, 136.3,14208,-61.8,-86.1,-81.3,  3,  5, 0.00,314, 9.7
2026-03-22 00:02:21, -1.5645,55.0083, 136.0,14218,-61.6,-86.1,-81.3,  3,  5, 0.00,316, 9.5
2026-03-22 00:02:23, -1.5643,55.0081, 135.8,14228,-61.5,-86.0,-81.3,  3,  5, 0.00,318, 9.2
2026-03-22 00:02:25, -1.5641,55.0080, 135.6,14238,-61.4,-86.0,-81.3,  3,  5, 0.00,320, 8.9
2026-03-22 00:02:27, -1.5640,55.0079, 135.4,14247,-61.3,-86.0,-81.3,  3,  5, 0.00,321, 8.6
2026-03-22 00:02:29, -1.5638,55.0077, 135.2,14257,-61.3,-86.1,-81.4,  3,  5, 0.00,323, 8.3
2026-03-22 00:02:31, -1.5636,55.0076, 135.0,14267,-61.3,-86.2,-81.4,  3,  5, 0.00,324, 7.9
2026-03-22 00:02:33, -1.5635,55.0074, 134.7,14278,-61.2,-86.2,-81.4,  3,  5, 0.00,325, 7.6
2026-03-22 00:02:35, -1.5633,55.0073, 134.5,14287,-61.2,-86.3,-81.5,  3,  5, 0.00,325, 7.3
2026-03-22 00:02:37, -1.5633,55.0073, 134.3,14297,-60.9,-86.1,-81.4,  2,  5, 0.00,326, 7.0
2026-03-22 00:02:39, -1.5632,55.0072, 134.1,14307,-60.5,-85.9,-81.2,  2,  4, 0.00,326, 6.7
2026-03-22 00:02:41, -1.5631,55.0071, 133.9,14316,-60.4,-86.0,-81.2,  2,  4, 0.00,325, 6.4
2026-03-22 00:02:43, -1.5630,55.0070, 133.8,14323,-60.3,-86.0,-81.2,  2,  4, 0.00,325, 6.1
2026-03-22 00:02:45, -1.5630,55.0069, 133.6,14331,-60.2,-86.0,-81.2,  2,  4, 0.00,324, 5.9
2026-03-22 00:02:47, -1.5629,55.0069, 133.4,14341,-60.1,-86.0,-81.2,  2,  4, 0.00,322, 5.6
2026-03-22 00:02:49, -1.5628,55.0068, 133.2,14351,-60.2,-86.0,-81.3,  2,  4, 0.00,321, 5.4
2026-03-22 00:02:51, -1.5626,55.0067, 133.0,14360,-60.2,-86.1,-81.4,  2,  4, 0.00,319, 5.1
2026-03-22 00:02:53, -1.5625,55.0066, 132.8,14369,-60.3,-86.2,-81.4,  2,  4, 0.00,317, 4.9
2026-03-22 00:02:55, -1.5624,55.0065, 132.6,14380,-60.3,-86.3,-81.5,  2,  4, 0.00,315, 4.7
2026-03-22 00:02:57, -1.5623,55.0065, 132.3,14390,-60.3,-86.4,-81.6,  2,  4, 0.00,313, 4.5
2026-03-22 00:02:59, -1.5621,55.0064, 132.2,14399,-60.3,-86.4,-81.6,  2,  4, 0.00,310, 4.2
2026-03-22 00:03:01, -1.5620,55.0064, 132.0,14408,-60.3,-86.4,-81.6,  2,  4, 0.00,308, 4.0
2026-03-22 00:03:03, -1.5619,55.0063, 131.7,14420,-60.3,-86.5,-81.7,  2,  4, 0.00,305, 3.8
2026-03-22 00:03:05, -1.5618,55.0063, 131.4,14432,-60.4,-86.5,-81.8,  2,  4, 0.00,303, 3.6
2026-03-22 00:03:07, -1.5618,55.0063, 131.2,14442,-60.3,-86.5,-81.8,  2,  4, 0.00,300, 3.4
2026-03-22 00:03:09, -1.5617,55.0063, 131.0,14451,-60.2,-86.5,-81.7,  2,  4, 0.00,298, 3.2
2026-03-22 00:03:11, -1.5616,55.0063, 130.9,14459,-60.1,-86.5,-81.7,  2,  4, 0.00,296, 3.0
2026-03-22 00:03:13, -1.5615,55.0063, 130.7,14468,-59.8,-86.3,-81.6,  2,  4, 0.00,294, 2.8
2026-03-22 00:03:15, -1.5614,55.0063, 130.5,14476,-59.7,-86.3,-81.5,  2,  4, 0.00,293, 2.6
2026-03-22 00:03:17, -1.5614,55.0063, 130.4,14484,-59.6,-86.3,-81.5,  2,  4, 0.00,291, 2.4
2026-03-22 00:03:19, -1.5613,55.0063, 130.1,14496,-59.6,-86.3,-81.5,  2,  4, 0.00,290, 2.2
2026-03-22 00:03:21, -1.5612,55.0063, 129.8,14510,-59.6,-86.3,-81.6,  2,  4, 0.00,289, 2.0
2026-03-22 00:03:23, -1.5612,55.0062, 129.6,14522,-59.6,-86.4,-81.6,  2,  4, 0.00,288, 1.8
2026-03-22 00:03:25, -1.5611,55.0062, 129.3,14533,-59.6,-86.4,-81.6,  2,  4, 0.00,287, 1.6
2026-03-22 00:03:27, -1.5610,55.0061, 129.1,14544,-59.5,-86.3,-81.5,  2,  4, 0.00,285, 1.4
2026-03-22 00:03:29, -1.5610,55.0061, 128.9,14554,-59.5,-86.2,-81.5,  2,  4, 0.00,281, 1.2
2026-03-22 00:03:31, -1.5609,55.0061, 128.7,14563,-59.4,-86.2,-81.4,  2,  4, 0.00,276, 1.0
2026-03-22 00:03:33, -1.5609,55.0062, 128.5,14572,-59.4,-86.2,-81.4,  2,  4, 0.00,268, 0.8
2026-03-22 00:03:35, -1.5609,55.0062, 128.4,14580,-59.5,-86.2,-81.4,  2,  4, 0.00,255, 0.7
2026-03-22 00:03:37, -1.5610,55.0062, 128.2,14589,-59.6,-86.2,-81.5,  2,  4, 0.00,235, 0.6
2026-03-22 00:03:39, -1.5610,55.0062, 128.0,14599,-59.6,-86.3,-81.5,  2,  4, 0.00,215, 0.6
2026-03-22 00:03:41, -1.5609,55.0062, 127.8,14609,-59.7,-86.3,-81.6,  2,  4, 0.00,200, 0.7
2026-03-22 00:03:43, -1.5609,55.0062, 127.6,14618,-59.8,-86.4,-81.6,  2,  4, 0.00,191, 0.8
2026-03-22 00:03:45, -1.5609,55.0062, 127.4,14628,-59.8,-86.4,-81.7,  2,  4, 0.00,187, 0.9
2026-03-22 00:03:47, -1.5609,55.0062, 127.2,14636,-59.8,-86.5,-81.7,  2,  4, 0.00,186, 1.0
2026-03-22 00:03:49, -1.5610,55.0062, 127.0,14646,-59.8,-86.5,-81.8,  2,  4, 0.00,187, 1.2
2026-03-22 00:03:51, -1.5610,55.0062, 126.8,14656,-59.8,-86.6,-81.8,  2,  4, 0.00,190, 1.3
2026-03-22 00:03:53, -1.5611,55.0063, 126.6,14666,-59.8,-86.6,-81.8,  2,  4, 0.00,194, 1.3
2026-03-22 00:03:55, -1.5610,55.0063, 126.4,14676,-59.7,-86.5,-81.7,  2,  4, 0.00,198, 1.4
2026-03-22 00:03:57, -1.5610,55.0063, 126.2,14685,-59.4,-86.4,-81.6,  2,  4, 0.00,203, 1.5
2026-03-22 00:03:59, -1.5610,55.0064, 126.0,14694,-59.4,-86.4,-81.6,  2,  4, 0.00,208, 1.6
2026-03-22 00:04:01, -1.5609,55.0064, 125.9,14703,-59.3,-86.4,-81.6,  2,  4, 0.00,213, 1.7
2026-03-22 00:04:03, -1.5609,55.0065, 125.7,14713,-59.3,-86.4,-81.6,  2,  3, 0.00,217, 1.8
2026-03-22 00:04:05, -1.5609,55.0065, 125.5,14723,-59.3,-86.4,-81.7,  2,  3, 0.00,222, 2.0
2026-03-22 00:04:07, -1.5608,55.0065, 125.3,14732,-59.4,-86.5,-81.7,  2,  3, 0.00,226, 2.1
2026-03-22 00:04:09, -1.5608,55.0065, 125.1,14742,-59.4,-86.5,-81.7,  2,  3, 0.00,229, 2.2
2026-03-22 00:04:11, -1.5607,55.0066, 124.9,14751,-59.4,-86.5,-81.8,  2,  3, 0.00,232, 2.3
2026-03-22 00:04:13, -1.5606,55.0066, 124.7,14761,-59.5,-86.5,-81.8,  2,  3, 0.00,235, 2.4
2026-03-22 00:04:15, -1.5606,55.0066, 124.5,14770,-59.4,-86.5,-81.7,  2,  3, 0.00,238, 2.5
2026-03-22 00:04:17, -1.5606,55.0066, 124.3,14780,-59.5,-86.5,-81.8,  2,  4, 0.00,241, 2.5
2026-03-22 00:04:19, -1.5605,55.0067, 124.1,14790,-59.6,-86.6,-81.8,  2,  4, 0.00,243, 2.6
2026-03-22 00:04:21, -1.5604,55.0067, 123.9,14800,-59.6,-86.6,-81.8,  2,  4, 0.00,245, 2.6
2026-03-22 00:04:23, -1.5603,55.0067, 123.8,14809,-59.6,-86.6,-81.8,  2,  4, 0.00,248, 2.7
2026-03-22 00:04:25, -1.5602,55.0068, 123.6,14819,-59.6,-86.6,-81.8,  2,  4, 0.00,250, 2.7
2026-03-22 00:04:27, -1.5601,55.0068, 123.4,14829,-59.7,-86.6,-81.9,  2,  4, 0.00,253, 2.7
2026-03-22 00:04:29, -1.5600,55.0068, 123.2,14838,-59.8,-86.7,-81.9,  2,  4, 0.00,256, 2.8
2026-03-22 00:04:31, -1.5599,55.0068, 123.0,14848,-59.7,-86.6,-81.8,  2,  4, 0.00,259, 2.8
2026-03-22 00:04:33, -1.5598,55.0068, 122.8,14858,-59.6,-86.5,-81.8,  2,  4, 0.00,262, 2.8
2026-03-22 00:04:35, -1.5598,55.0068, 122.6,14867,-59.7,-86.6,-81.8,  2,  4, 0.00,266, 2.9
2026-03-22 00:04:37, -1.5597,55.0068, 122.4,14876,-59.7,-86.6,-81.8,  2,  4, 0.00,269, 2.9
2026-03-22 00:04:39, -1.5596,55.0068, 122.3,14885,-59.7,-86.6,-81.8,  2,  4, 0.00,273, 3.0
2026-03-22 00:04:41, -1.5595,55.0068, 122.1,14893,-59.7,-86.6,-81.8,  2,  4, 0.00,277, 3.1
2026-03-22 00:04:43, -1.5594,55.0068, 121.9,14903,-59.7,-86.6,-81.8,  2,  4, 0.00,280, 3.2
2026-03-22 00:04:45, -1.5593,55.0068, 121.7,14912,-59.7,-86.6,-81.9,  2,  4, 0.00,284, 3.3
2026-03-22 00:04:47, -1.5592,55.0068, 121.5,14921,-59.7,-86.6,-81.8,  2,  4, 0.00,287, 3.5
2026-03-22 00:04:49, -1.5592,55.0067, 121.4,14931,-59.7,-86.6,-81.9,  2,  4, 0.00,290, 3.6
2026-03-22 00:04:51, -1.5591,55.0067, 121.2,14940,-59.8,-86.6,-81.9,  2,  4, 0.00,294, 3.7
2026-03-22 00:04:53, -1.5589,55.0067, 121.0,14949,-59.8,-86.7,-81.9,  2,  4, 0.00,297, 3.8
2026-03-22 00:04:55, -1.5587,55.0067, 120.9,14957,-59.9,-86.7,-82.0,  2,  4, 0.00,301, 3.9
2026-03-22 00:04:57, -1.5586,55.0067, 120.7,14966,-59.9,-86.8,-82.0,  2,  4, 0.00,304, 4.0
2026-03-22 00:04:59, -1.5584,55.0066, 120.5,14975,-59.9,-86.8,-82.1,  2,  4, 0.00,308, 4.0
2026-03-22 00:05:01, -1.5584,55.0066, 120.3,14985,-60.0,-86.8,-82.1,  2,  4, 0.00,312, 4.0
2026-03-22 00:05:03, -1.5583,55.0065, 120.1,14994,-59.9,-86.8,-82.1,  2,  4, 0.00,317, 3.9
2026-03-22 00:05:05, -1.5582,55.0064, 120.0,15004,-59.9,-86.8,-82.1,  2,  4, 0.00,322, 3.9
2026-03-22 00:05:07, -1.5580,55.0064, 119.8,15014,-59.9,-86.8,-82.1,  2,  4, 0.00,327, 3.8
2026-03-22 00:05:09, -1.5579,55.0063, 119.6,15024,-59.9,-86.8,-82.1,  2,  3, 0.00,333, 3.7
2026-03-22 00:05:11, -1.5579,55.0062, 119.4,15034,-59.9,-86.9,-82.1,  2,  3, 0.00,338, 3.7
2026-03-22 00:05:13, -1.5579,55.0061, 119.2,15046,-59.8,-86.8,-82.0,  2,  3, 0.00,344, 3.6
2026-03-22 00:05:15, -1.5579,55.0061, 118.9,15057,-59.5,-86.6,-81.9,  2,  3, 0.00,349, 3.5
2026-03-22 00:05:17, -1.5579,55.0060, 118.8,15066,-59.5,-86.6,-81.9,  2,  3, 0.00,354, 3.5
2026-03-22 00:05:19, -1.5580,55.0059, 118.6,15075,-59.5,-86.6,-81.8,  2,  3, 0.00,359, 3.4
2026-03-22 00:05:21, -1.5580,55.0059, 118.4,15085,-59.4,-86.6,-81.8,  2,  3, 0.00,  3, 3.3
2026-03-22 00:05:23, -1.5581,55.0058, 118.2,15095,-59.3,-86.5,-81.8,  2,  3, 0.00,  7, 3.2
2026-03-22 00:05:25, -1.5581,55.0058, 118.0,15105,-59.3,-86.5,-81.7,  2,  3, 0.00, 10, 3.1
2026-03-22 00:05:27, -1.5581,55.0057, 117.9,15114,-59.1,-86.4,-81.6,  2,  3, 0.00, 13, 3.0
2026-03-22 00:05:29, -1.5582,55.0056, 117.7,15124,-58.9,-86.2,-81.5,  2,  3, 0.00, 16, 2.9
2026-03-22 00:05:31, -1.5582,55.0056, 117.5,15134,-58.9,-86.2,-81.5,  2,  3, 0.00, 19, 2.7
2026-03-22 00:05:33, -1.5582,55.0055, 117.3,15145,-58.8,-86.2,-81.5,  2,  3, 0.00, 22, 2.6
2026-03-22 00:05:35, -1.5581,55.0055, 117.1,15155,-58.8,-86.2,-81.4,  2,  3, 0.00, 24, 2.5
2026-03-22 00:05:37, -1.5582,55.0055, 116.9,15165,-58.7,-86.2,-81.4,  2,  3, 0.00, 27, 2.3
2026-03-22 00:05:39, -1.5582,55.0054, 116.7,15175,-58.7,-86.2,-81.4,  2,  3, 0.00, 30, 2.2
2026-03-22 00:05:41, -1.5583,55.0054, 116.6,15184,-58.7,-86.2,-81.4,  2,  3, 0.00, 33, 2.0
2026-03-22 00:05:43, -1.5584,55.0054, 116.4,15193,-58.8,-86.2,-81.5,  2,  3, 0.00, 37, 1.9
2026-03-22 00:05:45, -1.5585,55.0053, 116.2,15203,-58.8,-86.2,-81.5,  2,  3, 0.00, 41, 1.8
2026-03-22 00:05:47, -1.5585,55.0053, 116.0,15212,-58.8,-86.2,-81.5,  2,  3, 0.00, 44, 1.7
2026-03-22 00:05:49, -1.5585,55.0053, 115.9,15221,-58.9,-86.2,-81.5,  2,  3, 0.00, 48, 1.6
2026-03-22 00:05:51, -1.5585,55.0053, 115.7,15229,-58.9,-86.2,-81.5,  2,  3, 0.00, 52, 1.5
2026-03-22 00:05:53, -1.5585,55.0053, 115.5,15240,-59.0,-86.2,-81.5,  2,  3, 0.00, 56, 1.4
2026-03-22 00:05:55, -1.5586,55.0053, 115.3,15251,-59.0,-86.2,-81.5,  2,  3, 0.00, 60, 1.4
2026-03-22 00:05:57, -1.5586,55.0052, 115.1,15261,-59.1,-86.3,-81.5,  2,  3, 0.00, 63, 1.3
2026-03-22 00:05:59, -1.5587,55.0052, 114.9,15272,-59.2,-86.3,-81.5,  2,  3, 0.00, 65, 1.3
2026-03-22 00:06:01, -1.5587,55.0052, 114.7,15282,-59.2,-86.3,-81.5,  2,  4, 0.00, 66, 1.2
2026-03-22 00:06:03, -1.5587,55.0052, 114.5,15293,-59.3,-86.3,-81.5,  2,  4, 0.00, 65, 1.2
2026-03-22 00:06:05, -1.5588,55.0053, 114.4,15303,-59.4,-86.3,-81.5,  2,  4, 0.00, 63, 1.1
2026-03-22 00:06:07, -1.5588,55.0053, 114.2,15314,-59.4,-86.3,-81.6,  2,  4, 0.00, 59, 1.1
2026-03-22 00:06:09, -1.5589,55.0053, 114.0,15325,-59.5,-86.3,-81.6,  2,  4, 0.00, 53, 1.1
2026-03-22 00:06:11, -1.5589,55.0053, 113.8,15335,-59.6,-86.4,-81.6,  2,  4, 0.00, 46, 1.1
2026-03-22 00:06:13, -1.5589,55.0053, 113.6,15345,-59.7,-86.4,-81.6,  2,  4, 0.00, 38, 1.1
2026-03-22 00:06:15, -1.5589,55.0053, 113.4,15355,-59.7,-86.4,-81.7,  2,  4, 0.00, 30, 1.2
2026-03-22 00:06:17, -1.5589,55.0052, 113.2,15365,-59.8,-86.5,-81.7,  2,  4, 0.00, 22, 1.2
2026-03-22 00:06:19, -1.5589,55.0052, 113.1,15375,-59.8,-86.5,-81.7,  2,  4, 0.00, 16, 1.3
2026-03-22 00:06:21, -1.5589,55.0052, 112.9,15385,-59.8,-86.5,-81.7,  2,  4, 0.00, 11, 1.4
2026-03-22 00:06:23, -1.5589,55.0051, 112.7,15395,-59.8,-86.5,-81.7,  2,  4, 0.00,  7, 1.5
2026-03-22 00:06:25, -1.5590,55.0051, 112.5,15406,-59.9,-86.5,-81.8,  2,  4, 0.00,  4, 1.6
2026-03-22 00:06:27, -1.5590,55.0050, 112.3,15416,-59.9,-86.6,-81.8,  2,  4, 0.00,  1, 1.6
2026-03-22 00:06:29, -1.5590,55.0050, 112.1,15426,-59.9,-86.6,-81.9,  2,  4, 0.00,359, 1.6
2026-03-22 00:06:31, -1.5589,55.0050, 112.0,15436,-60.0,-86.7,-81.9,  2,  4, 0.00,358, 1.6
2026-03-22 00:06:33, -1.5589,55.0049, 111.8,15446,-60.0,-86.7,-82.0,  2,  4, 0.00,357, 1.5
2026-03-22 00:06:35, -1.5589,55.0049, 111.6,15457,-59.9,-86.7,-82.0,  2,  4, 0.00,357, 1.3
2026-03-22 00:06:37, -1.5589,55.0049, 111.4,15466,-59.7,-86.6,-81.9,  2,  4, 0.00,357, 1.2
2026-03-22 00:06:39, -1.5589,55.0049, 111.3,15475,-59.5,-86.5,-81.8,  2,  4, 0.00,358, 1.0
2026-03-22 00:06:41, -1.5589,55.0048, 111.1,15485,-59.4,-86.5,-81.7,  2,  3, 0.00,360, 0.8
2026-03-22 00:06:43, -1.5589,55.0048, 110.9,15495,-59.3,-86.4,-81.7,  2,  3, 0.00,  6, 0.6
2026-03-22 00:06:45, -1.5589,55.0048, 110.7,15506,-59.2,-86.4,-81.7,  2,  3, 0.00, 18, 0.4
2026-03-22 00:06:47, -1.5589,55.0048, 110.5,15516,-59.2,-86.4,-81.6,  2,  3, 0.00, 45, 0.3
2026-03-22 00:06:49, -1.5589,55.0048, 110.3,15526,-59.2,-86.4,-81.7,  2,  3, 0.00, 83, 0.3
2026-03-22 00:06:51, -1.5589,55.0049, 110.2,15536,-59.2,-86.4,-81.7,  2,  3, 0.00,108, 0.4
2026-03-22 00:06:53, -1.5589,55.0049, 110.0,15545,-59.2,-86.5,-81.7,  2,  3, 0.00,120, 0.5
2026-03-22 00:06:55, -1.5589,55.0049, 109.8,15555,-59.2,-86.5,-81.7,  2,  3, 0.00,125, 0.6
2026-03-22 00:06:57, -1.5590,55.0049, 109.7,15565,-59.2,-86.4,-81.7,  2,  3, 0.00,128, 0.7
2026-03-22 00:06:59, -1.5590,55.0049, 109.5,15575,-59.2,-86.4,-81.7,  2,  3, 0.00,130, 0.8
2026-03-22 00:07:01, -1.5590,55.0049, 109.3,15585,-59.2,-86.4,-81.7,  2,  3, 0.00,131, 0.8
2026-03-22 00:07:03, -1.5591,55.0049, 109.1,15595,-59.3,-86.4,-81.7,  2,  3, 0.00,132, 0.8
2026-03-22 00:07:05, -1.5591,55.0050, 109.0,15605,-59.3,-86.4,-81.7,  2,  3, 0.00,133, 0.8
2026-03-22 00:07:07, -1.5591,55.0050, 108.8,15615,-59.4,-86.5,-81.7,  2,  3, 0.00,134, 0.7
2026-03-22 00:07:09, -1.5592,55.0050, 108.6,15625,-59.5,-86.5,-81.7,  2,  4, 0.00,136, 0.6
2026-03-22 00:07:11, -1.5592,55.0050, 108.4,15636,-59.5,-86.5,-81.7,  2,  4, 0.00,139, 0.5
2026-03-22 00:07:13, -1.5592,55.0050, 108.3,15646,-59.5,-86.5,-81.7,  2,  4, 0.00,145, 0.4
2026-03-22 00:07:15, -1.5593,55.0050, 108.1,15656,-59.5,-86.5,-81.7,  2,  4, 0.00,164, 0.2
2026-03-22 00:07:17, -1.5592,55.0050, 107.9,15666,-59.5,-86.5,-81.7,  2,  4, 0.00,240, 0.1
2026-03-22 00:07:19, -1.5592,55.0050, 107.7,15676,-59.4,-86.4,-81.7,  2,  4, 0.00,281, 0.3
2026-03-22 00:07:21, -1.5592,55.0050, 107.6,15686,-59.2,-86.3,-81.5,  2,  4, 0.00,291, 0.5
2026-03-22 00:07:23, -1.5592,55.0050, 107.4,15696,-59.1,-86.2,-81.4,  2,  4, 0.00,294, 0.7
2026-03-22 00:07:25, -1.5591,55.0050, 107.2,15706,-58.9,-86.0,-81.2,  2,  4, 0.00,294, 0.9
2026-03-22 00:07:27, -1.5591,55.0050, 107.0,15717,-59.0,-86.0,-81.2,  2,  4, 0.00,294, 1.2
2026-03-22 00:07:29, -1.5591,55.0049, 106.9,15727,-59.0,-86.0,-81.2,  2,  4, 0.00,293, 1.4
2026-03-22 00:07:31, -1.5590,55.0049, 106.7,15737,-59.0,-85.9,-81.2,  2,  4, 0.00,291, 1.6
2026-03-22 00:07:33, -1.5590,55.0050, 106.5,15747,-59.0,-85.9,-81.2,  2,  4, 0.00,289, 1.8
2026-03-22 00:07:35, -1.5590,55.0049, 106.4,15757,-59.1,-85.9,-81.2,  2,  4, 0.00,286, 2.0
2026-03-22 00:07:37, -1.5589,55.0049, 106.2,15768,-59.2,-86.0,-81.2,  2,  4, 0.00,284, 2.2
2026-03-22 00:07:39, -1.5588,55.0048, 106.0,15779,-59.2,-86.0,-81.2,  2,  4, 0.00,281, 2.4
2026-03-22 00:07:41, -1.5587,55.0048, 105.8,15788,-59.3,-86.0,-81.2,  2,  4, 0.00,279, 2.6
2026-03-22 00:07:43, -1.5587,55.0048, 105.7,15797,-59.2,-86.0,-81.2,  2,  4, 0.00,277, 2.8
2026-03-22 00:07:45, -1.5586,55.0048, 105.5,15807,-59.2,-86.0,-81.2,  2,  4, 0.00,275, 3.0
2026-03-22 00:07:47, -1.5585,55.0048, 105.3,15817,-59.2,-86.0,-81.2,  2,  4, 0.00,274, 3.2
2026-03-22 00:07:49, -1.5583,55.0049, 105.2,15827,-59.2,-86.0,-81.2,  2,  4, 0.00,273, 3.4
2026-03-22 00:07:51, -1.5582,55.0049, 105.0,15837,-59.0,-85.9,-81.1,  2,  4, 0.00,272, 3.6
2026-03-22 00:07:53, -1.5581,55.0049, 104.8,15847,-58.9,-85.9,-81.1,  2,  4, 0.00,272, 3.8
2026-03-22 00:07:55, -1.5580,55.0049, 104.7,15857,-59.0,-85.9,-81.2,  2,  4, 0.00,272, 3.9
2026-03-22 00:07:57, -1.5578,55.0049, 104.5,15866,-59.0,-86.0,-81.3,  2,  4, 0.00,272, 4.1
2026-03-22 00:07:59, -1.5577,55.0048, 104.4,15876,-58.9,-86.0,-81.2,  2,  4, 0.00,273, 4.2
2026-03-22 00:08:01, -1.5575,55.0048, 104.2,15887,-58.6,-85.8,-81.0,  2,  4, 0.00,274, 4.3
2026-03-22 00:08:03, -1.5574,55.0048, 104.0,15897,-58.6,-85.8,-81.0,  2,  4, 0.00,274, 4.4
2026-03-22 00:08:05, -1.5573,55.0048, 103.9,15906,-58.5,-85.8,-81.0,  2,  3, 0.00,275, 4.5
2026-03-22 00:08:07, -1.5572,55.0048, 103.7,15916,-58.5,-85.8,-81.0,  2,  3, 0.00,276, 4.5
2026-03-22 00:08:09, -1.5571,55.0048, 103.5,15925,-58.5,-85.8,-81.1,  2,  3, 0.00,277, 4.6
2026-03-22 00:08:11, -1.5569,55.0048, 103.4,15935,-58.6,-85.9,-81.2,  2,  3, 0.00,278, 4.7
2026-03-22 00:08:13, -1.5567,55.0048, 103.2,15945,-58.7,-86.0,-81.2,  2,  3, 0.00,279, 4.7
2026-03-22 00:08:15, -1.5565,55.0048, 103.1,15955,-58.7,-86.1,-81.3,  2,  3, 0.00,280, 4.8
2026-03-22 00:08:17, -1.5564,55.0048, 102.9,15966,-58.8,-86.1,-81.4,  2,  3, 0.00,281, 4.8
2026-03-22 00:08:19, -1.5562,55.0048, 102.7,15976,-58.8,-86.1,-81.4,  2,  3, 0.00,282, 4.8
2026-03-22 00:08:21, -1.5561,55.0048, 102.5,15987,-58.8,-86.1,-81.4,  2,  3, 0.00,283, 4.9
2026-03-22 00:08:23, -1.5560,55.0047, 102.4,15997,-58.8,-86.1,-81.4,  2,  3, 0.00,284, 4.9
2026-03-22 00:08:25, -1.5558,55.0047, 102.2,16008,-58.8,-86.1,-81.4,  2,  3, 0.00,285, 4.9
2026-03-22 00:08:27, -1.5557,55.0047, 102.0,16018,-58.8,-86.2,-81.4,  2,  3, 0.00,287, 4.9
2026-03-22 00:08:29, -1.5555,55.0047, 101.9,16028,-58.9,-86.2,-81.4,  2,  3, 0.00,288, 4.8
2026-03-22 00:08:31, -1.5554,55.0046, 101.7,16038,-58.9,-86.2,-81.5,  2,  3, 0.00,289, 4.8
2026-03-22 00:08:33, -1.5552,55.0046, 101.5,16048,-59.0,-86.2,-81.5,  2,  3, 0.00,291, 4.8
2026-03-22 00:08:35, -1.5551,55.0046, 101.4,16058,-59.0,-86.2,-81.5,  2,  3, 0.00,292, 4.7
2026-03-22 00:08:37, -1.5549,55.0045, 101.2,16067,-59.1,-86.2,-81.5,  2,  3, 0.00,294, 4.7
2026-03-22 00:08:39, -1.5548,55.0045, 101.1,16078,-59.1,-86.2,-81.5,  2,  3, 0.00,296, 4.6
2026-03-22 00:08:41, -1.5546,55.0045, 100.9,16089,-59.1,-86.2,-81.4,  2,  4, 0.00,298, 4.6
2026-03-22 00:08:43, -1.5545,55.0045, 100.7,16098,-59.1,-86.2,-81.4,  2,  4, 0.00,300, 4.6
2026-03-22 00:08:45, -1.5544,55.0044, 100.6,16109,-59.2,-86.2,-81.4,  2,  4, 0.00,302, 4.6
2026-03-22 00:08:47, -1.5543,55.0044, 100.4,16119,-59.2,-86.2,-81.4,  2,  4, 0.00,304, 4.6
2026-03-22 00:08:49, -1.5542,55.0043, 100.2,16128,-59.3,-86.2,-81.4,  2,  4, 0.00,306, 4.6
2026-03-22 00:08:51, -1.5541,55.0043, 100.1,16139,-59.3,-86.2,-81.4,  2,  4, 0.00,307, 4.6
2026-03-22 00:08:52, -1.5541,55.0042, 100.0,16143,-59.3,-86.2,-81.4,  2,  4, 0.00,309, 4.6
2026-03-22 00:08:53, -1.5540,55.0042,  99.9,16150,-59.4,-86.2,-81.4,  2,  4, 0.00,309, 4.6
2026-03-22 00:08:55, -1.5539,55.0042,  99.7,16160,-59.4,-86.2,-81.4,  2,  4, 0.00,310, 4.7
2026-03-22 00:08:57, -1.5538,55.0041,  99.6,16170,-59.5,-86.2,-81.5,  2,  4, 0.00,311, 4.7
2026-03-22 00:08:59, -1.5536,55.0040,  99.4,16181,-59.6,-86.3,-81.5,  2,  4, 0.00,312, 4.7
2026-03-22 00:09:01, -1.5535,55.0040,  99.3,16190,-59.7,-86.4,-81.6,  2,  4, 0.00,313, 4.7
2026-03-22 00:09:03, -1.5534,55.0039,  99.1,16201,-59.7,-86.3,-81.6,  2,  4, 0.00,313, 4.7
2026-03-22 00:09:05, -1.5533,55.0038,  98.9,16212,-59.6,-86.3,-81.6,  2,  4, 0.00,313, 4.7
2026-03-22 00:09:07, -1.5532,55.0038,  98.7,16222,-59.6,-86.3,-81.6,  2,  4, 0.00,314, 4.6
2026-03-22 00:09:09, -1.5531,55.0037,  98.6,16233,-59.5,-86.2,-81.5,  2,  4, 0.00,314, 4.6
2026-03-22 00:09:11, -1.5530,55.0037,  98.4,16243,-59.4,-86.2,-81.4,  2,  4, 0.00,314, 4.5
2026-03-22 00:09:13, -1.5529,55.0036,  98.2,16254,-59.4,-86.2,-81.4,  2,  4, 0.00,314, 4.4
2026-03-22 00:09:15, -1.5528,55.0036,  98.1,16262,-59.4,-86.2,-81.5,  2,  4, 0.00,314, 4.3
2026-03-22 00:09:17, -1.5527,55.0035,  98.0,16272,-59.5,-86.3,-81.5,  2,  4, 0.00,315, 4.2
2026-03-22 00:09:19, -1.5526,55.0035,  97.8,16282,-59.6,-86.3,-81.6,  2,  4, 0.00,315, 4.0
2026-03-22 00:09:21, -1.5525,55.0034,  97.7,16292,-59.6,-86.4,-81.6,  2,  4, 0.00,315, 3.8
2026-03-22 00:09:23, -1.5525,55.0033,  97.5,16303,-59.7,-86.5,-81.7,  2,  4, 0.00,316, 3.7
2026-03-22 00:09:25, -1.5524,55.0033,  97.3,16314,-59.7,-86.5,-81.7,  2,  4, 0.00,316, 3.4
2026-03-22 00:09:27, -1.5523,55.0033,  97.2,16323,-59.8,-86.5,-81.8,  2,  4, 0.00,316, 3.2
2026-03-22 00:09:29, -1.5522,55.0032,  97.0,16333,-59.8,-86.6,-81.9,  2,  4, 0.00,317, 3.0
2026-03-22 00:09:31, -1.5521,55.0031,  96.9,16343,-59.9,-86.7,-81.9,  2,  4, 0.00,317, 2.7
2026-03-22 00:09:33, -1.5521,55.0031,  96.7,16353,-59.9,-86.7,-82.0,  2,  4, 0.00,317, 2.5
2026-03-22 00:09:35, -1.5521,55.0031,  96.5,16363,-59.9,-86.8,-82.0,  2,  4, 0.00,317, 2.2
2026-03-22 00:09:37, -1.5520,55.0031,  96.4,16373,-59.7,-86.6,-81.9,  2,  4, 0.00,318, 2.0
2026-03-22 00:09:39, -1.5520,55.0030,  96.2,16383,-59.5,-86.6,-81.8,  2,  3, 0.00,318, 1.8
2026-03-22 00:09:41, -1.5519,55.0030,  96.1,16393,-59.5,-86.6,-81.9,  2,  3, 0.00,318, 1.7
2026-03-22 00:09:43, -1.5519,55.0030,  95.9,16403,-59.5,-86.6,-81.9,  2,  3, 0.00,318, 1.5
2026-03-22 00:09:45, -1.5519,55.0030,  95.8,16415,-59.3,-86.6,-81.8,  2,  3, 0.00,317, 1.5
2026-03-22 00:09:47, -1.5519,55.0030,  95.6,16426,-59.3,-86.6,-81.9,  2,  3, 0.00,316, 1.4
2026-03-22 00:09:49, -1.5520,55.0030,  95.4,16435,-59.3,-86.7,-81.9,  2,  3, 0.00,314, 1.5
2026-03-22 00:09:51, -1.5520,55.0030,  95.3,16445,-59.3,-86.7,-81.9,  2,  3, 0.00,312, 1.5
2026-03-22 00:09:53, -1.5520,55.0030,  95.1,16455,-59.3,-86.7,-82.0,  2,  3, 0.00,310, 1.6
2026-03-22 00:09:55, -1.5519,55.0030,  95.0,16466,-59.3,-86.8,-82.0,  2,  3, 0.00,308, 1.8
2026-03-22 00:09:57, -1.5518,55.0029,  94.8,16476,-59.3,-86.8,-82.0,  2,  3, 0.00,306, 2.0
2026-03-22 00:09:59, -1.5518,55.0029,  94.7,16485,-59.2,-86.7,-82.0,  2,  3, 0.00,304, 2.2
2026-03-22 00:10:01, -1.5517,55.0029,  94.5,16495,-59.2,-86.7,-81.9,  2,  3, 0.00,302, 2.4
2026-03-22 00:10:03, -1.5516,55.0029,  94.4,16504,-59.2,-86.7,-81.9,  2,  3, 0.00,300, 2.7
2026-03-22 00:10:05, -1.5516,55.0028,  94.2,16515,-59.2,-86.7,-81.9,  2,  3, 0.00,299, 2.9
2026-03-22 00:10:07, -1.5515,55.0028,  94.1,16525,-59.2,-86.7,-81.9,  2,  3, 0.00,297, 3.2
2026-03-22 00:10:09, -1.5514,55.0028,  93.9,16534,-59.3,-86.7,-82.0,  2,  3, 0.00,297, 3.4
2026-03-22 00:10:11, -1.5513,55.0027,  93.8,16543,-59.3,-86.8,-82.0,  2,  3, 0.00,296, 3.7
2026-03-22 00:10:13, -1.5512,55.0027,  93.7,16553,-59.4,-86.8,-82.1,  2,  3, 0.00,296, 3.9
2026-03-22 00:10:15, -1.5510,55.0027,  93.5,16562,-59.4,-86.8,-82.1,  2,  3, 0.00,297, 4.2
2026-03-22 00:10:17, -1.5509,55.0027,  93.4,16572,-59.5,-86.8,-82.1,  2,  3, 0.00,297, 4.4
2026-03-22 00:10:19, -1.5508,55.0027,  93.2,16583,-59.5,-86.8,-82.0,  2,  3, 0.00,298, 4.6
2026-03-22 00:10:21, -1.5507,55.0027,  93.1,16593,-59.5,-86.8,-82.1,  2,  3, 0.00,300, 4.8
2026-03-22 00:10:23, -1.5505,55.0026,  92.9,16603,-59.6,-86.9,-82.1,  2,  3, 0.00,301, 4.9
2026-03-22 00:10:25, -1.5504,55.0025,  92.8,16612,-59.6,-86.8,-82.1,  2,  3, 0.00,303, 5.1
2026-03-22 00:10:27, -1.5502,55.0025,  92.6,16622,-59.6,-86.8,-82.1,  2,  3, 0.00,304, 5.3
2026-03-22 00:10:29, -1.5500,55.0024,  92.5,16632,-59.7,-86.9,-82.1,  2,  3, 0.00,306, 5.4
2026-03-22 00:10:31, -1.5499,55.0024,  92.3,16642,-59.7,-86.9,-82.2,  2,  3, 0.00,308, 5.5
2026-03-22 00:10:33, -1.5498,55.0023,  92.2,16651,-59.8,-86.9,-82.2,  2,  3, 0.00,309, 5.5
2026-03-22 00:10:35, -1.5497,55.0022,  92.0,16663,-59.7,-86.9,-82.2,  2,  3, 0.00,310, 5.6
2026-03-22 00:10:37, -1.5495,55.0022,  91.9,16674,-59.7,-86.9,-82.2,  2,  3, 0.00,311, 5.6
2026-03-22 00:10:39, -1.5494,55.0021,  91.7,16684,-59.7,-86.9,-82.2,  2,  3, 0.00,312, 5.5
2026-03-22 00:10:41, -1.5493,55.0020,  91.6,16694,-59.6,-86.9,-82.2,  2,  3, 0.00,313, 5.4
2026-03-22 00:10:43, -1.5491,55.0019,  91.4,16705,-59.6,-86.9,-82.1,  2,  3, 0.00,314, 5.3
2026-03-22 00:10:45, -1.5490,55.0018,  91.3,16714,-59.5,-86.9,-82.1,  2,  3, 0.00,314, 5.1
2026-03-22 00:10:47, -1.5489,55.0018,  91.1,16723,-59.3,-86.8,-82.0,  2,  3, 0.00,314, 4.9
2026-03-22 00:10:49, -1.5488,55.0017,  91.0,16733,-59.0,-86.6,-81.8,  2,  3, 0.00,314, 4.7
2026-03-22 00:10:51, -1.5487,55.0016,  90.8,16744,-58.9,-86.6,-81.8,  2,  3, 0.00,314, 4.4
2026-03-22 00:10:53, -1.5486,55.0016,  90.7,16755,-58.9,-86.5,-81.8,  2,  3, 0.00,313, 4.2
2026-03-22 00:10:55, -1.5485,55.0015,  90.5,16766,-58.8,-86.5,-81.7,  2,  3, 0.00,312, 3.9
2026-03-22 00:10:57, -1.5484,55.0015,  90.4,16777,-58.8,-86.5,-81.7,  2,  3, 0.00,312, 3.7
2026-03-22 00:10:59, -1.5483,55.0015,  90.2,16786,-58.7,-86.5,-81.7,  2,  3, 0.00,310, 3.4
2026-03-22 00:11:01, -1.5483,55.0015,  90.1,16795,-58.6,-86.4,-81.7,  2,  3, 0.00,309, 3.2
2026-03-22 00:11:03, -1.5483,55.0014,  90.0,16805,-58.6,-86.4,-81.7,  2,  3, 0.00,308, 3.0
2026-03-22 00:11:05, -1.5482,55.0014,  89.8,16814,-58.5,-86.4,-81.6,  2,  3, 0.00,307, 2.8
2026-03-22 00:11:07, -1.5481,55.0014,  89.7,16824,-58.5,-86.4,-81.6,  2,  3, 0.00,306, 2.7
2026-03-22 00:11:09, -1.5480,55.0013,  89.5,16835,-58.5,-86.5,-81.7,  2,  3, 0.00,305, 2.5
2026-03-22 00:11:11, -1.5479,55.0013,  89.4,16845,-58.5,-86.4,-81.7,  2,  3, 0.00,304, 2.4
2026-03-22 00:11:13, -1.5478,55.0013,  89.2,16856,-58.3,-86.3,-81.6,  2,  3, 0.00,304, 2.3
2026-03-22 00:11:15, -1.5478,55.0013,  89.1,16867,-57.9,-86.1,-81.4,  2,  3, 0.00,305, 2.2
2026-03-22 00:11:17, -1.5478,55.0013,  88.9,16876,-57.8,-86.1,-81.3,  2,  3, 0.00,306, 2.2
2026-03-22 00:11:19, -1.5477,55.0013,  88.8,16886,-57.8,-86.1,-81.3,  2,  3, 0.00,308, 2.1
2026-03-22 00:11:21, -1.5477,55.0012,  88.7,16896,-57.7,-86.0,-81.2,  2,  3, 0.00,310, 2.0
2026-03-22 00:11:23, -1.5476,55.0012,  88.5,16906,-57.6,-86.0,-81.2,  2,  3, 0.00,313, 2.0
2026-03-22 00:11:25, -1.5475,55.0012,  88.4,16916,-57.6,-86.0,-81.2,  2,  3, 0.00,317, 2.0
2026-03-22 00:11:27, -1.5475,55.0012,  88.3,16925,-57.4,-85.9,-81.1,  2,  3, 0.00,321, 2.0
2026-03-22 00:11:29, -1.5475,55.0012,  88.1,16936,-57.3,-85.8,-81.0,  2,  3, 0.00,325, 2.1
2026-03-22 00:11:31, -1.5475,55.0012,  87.9,16948,-57.3,-85.7,-81.0,  2,  3, 0.00,329, 2.1
2026-03-22 00:11:33, -1.5474,55.0011,  87.8,16959,-57.3,-85.8,-81.0,  2,  3, 0.00,332, 2.2
2026-03-22 00:11:35, -1.5474,55.0011,  87.6,16970,-57.3,-85.8,-81.0,  2,  3, 0.00,335, 2.4
2026-03-22 00:11:37, -1.5474,55.0011,  87.5,16980,-57.4,-85.8,-81.0,  2,  3, 0.00,338, 2.5
2026-03-22 00:11:39, -1.5474,55.0010,  87.4,16990,-57.3,-85.8,-81.0,  2,  3, 0.00,340, 2.7
2026-03-22 00:11:41, -1.5473,55.0010,  87.2,17001,-57.3,-85.7,-81.0,  2,  3, 0.00,342, 2.9
2026-03-22 00:11:43, -1.5473,55.0009,  87.1,17010,-57.2,-85.7,-80.9,  2,  3, 0.00,344, 3.1
2026-03-22 00:11:45, -1.5473,55.0008,  86.9,17020,-57.2,-85.7,-80.9,  2,  3, 0.00,345, 3.3
2026-03-22 00:11:47, -1.5473,55.0008,  86.8,17031,-57.2,-85.7,-80.9,  2,  3, 0.00,345, 3.5
2026-03-22 00:11:49, -1.5473,55.0007,  86.6,17042,-57.2,-85.7,-80.9,  2,  3, 0.00,346, 3.7
2026-03-22 00:11:51, -1.5473,55.0007,  86.5,17053,-57.1,-85.6,-80.9,  2,  3, 0.00,346, 4.0
2026-03-22 00:11:53, -1.5472,55.0006,  86.4,17063,-57.1,-85.6,-80.9,  2,  3, 0.00,347, 4.2
2026-03-22 00:11:55, -1.5472,55.0005,  86.2,17073,-57.1,-85.6,-80.9,  2,  3, 0.00,347, 4.4
2026-03-22 00:11:57, -1.5471,55.0004,  86.1,17082,-57.1,-85.7,-80.9,  2,  3, 0.00,347, 4.6
2026-03-22 00:11:59, -1.5471,55.0004,  85.9,17093,-57.1,-85.7,-80.9,  2,  3, 0.00,347, 4.8
2026-03-22 00:12:01, -1.5471,55.0003,  85.8,17103,-57.1,-85.6,-80.9,  2,  3, 0.00,347, 5.0
2026-03-22 00:12:03, -1.5471,55.0002,  85.7,17112,-57.1,-85.6,-80.9,  2,  3, 0.00,347, 5.2
2026-03-22 00:12:05, -1.5470,55.0001,  85.6,17122,-57.1,-85.7,-80.9,  2,  3, 0.00,348, 5.3
2026-03-22 00:12:07, -1.5470,55.0000,  85.4,17133,-57.2,-85.7,-80.9,  2,  3, 0.00,348, 5.4
2026-03-22 00:12:09, -1.5469,54.9999,  85.3,17144,-57.1,-85.7,-80.9,  2,  3, 0.00,348, 5.4
2026-03-22 00:12:11, -1.5469,54.9997,  85.1,17154,-57.1,-85.7,-80.9,  2,  3, 0.00,348, 5.4
2026-03-22 00:12:13, -1.5468,54.9996,  85.0,17164,-57.0,-85.6,-80.9,  2,  3, 0.00,349, 5.4
2026-03-22 00:12:15, -1.5468,54.9995,  84.8,17175,-56.9,-85.6,-80.8,  2,  3, 0.00,350, 5.3
2026-03-22 00:12:17, -1.5467,54.9994,  84.7,17186,-56.8,-85.5,-80.8,  2,  3, 0.00,350, 5.3
2026-03-22 00:12:19, -1.5467,54.9993,  84.6,17196,-56.6,-85.4,-80.7,  2,  3, 0.00,351, 5.2
2026-03-22 00:12:21, -1.5467,54.9993,  84.4,17206,-56.5,-85.4,-80.6,  2,  3, 0.00,352, 5.0
2026-03-22 00:12:23, -1.5467,54.9992,  84.3,17217,-56.5,-85.4,-80.7,  2,  3, 0.00,353, 4.9
2026-03-22 00:12:25, -1.5467,54.9991,  84.2,17227,-56.4,-85.4,-80.6,  2,  3, 0.00,354, 4.7
2026-03-22 00:12:27, -1.5466,54.9991,  84.0,17237,-56.3,-85.3,-80.6,  2,  3, 0.00,355, 4.6
2026-03-22 00:12:29, -1.5466,54.9990,  83.9,17248,-56.3,-85.3,-80.5,  2,  3, 0.00,355, 4.4
2026-03-22 00:12:31, -1.5466,54.9989,  83.7,17259,-56.2,-85.3,-80.5,  2,  3, 0.00,356, 4.3
2026-03-22 00:12:33, -1.5466,54.9988,  83.6,17270,-56.3,-85.3,-80.5,  2,  3, 0.00,356, 4.2
2026-03-22 00:12:35, -1.5467,54.9987,  83.4,17281,-56.3,-85.3,-80.6,  2,  3, 0.00,356, 4.0
2026-03-22 00:12:37, -1.5467,54.9986,  83.3,17291,-56.3,-85.3,-80.6,  2,  3, 0.00,355, 3.9
2026-03-22 00:12:39, -1.5467,54.9986,  83.2,17300,-56.3,-85.3,-80.6,  2,  3, 0.00,354, 3.8
2026-03-22 00:12:41, -1.5467,54.9985,  83.0,17312,-56.1,-85.2,-80.4,  2,  3, 0.00,352, 3.7
2026-03-22 00:12:43, -1.5467,54.9985,  82.9,17324,-56.0,-85.1,-80.3,  2,  3, 0.00,350, 3.7
2026-03-22 00:12:45, -1.5467,54.9984,  82.7,17334,-55.9,-85.0,-80.2,  2,  3, 0.00,347, 3.6
2026-03-22 00:12:47, -1.5466,54.9984,  82.6,17344,-55.9,-85.0,-80.2,  2,  3, 0.00,344, 3.6
2026-03-22 00:12:49, -1.5466,54.9983,  82.5,17355,-55.9,-85.0,-80.3,  2,  3, 0.00,341, 3.6
2026-03-22 00:12:51, -1.5466,54.9982,  82.3,17366,-56.0,-85.1,-80.3,  2,  3, 0.00,338, 3.6
2026-03-22 00:12:53, -1.5465,54.9982,  82.2,17377,-56.1,-85.1,-80.4,  2,  3, 0.00,334, 3.6
2026-03-22 00:12:55, -1.5465,54.9982,  82.0,17389,-56.2,-85.2,-80.4,  2,  3, 0.00,331, 3.6
2026-03-22 00:12:57, -1.5464,54.9981,  81.9,17400,-56.2,-85.2,-80.5,  2,  3, 0.00,327, 3.6
2026-03-22 00:12:59, -1.5463,54.9980,  81.8,17410,-56.3,-85.3,-80.5,  2,  3, 0.00,324, 3.7
2026-03-22 00:13:01, -1.5462,54.9980,  81.6,17420,-56.4,-85.3,-80.5,  2,  3, 0.00,320, 3.7
2026-03-22 00:13:03, -1.5461,54.9979,  81.5,17430,-56.4,-85.3,-80.6,  2,  3, 0.00,317, 3.8
2026-03-22 00:13:05, -1.5461,54.9979,  81.4,17441,-56.4,-85.3,-80.5,  2,  3, 0.00,313, 3.9
2026-03-22 00:13:07, -1.5460,54.9978,  81.2,17452,-56.3,-85.2,-80.5,  2,  3, 0.00,310, 4.0
2026-03-22 00:13:09, -1.5459,54.9977,  81.1,17463,-56.2,-85.1,-80.4,  2,  3, 0.00,307, 4.1
2026-03-22 00:13:11, -1.5458,54.9977,  81.0,17473,-56.1,-85.1,-80.3,  2,  3, 0.00,304, 4.2
2026-03-22 00:13:13, -1.5457,54.9977,  80.8,17484,-55.9,-85.0,-80.2,  2,  3, 0.00,301, 4.3
2026-03-22 00:13:15, -1.5456,54.9977,  80.7,17494,-55.9,-84.9,-80.2,  2,  3, 0.00,299, 4.4
2026-03-22 00:13:17, -1.5455,54.9977,  80.5,17505,-55.9,-85.0,-80.2,  2,  3, 0.00,298, 4.6
2026-03-22 00:13:19, -1.5453,54.9977,  80.4,17515,-56.0,-85.0,-80.3,  2,  3, 0.00,297, 4.8
2026-03-22 00:13:21, -1.5452,54.9976,  80.3,17524,-56.1,-85.1,-80.3,  2,  3, 0.00,296, 4.9
2026-03-22 00:13:23, -1.5450,54.9976,  80.2,17534,-56.2,-85.2,-80.4,  2,  3, 0.00,295, 5.1
2026-03-22 00:13:25, -1.5449,54.9975,  80.0,17545,-56.3,-85.2,-80.5,  2,  3, 0.00,295, 5.2
2026-03-22 00:13:27, -1.5447,54.9975,  79.9,17554,-56.3,-85.3,-80.5,  2,  3, 0.00,296, 5.3
2026-03-22 00:13:29, -1.5445,54.9975,  79.8,17564,-56.2,-85.3,-80.5,  2,  3, 0.00,297, 5.4
2026-03-22 00:13:31, -1.5443,54.9975,  79.7,17573,-56.2,-85.3,-80.5,  2,  3, 0.00,297, 5.5
2026-03-22 00:13:33, -1.5442,54.9974,  79.6,17583,-56.2,-85.3,-80.5,  2,  3, 0.00,298, 5.5
2026-03-22 00:13:35, -1.5440,54.9973,  79.4,17592,-56.1,-85.3,-80.5,  2,  3, 0.00,300, 5.6
2026-03-22 00:13:37, -1.5439,54.9972,  79.3,17602,-55.9,-85.2,-80.4,  2,  3, 0.00,301, 5.6
2026-03-22 00:13:39, -1.5437,54.9972,  79.2,17612,-55.8,-85.2,-80.4,  2,  3, 0.00,302, 5.5
2026-03-22 00:13:41, -1.5436,54.9972,  79.1,17623,-55.6,-85.1,-80.3,  2,  3, 0.00,304, 5.5
2026-03-22 00:13:43, -1.5434,54.9971,  78.9,17634,-55.5,-85.1,-80.3,  2,  3, 0.00,306, 5.4
2026-03-22 00:13:45, -1.5432,54.9971,  78.8,17645,-55.5,-85.1,-80.4,  2,  3, 0.00,308, 5.3
2026-03-22 00:13:47, -1.5431,54.9970,  78.7,17653,-55.5,-85.1,-80.3,  2,  3, 0.00,310, 5.1
2026-03-22 00:13:49, -1.5430,54.9969,  78.6,17662,-55.4,-85.1,-80.3,  2,  3, 0.00,312, 5.0
2026-03-22 00:13:51, -1.5429,54.9969,  78.4,17673,-55.4,-85.1,-80.3,  2,  3, 0.00,315, 4.8
2026-03-22 00:13:53, -1.5428,54.9968,  78.3,17685,-55.5,-85.1,-80.4,  2,  3, 0.00,317, 4.6
2026-03-22 00:13:55, -1.5427,54.9968,  78.2,17695,-55.5,-85.1,-80.4,  2,  3, 0.00,320, 4.4
2026-03-22 00:13:57, -1.5426,54.9967,  78.1,17704,-55.5,-85.2,-80.4,  2,  3, 0.00,323, 4.2
2026-03-22 00:13:59, -1.5425,54.9966,  78.0,17713,-55.5,-85.2,-80.4,  2,  3, 0.00,327, 4.0
2026-03-22 00:14:01, -1.5424,54.9965,  77.8,17724,-55.5,-85.2,-80.4,  2,  3, 0.00,331, 3.8
2026-03-22 00:14:03, -1.5424,54.9965,  77.7,17733,-55.5,-85.2,-80.4,  2,  3, 0.00,334, 3.6
2026-03-22 00:14:05, -1.5424,54.9964,  77.6,17743,-55.5,-85.2,-80.5,  2,  3, 0.00,339, 3.4
2026-03-22 00:14:07, -1.5424,54.9964,  77.5,17754,-55.5,-85.2,-80.5,  2,  3, 0.00,343, 3.2
2026-03-22 00:14:09, -1.5423,54.9963,  77.3,17764,-55.5,-85.2,-80.4,  2,  3, 0.00,347, 3.1
2026-03-22 00:14:11, -1.5423,54.9963,  77.2,17774,-55.5,-85.2,-80.4,  2,  3, 0.00,352, 2.9
2026-03-22 00:14:13, -1.5424,54.9962,  77.1,17784,-55.4,-85.1,-80.4,  2,  3, 0.00,356, 2.8
2026-03-22 00:14:15, -1.5424,54.9962,  77.0,17794,-55.4,-85.1,-80.3,  2,  3, 0.00,360, 2.8
2026-03-22 00:14:17, -1.5424,54.9962,  76.8,17804,-55.3,-85.1,-80.3,  2,  3, 0.00,  3, 2.7
2026-03-22 00:14:19, -1.5424,54.9961,  76.7,17814,-55.3,-85.1,-80.3,  2,  3, 0.00,  6, 2.6
2026-03-22 00:14:21, -1.5424,54.9961,  76.6,17824,-55.3,-85.0,-80.3,  2,  3, 0.00,  8, 2.6
2026-03-22 00:14:23, -1.5425,54.9960,  76.5,17835,-55.3,-85.0,-80.3,  2,  3, 0.00, 10, 2.5
2026-03-22 00:14:25, -1.5425,54.9960,  76.3,17846,-55.4,-85.1,-80.3,  2,  3, 0.00, 12, 2.5
2026-03-22 00:14:27, -1.5425,54.9959,  76.2,17857,-55.4,-85.1,-80.3,  2,  3, 0.00, 13, 2.4
2026-03-22 00:14:29, -1.5425,54.9959,  76.1,17868,-55.4,-85.1,-80.3,  2,  3, 0.00, 14, 2.3
2026-03-22 00:14:31, -1.5425,54.9958,  76.0,17877,-55.5,-85.1,-80.3,  2,  3, 0.00, 15, 2.2
2026-03-22 00:14:33, -1.5426,54.9958,  75.8,17888,-55.5,-85.1,-80.3,  2,  3, 0.00, 16, 2.1
2026-03-22 00:14:35, -1.5426,54.9958,  75.7,17898,-55.5,-85.1,-80.3,  2,  3, 0.00, 17, 2.0
2026-03-22 00:14:37, -1.5427,54.9957,  75.6,17909,-55.5,-85.1,-80.3,  2,  3, 0.00, 18, 1.8
2026-03-22 00:14:39, -1.5427,54.9957,  75.5,17920,-55.5,-85.1,-80.3,  2,  3, 0.00, 20, 1.7
2026-03-22 00:14:41, -1.5427,54.9957,  75.3,17932,-55.6,-85.1,-80.3,  2,  3, 0.00, 23, 1.6
2026-03-22 00:14:43, -1.5427,54.9957,  75.2,17944,-55.6,-85.1,-80.3,  2,  3, 0.00, 26, 1.5
2026-03-22 00:14:45, -1.5426,54.9957,  75.1,17954,-55.7,-85.1,-80.4,  2,  3, 0.00, 29, 1.4
2026-03-22 00:14:47, -1.5426,54.9956,  74.9,17964,-55.8,-85.1,-80.4,  2,  3, 0.00, 33, 1.4
2026-03-22 00:14:49, -1.5427,54.9956,  74.8,17974,-55.8,-85.2,-80.4,  2,  3, 0.00, 37, 1.4
2026-03-22 00:14:51, -1.5427,54.9956,  74.7,17985,-55.9,-85.2,-80.4,  2,  3, 0.00, 41, 1.4
2026-03-22 00:14:53, -1.5428,54.9956,  74.6,17996,-55.9,-85.2,-80.4,  2,  3, 0.00, 44, 1.4
2026-03-22 00:14:55, -1.5428,54.9956,  74.5,18006,-56.0,-85.2,-80.5,  2,  3, 0.00, 47, 1.5
2026-03-22 00:14:57, -1.5428,54.9956,  74.3,18017,-56.1,-85.3,-80.5,  2,  3, 0.00, 48, 1.5
2026-03-22 00:14:59, -1.5429,54.9956,  74.2,18026,-56.1,-85.3,-80.5,  2,  3, 0.00, 49, 1.6
2026-03-22 00:15:01, -1.5429,54.9956,  74.1,18036,-56.1,-85.3,-80.5,  2,  3, 0.00, 50, 1.7
2026-03-22 00:15:03, -1.5430,54.9956,  73.9,18048,-56.1,-85.3,-80.5,  2,  3, 0.00, 50, 1.8
2026-03-22 00:15:05, -1.5431,54.9956,  73.8,18059,-56.2,-85.3,-80.5,  2,  3, 0.00, 49, 1.8
2026-03-22 00:15:07, -1.5431,54.9955,  73.7,18068,-56.2,-85.3,-80.5,  2,  3, 0.00, 49, 1.9
2026-03-22 00:15:09, -1.5431,54.9955,  73.6,18079,-56.3,-85.3,-80.6,  2,  3, 0.00, 48, 1.9
2026-03-22 00:15:11, -1.5432,54.9954,  73.5,18089,-56.3,-85.4,-80.6,  2,  3, 0.00, 47, 2.0
2026-03-22 00:15:13, -1.5432,54.9954,  73.4,18099,-56.4,-85.4,-80.7,  2,  3, 0.00, 47, 2.0
2026-03-22 00:15:15, -1.5432,54.9954,  73.3,18109,-56.4,-85.4,-80.7,  2,  3, 0.00, 47, 2.0
2026-03-22 00:15:17, -1.5433,54.9954,  73.1,18119,-56.4,-85.4,-80.7,  2,  3, 0.00, 46, 2.1
2026-03-22 00:15:19, -1.5434,54.9954,  73.0,18131,-56.4,-85.4,-80.6,  2,  3, 0.00, 46, 2.1
2026-03-22 00:15:21, -1.5434,54.9954,  72.9,18142,-56.4,-85.4,-80.7,  2,  3, 0.00, 47, 2.1
2026-03-22 00:15:23, -1.5435,54.9953,  72.7,18153,-56.5,-85.5,-80.7,  2,  3, 0.00, 47, 2.1
2026-03-22 00:15:25, -1.5435,54.9953,  72.6,18164,-56.5,-85.5,-80.7,  2,  3, 0.00, 48, 2.1
2026-03-22 00:15:27, -1.5435,54.9952,  72.5,18174,-56.5,-85.5,-80.7,  2,  3, 0.00, 49, 2.1
2026-03-22 00:15:29, -1.5436,54.9952,  72.4,18184,-56.5,-85.5,-80.7,  2,  3, 0.00, 50, 2.1
2026-03-22 00:15:31, -1.5436,54.9952,  72.3,18194,-56.6,-85.5,-80.7,  2,  3, 0.00, 50, 2.1
2026-03-22 00:15:33, -1.5437,54.9952,  72.1,18205,-56.6,-85.5,-80.8,  2,  3, 0.00, 51, 2.1
2026-03-22 00:15:35, -1.5438,54.9952,  72.0,18215,-56.7,-85.6,-80.8,  2,  3, 0.00, 52, 2.1
2026-03-22 00:15:37, -1.5438,54.9951,  71.9,18227,-56.7,-85.6,-80.8,  2,  3, 0.00, 53, 2.1
2026-03-22 00:15:39, -1.5439,54.9951,  71.8,18238,-56.7,-85.6,-80.8,  2,  3, 0.00, 54, 2.1
2026-03-22 00:15:41, -1.5440,54.9951,  71.7,18248,-56.8,-85.6,-80.8,  2,  3, 0.00, 54, 2.1
2026-03-22 00:15:43, -1.5440,54.9951,  71.5,18258,-56.8,-85.6,-80.8,  2,  3, 0.00, 55, 2.2
2026-03-22 00:15:45, -1.5441,54.9950,  71.4,18269,-56.8,-85.6,-80.8,  2,  3, 0.00, 55, 2.2
2026-03-22 00:15:47, -1.5441,54.9950,  71.3,18279,-56.8,-85.6,-80.8,  2,  3, 0.00, 55, 2.2
2026-03-22 00:15:49, -1.5441,54.9950,  71.2,18289,-56.8,-85.6,-80.8,  2,  3, 0.00, 55, 2.3
2026-03-22 00:15:51, -1.5441,54.9950,  71.1,18300,-56.9,-85.6,-80.8,  2,  3, 0.00, 55, 2.3
2026-03-22 00:15:53, -1.5442,54.9950,  71.0,18311,-56.9,-85.6,-80.9,  2,  3, 0.00, 55, 2.3
2026-03-22 00:15:55, -1.5443,54.9950,  70.9,18321,-57.0,-85.7,-80.9,  2,  3, 0.00, 55, 2.4
2026-03-22 00:15:57, -1.5445,54.9949,  70.7,18332,-57.0,-85.7,-81.0,  2,  3, 0.00, 55, 2.4
2026-03-22 00:15:59, -1.5445,54.9949,  70.6,18342,-57.1,-85.8,-81.0,  2,  3, 0.00, 54, 2.5
2026-03-22 00:16:01, -1.5446,54.9948,  70.5,18352,-57.1,-85.8,-81.0,  2,  3, 0.00, 54, 2.5
2026-03-22 00:16:03, -1.5446,54.9948,  70.4,18362,-57.2,-85.8,-81.1,  2,  3, 0.00, 54, 2.6
2026-03-22 00:16:05, -1.5446,54.9948,  70.2,18375,-57.2,-85.8,-81.1,  2,  3, 0.00, 53, 2.6
2026-03-22 00:16:07, -1.5447,54.9948,  70.1,18387,-57.2,-85.9,-81.1,  2,  3, 0.00, 53, 2.6
2026-03-22 00:16:09, -1.5448,54.9948,  70.0,18397,-57.3,-85.9,-81.2,  2,  3, 0.00, 53, 2.6
2026-03-22 00:16:09, -1.5448,54.9948,  70.0,18398,-57.3,-85.9,-81.2,  2,  3, 0.00, 53, 2.7
2026-03-22 00:16:11, -1.5449,54.9947,  69.9,18409,-57.3,-86.0,-81.2,  2,  3, 0.00, 53, 2.7
2026-03-22 00:16:13, -1.5450,54.9947,  69.8,18419,-57.3,-85.9,-81.2,  2,  3, 0.00, 53, 2.8
2026-03-22 00:16:15, -1.5450,54.9946,  69.6,18430,-57.2,-85.9,-81.1,  2,  3, 0.00, 54, 2.8
2026-03-22 00:16:17, -1.5450,54.9946,  69.5,18441,-57.1,-85.8,-81.1,  2,  3, 0.00, 54, 2.8
2026-03-22 00:16:19, -1.5451,54.9946,  69.4,18451,-57.1,-85.8,-81.1,  2,  3, 0.00, 55, 2.8
2026-03-22 00:16:21, -1.5451,54.9946,  69.3,18461,-57.1,-85.8,-81.1,  2,  3, 0.00, 55, 2.9
2026-03-22 00:16:23, -1.5452,54.9946,  69.2,18471,-57.1,-85.8,-81.1,  2,  3, 0.00, 56, 2.9
2026-03-22 00:16:25, -1.5454,54.9945,  69.1,18481,-57.1,-85.8,-81.1,  2,  3, 0.00, 56, 2.9
2026-03-22 00:16:27, -1.5455,54.9945,  68.9,18492,-57.1,-85.8,-81.1,  2,  3, 0.00, 57, 2.9
2026-03-22 00:16:29, -1.5456,54.9945,  68.8,18502,-57.1,-85.8,-81.1,  2,  3, 0.00, 57, 2.9
2026-03-22 00:16:31, -1.5456,54.9944,  68.7,18513,-57.1,-85.8,-81.1,  2,  3, 0.00, 58, 2.9
2026-03-22 00:16:33, -1.5457,54.9944,  68.6,18524,-57.2,-85.9,-81.1,  2,  3, 0.00, 58, 2.9
2026-03-22 00:16:35, -1.5458,54.9944,  68.5,18535,-57.3,-85.9,-81.1,  2,  3, 0.00, 58, 2.9
2026-03-22 00:16:37, -1.5458,54.9944,  68.4,18546,-57.3,-85.9,-81.2,  2,  3, 0.00, 58, 2.9
2026-03-22 00:16:39, -1.5459,54.9944,  68.2,18557,-57.4,-85.9,-81.2,  2,  3, 0.00, 57, 2.9
2026-03-22 00:16:41, -1.5460,54.9943,  68.1,18567,-57.5,-85.9,-81.2,  2,  3, 0.00, 57, 2.9
2026-03-22 00:16:43, -1.5461,54.9943,  68.0,18576,-57.5,-85.9,-81.2,  2,  3, 0.00, 57, 2.9
2026-03-22 00:16:45, -1.5462,54.9943,  67.9,18586,-57.6,-86.0,-81.2,  2,  3, 0.00, 56, 2.9
2026-03-22 00:16:47, -1.5462,54.9942,  67.8,18597,-57.6,-86.0,-81.2,  2,  3, 0.00, 55, 3.0
2026-03-22 00:16:49, -1.5463,54.9942,  67.7,18608,-57.7,-86.0,-81.2,  2,  3, 0.00, 55, 3.1
2026-03-22 00:16:51, -1.5463,54.9942,  67.6,18618,-57.8,-86.0,-81.3,  2,  3, 0.00, 54, 3.2
2026-03-22 00:16:53, -1.5463,54.9942,  67.5,18630,-57.8,-86.0,-81.3,  2,  3, 0.00, 54, 3.3
2026-03-22 00:16:55, -1.5464,54.9941,  67.4,18641,-57.8,-86.0,-81.2,  2,  3, 0.00, 53, 3.4
2026-03-22 00:16:57, -1.5466,54.9941,  67.2,18652,-57.8,-86.0,-81.2,  2,  3, 0.00, 53, 3.5
2026-03-22 00:16:59, -1.5467,54.9941,  67.1,18663,-57.9,-86.1,-81.3,  2,  3, 0.00, 52, 3.7
2026-03-22 00:17:01, -1.5469,54.9940,  67.0,18674,-57.9,-86.1,-81.3,  2,  3, 0.00, 52, 3.8
2026-03-22 00:17:03, -1.5469,54.9940,  66.9,18684,-58.0,-86.1,-81.4,  2,  3, 0.00, 52, 3.9
2026-03-22 00:17:05, -1.5470,54.9939,  66.8,18695,-58.0,-86.1,-81.4,  2,  3, 0.00, 51, 3.9
2026-03-22 00:17:07, -1.5471,54.9939,  66.7,18706,-58.1,-86.2,-81.4,  2,  3, 0.00, 51, 4.0
2026-03-22 00:17:09, -1.5472,54.9938,  66.5,18716,-58.1,-86.2,-81.5,  2,  3, 0.00, 51, 4.0
2026-03-22 00:17:11, -1.5473,54.9938,  66.4,18726,-58.2,-86.3,-81.5,  2,  3, 0.00, 52, 4.0
2026-03-22 00:17:13, -1.5474,54.9937,  66.3,18737,-58.2,-86.3,-81.5,  2,  3, 0.00, 52, 4.0
2026-03-22 00:17:15, -1.5475,54.9937,  66.2,18748,-58.2,-86.3,-81.6,  2,  3, 0.00, 53, 4.0
2026-03-22 00:17:17, -1.5476,54.9936,  66.1,18759,-58.3,-86.3,-81.6,  2,  3, 0.00, 54, 4.0
2026-03-22 00:17:19, -1.5477,54.9936,  66.0,18770,-58.2,-86.3,-81.5,  2,  3, 0.00, 55, 3.9
2026-03-22 00:17:21, -1.5478,54.9935,  65.9,18781,-58.2,-86.3,-81.5,  2,  3, 0.00, 56, 3.9
2026-03-22 00:17:23, -1.5479,54.9935,  65.8,18790,-58.2,-86.3,-81.5,  2,  3, 0.00, 58, 3.8
2026-03-22 00:17:25, -1.5480,54.9935,  65.7,18801,-58.2,-86.3,-81.5,  2,  3, 0.00, 59, 3.8
2026-03-22 00:17:27, -1.5481,54.9935,  65.5,18812,-58.2,-86.3,-81.5,  2,  3, 0.00, 60, 3.8
2026-03-22 00:17:29, -1.5483,54.9934,  65.4,18823,-58.2,-86.2,-81.5,  2,  3, 0.00, 62, 3.8
2026-03-22 00:17:31, -1.5484,54.9934,  65.3,18834,-58.2,-86.3,-81.5,  2,  3, 0.00, 63, 3.8
2026-03-22 00:17:33, -1.5485,54.9934,  65.2,18846,-58.3,-86.3,-81.6,  2,  3, 0.00, 64, 3.8
2026-03-22 00:17:35, -1.5485,54.9934,  65.1,18857,-58.4,-86.3,-81.6,  2,  3, 0.00, 64, 3.9
2026-03-22 00:17:37, -1.5486,54.9934,  64.9,18869,-58.4,-86.4,-81.6,  2,  3, 0.00, 65, 3.9
2026-03-22 00:17:39, -1.5487,54.9933,  64.8,18880,-58.5,-86.4,-81.7,  2,  3, 0.00, 65, 4.0
2026-03-22 00:17:41, -1.5488,54.9933,  64.7,18891,-58.6,-86.5,-81.7,  2,  3, 0.00, 65, 4.1
2026-03-22 00:17:43, -1.5489,54.9933,  64.6,18902,-58.6,-86.5,-81.7,  2,  3, 0.00, 66, 4.2
2026-03-22 00:17:45, -1.5491,54.9932,  64.5,18913,-58.6,-86.4,-81.7,  2,  3, 0.00, 66, 4.4
2026-03-22 00:17:47, -1.5492,54.9932,  64.4,18925,-58.6,-86.4,-81.7,  2,  3, 0.00, 65, 4.5
2026-03-22 00:17:49, -1.5493,54.9931,  64.3,18936,-58.6,-86.5,-81.7,  2,  3, 0.00, 65, 4.5
2026-03-22 00:17:51, -1.5494,54.9931,  64.2,18946,-58.7,-86.5,-81.7,  2,  3, 0.00, 65, 4.6
2026-03-22 00:17:53, -1.5496,54.9931,  64.0,18958,-58.7,-86.5,-81.7,  2,  3, 0.00, 65, 4.6
2026-03-22 00:17:55, -1.5498,54.9931,  63.9,18968,-58.7,-86.5,-81.8,  2,  3, 0.00, 65, 4.6
2026-03-22 00:17:57, -1.5500,54.9930,  63.8,18978,-58.8,-86.6,-81.8,  2,  3, 0.00, 65, 4.6
2026-03-22 00:17:59, -1.5502,54.9930,  63.7,18988,-58.8,-86.6,-81.9,  2,  3, 0.00, 64, 4.5
2026-03-22 00:18:01, -1.5503,54.9929,  63.6,18999,-58.8,-86.6,-81.9,  2,  3, 0.00, 64, 4.4
2026-03-22 00:18:03, -1.5504,54.9929,  63.5,19010,-58.8,-86.6,-81.9,  2,  3, 0.00, 63, 4.3
2026-03-22 00:18:05, -1.5505,54.9928,  63.4,19021,-58.9,-86.7,-81.9,  2,  3, 0.00, 62, 4.2
2026-03-22 00:18:07, -1.5506,54.9928,  63.3,19032,-58.9,-86.7,-81.9,  2,  3, 0.00, 61, 4.1
2026-03-22 00:18:09, -1.5507,54.9928,  63.2,19043,-58.9,-86.7,-81.9,  2,  3, 0.00, 60, 4.0
2026-03-22 00:18:11, -1.5508,54.9928,  63.1,19053,-58.8,-86.6,-81.9,  2,  3, 0.00, 58, 3.9
2026-03-22 00:18:13, -1.5509,54.9928,  63.0,19063,-58.7,-86.6,-81.8,  2,  3, 0.00, 57, 3.8
2026-03-22 00:18:15, -1.5509,54.9927,  62.9,19074,-58.8,-86.6,-81.8,  2,  3, 0.00, 55, 3.8
2026-03-22 00:18:17, -1.5510,54.9927,  62.7,19086,-58.8,-86.6,-81.8,  2,  3, 0.00, 53, 3.7
2026-03-22 00:18:19, -1.5511,54.9927,  62.6,19097,-58.9,-86.6,-81.9,  2,  3, 0.00, 51, 3.7
2026-03-22 00:18:21, -1.5512,54.9926,  62.5,19108,-59.0,-86.7,-81.9,  2,  3, 0.00, 50, 3.8
2026-03-22 00:18:23, -1.5513,54.9926,  62.4,19119,-59.0,-86.7,-81.9,  2,  3, 0.00, 48, 3.8
2026-03-22 00:18:25, -1.5514,54.9925,  62.3,19131,-59.1,-86.7,-81.9,  2,  3, 0.00, 46, 3.8
2026-03-22 00:18:27, -1.5515,54.9924,  62.2,19141,-59.1,-86.7,-81.9,  2,  3, 0.00, 45, 3.9
2026-03-22 00:18:29, -1.5516,54.9924,  62.1,19151,-59.2,-86.7,-81.9,  2,  3, 0.00, 44, 3.9
2026-03-22 00:18:31, -1.5516,54.9924,  62.0,19163,-59.2,-86.7,-82.0,  2,  3, 0.00, 43, 3.9
2026-03-22 00:18:33, -1.5517,54.9923,  61.9,19174,-59.3,-86.8,-82.0,  2,  3, 0.00, 43, 3.9
2026-03-22 00:18:35, -1.5518,54.9923,  61.8,19184,-59.3,-86.8,-82.0,  2,  3, 0.00, 42, 3.9
2026-03-22 00:18:37, -1.5519,54.9922,  61.7,19194,-59.4,-86.8,-82.1,  2,  3, 0.00, 42, 3.9
2026-03-22 00:18:39, -1.5520,54.9921,  61.6,19206,-59.5,-86.9,-82.1,  2,  3, 0.00, 42, 3.9
2026-03-22 00:18:41, -1.5521,54.9921,  61.4,19218,-59.6,-87.0,-82.2,  2,  3, 0.00, 43, 3.8
2026-03-22 00:18:43, -1.5522,54.9920,  61.3,19228,-59.6,-87.0,-82.2,  2,  3, 0.00, 43, 3.7
2026-03-22 00:18:45, -1.5522,54.9920,  61.2,19237,-59.6,-87.0,-82.3,  2,  3, 0.00, 44, 3.6
2026-03-22 00:18:47, -1.5523,54.9919,  61.2,19246,-59.5,-87.0,-82.2,  2,  3, 0.00, 45, 3.5
2026-03-22 00:18:49, -1.5523,54.9919,  61.1,19256,-59.4,-87.0,-82.2,  2,  3, 0.00, 47, 3.3
2026-03-22 00:18:51, -1.5524,54.9918,  60.9,19268,-59.4,-87.0,-82.2,  2,  3, 0.00, 48, 3.1
2026-03-22 00:18:53, -1.5525,54.9918,  60.8,19279,-59.4,-87.1,-82.3,  2,  3, 0.00, 50, 3.0
2026-03-22 00:18:55, -1.5526,54.9918,  60.7,19290,-59.4,-87.1,-82.3,  2,  3, 0.00, 52, 2.8
2026-03-22 00:18:57, -1.5527,54.9918,  60.6,19301,-59.3,-87.1,-82.3,  2,  3, 0.00, 54, 2.6
2026-03-22 00:18:59, -1.5528,54.9917,  60.5,19310,-59.1,-87.0,-82.2,  2,  3, 0.00, 56, 2.5
2026-03-22 00:19:01, -1.5528,54.9917,  60.4,19321,-59.1,-87.0,-82.2,  2,  3, 0.00, 58, 2.4
2026-03-22 00:19:03, -1.5528,54.9917,  60.3,19332,-59.0,-87.0,-82.2,  2,  3, 0.00, 60, 2.2
2026-03-22 00:19:05, -1.5529,54.9917,  60.2,19342,-58.9,-87.0,-82.2,  2,  3, 0.00, 62, 2.1
2026-03-22 00:19:07, -1.5530,54.9917,  60.1,19352,-58.8,-86.9,-82.1,  2,  3, 0.00, 63, 2.0
2026-03-22 00:19:09, -1.5531,54.9917,  60.0,19365,-58.7,-86.9,-82.1,  2,  3, 0.00, 64, 1.9
2026-03-22 00:19:11, -1.5531,54.9917,  59.9,19376,-58.8,-86.9,-82.1,  2,  3, 0.00, 65, 1.9
2026-03-22 00:19:13, -1.5531,54.9917,  59.8,19386,-58.8,-87.0,-82.2,  2,  3, 0.00, 65, 1.8
2026-03-22 00:19:15, -1.5531,54.9917,  59.7,19397,-58.8,-86.9,-82.2,  2,  3, 0.00, 64, 1.7
2026-03-22 00:19:17, -1.5532,54.9917,  59.6,19408,-58.8,-86.9,-82.1,  2,  3, 0.00, 64, 1.6
2026-03-22 00:19:19, -1.5532,54.9916,  59.5,19417,-58.8,-86.9,-82.1,  2,  3, 0.00, 63, 1.5
2026-03-22 00:19:21, -1.5533,54.9916,  59.4,19427,-58.8,-86.9,-82.2,  2,  3, 0.00, 62, 1.4
2026-03-22 00:19:23, -1.5534,54.9916,  59.3,19438,-58.8,-86.9,-82.2,  2,  3, 0.00, 61, 1.3
2026-03-22 00:19:25, -1.5535,54.9916,  59.2,19450,-58.8,-86.9,-82.1,  2,  3, 0.00, 60, 1.1
2026-03-22 00:19:27, -1.5535,54.9916,  59.1,19462,-58.8,-86.9,-82.1,  2,  3, 0.00, 58, 1.0
2026-03-22 00:19:29, -1.5535,54.9916,  59.0,19473,-58.8,-86.9,-82.1,  2,  3, 0.00, 56, 0.8
2026-03-22 00:19:31, -1.5535,54.9916,  58.9,19484,-58.9,-86.9,-82.1,  2,  3, 0.00, 54, 0.6
2026-03-22 00:19:33, -1.5536,54.9916,  58.8,19495,-58.9,-86.9,-82.2,  2,  3, 0.00, 50, 0.4
2026-03-22 00:19:35, -1.5536,54.9916,  58.7,19505,-58.9,-86.9,-82.2,  2,  3, 0.00, 38, 0.2
2026-03-22 00:19:37, -1.5535,54.9916,  58.6,19516,-58.9,-87.0,-82.2,  2,  3, 0.00,325, 0.1
2026-03-22 00:19:39, -1.5534,54.9916,  58.5,19526,-58.9,-87.0,-82.2,  2,  3, 0.00,268, 0.2
2026-03-22 00:19:41, -1.5534,54.9915,  58.4,19538,-58.9,-87.0,-82.2,  2,  3, 0.00,258, 0.4
2026-03-22 00:19:43, -1.5534,54.9915,  58.3,19550,-58.9,-86.9,-82.2,  2,  3, 0.00,255, 0.6
2026-03-22 00:19:45, -1.5534,54.9916,  58.2,19561,-58.8,-86.8,-82.1,  2,  3, 0.00,253, 0.8
2026-03-22 00:19:47, -1.5535,54.9916,  58.1,19569,-58.6,-86.7,-82.0,  2,  3, 0.00,253, 1.0
2026-03-22 00:19:49, -1.5535,54.9916,  58.0,19578,-58.6,-86.7,-81.9,  2,  3, 0.00,253, 1.2
2026-03-22 00:19:51, -1.5534,54.9916,  57.9,19589,-58.7,-86.7,-82.0,  2,  3, 0.00,254, 1.4
2026-03-22 00:19:53, -1.5533,54.9916,  57.8,19602,-58.8,-86.8,-82.0,  2,  3, 0.00,254, 1.6
2026-03-22 00:19:55, -1.5532,54.9916,  57.7,19613,-58.9,-86.8,-82.1,  2,  3, 0.00,255, 1.8
2026-03-22 00:19:57, -1.5531,54.9916,  57.6,19624,-59.0,-86.9,-82.1,  2,  3, 0.00,255, 2.0
2026-03-22 00:19:59, -1.5531,54.9916,  57.5,19636,-59.1,-86.9,-82.1,  2,  3, 0.00,255, 2.2
2026-03-22 00:20:01, -1.5531,54.9916,  57.4,19646,-59.2,-86.9,-82.2,  2,  3, 0.00,255, 2.4
2026-03-22 00:20:03, -1.5530,54.9917,  57.3,19657,-59.3,-87.0,-82.2,  2,  3, 0.00,254, 2.5
2026-03-22 00:20:05, -1.5529,54.9917,  57.2,19668,-59.4,-87.0,-82.3,  2,  3, 0.00,254, 2.7
2026-03-22 00:20:07, -1.5528,54.9917,  57.1,19679,-59.5,-87.1,-82.3,  2,  3, 0.00,253, 2.8
2026-03-22 00:20:09, -1.5526,54.9917,  57.0,19691,-59.5,-87.1,-82.4,  2,  3, 0.00,251, 2.9
2026-03-22 00:20:11, -1.5526,54.9917,  56.9,19702,-59.5,-87.1,-82.4,  2,  3, 0.00,250, 3.0
2026-03-22 00:20:13, -1.5525,54.9917,  56.8,19714,-59.4,-87.1,-82.3,  2,  3, 0.00,248, 3.1
2026-03-22 00:20:15, -1.5524,54.9918,  56.6,19727,-59.4,-87.0,-82.3,  2,  3, 0.00,247, 3.1
2026-03-22 00:20:17, -1.5523,54.9918,  56.6,19736,-59.3,-87.0,-82.2,  2,  3, 0.00,245, 3.1
2026-03-22 00:20:19, -1.5522,54.9918,  56.4,19747,-59.3,-87.0,-82.2,  2,  3, 0.00,244, 3.1
2026-03-22 00:20:21, -1.5521,54.9919,  56.4,19757,-59.3,-87.0,-82.2,  2,  3, 0.00,242, 3.1
2026-03-22 00:20:23, -1.5520,54.9919,  56.3,19767,-59.3,-87.0,-82.2,  2,  3, 0.00,241, 3.0
2026-03-22 00:20:25, -1.5519,54.9919,  56.2,19779,-59.3,-87.0,-82.3,  2,  3, 0.00,241, 2.9
2026-03-22 00:20:27, -1.5519,54.9920,  56.1,19791,-59.3,-87.1,-82.3,  2,  3, 0.00,240, 2.8
2026-03-22 00:20:29, -1.5518,54.9920,  56.0,19801,-59.4,-87.1,-82.4,  2,  3, 0.00,241, 2.7
2026-03-22 00:20:31, -1.5518,54.9921,  55.9,19812,-59.4,-87.2,-82.4,  2,  3, 0.00,242, 2.5
2026-03-22 00:20:33, -1.5517,54.9921,  55.8,19824,-59.4,-87.2,-82.4,  2,  3, 0.00,243, 2.4
2026-03-22 00:20:35, -1.5516,54.9921,  55.7,19835,-59.4,-87.2,-82.4,  2,  3, 0.00,245, 2.2
2026-03-22 00:20:37, -1.5516,54.9921,  55.6,19847,-59.5,-87.2,-82.4,  2,  3, 0.00,248, 2.0
2026-03-22 00:20:39, -1.5515,54.9921,  55.5,19858,-59.5,-87.2,-82.5,  2,  3, 0.00,252, 1.9
2026-03-22 00:20:41, -1.5515,54.9921,  55.4,19868,-59.5,-87.2,-82.5,  2,  3, 0.00,256, 1.8
2026-03-22 00:20:43, -1.5514,54.9922,  55.3,19880,-59.5,-87.2,-82.4,  2,  3, 0.00,262, 1.6
2026-03-22 00:20:45, -1.5513,54.9922,  55.1,19894,-59.4,-87.1,-82.4,  2,  3, 0.00,268, 1.6
2026-03-22 00:20:47, -1.5513,54.9922,  55.1,19905,-59.4,-87.1,-82.4,  2,  3, 0.00,274, 1.5
2026-03-22 00:20:49, -1.5513,54.9922,  55.0,19912,-59.4,-87.1,-82.4,  2,  3, 0.00,281, 1.5
2026-03-22 00:20:51, -1.5513,54.9922,  54.9,19922,-59.5,-87.2,-82.4,  2,  3, 0.00,287, 1.5
2026-03-22 00:20:53, -1.5513,54.9922,  54.8,19933,-59.6,-87.2,-82.4,  2,  3, 0.00,293, 1.5
2026-03-22 00:20:55, -1.5512,54.9921,  54.7,19944,-59.6,-87.2,-82.5,  2,  3, 0.00,298, 1.5
2026-03-22 00:20:57, -1.5511,54.9921,  54.6,19956,-59.7,-87.2,-82.5,  2,  3, 0.00,302, 1.6
2026-03-22 00:20:59, -1.5510,54.9921,  54.5,19967,-59.7,-87.2,-82.5,  2,  3, 0.00,305, 1.7
2026-03-22 00:21:01, -1.5510,54.9921,  54.4,19979,-59.7,-87.2,-82.4,  2,  3, 0.00,308, 1.8
2026-03-22 00:21:03, -1.5510,54.9921,  54.3,19990,-59.7,-87.2,-82.4,  2,  3, 0.00,310, 1.9
2026-03-22 00:21:05, -1.5510,54.9920,  54.2,20002,-59.8,-87.2,-82.5,  2,  3, 0.00,312, 2.0
2026-03-22 00:21:07, -1.5510,54.9920,  54.1,20014,-59.9,-87.3,-82.5,  2,  3, 0.00,313, 2.1
2026-03-22 00:21:09, -1.5510,54.9920,  54.0,20026,-59.9,-87.3,-82.5,  2,  3, 0.00,314, 2.3
2026-03-22 00:21:11, -1.5509,54.9920,  53.9,20037,-59.8,-87.2,-82.5,  2,  3, 0.00,315, 2.5
2026-03-22 00:21:13, -1.5508,54.9919,  53.8,20048,-59.9,-87.2,-82.5,  2,  3, 0.00,315, 2.6
2026-03-22 00:21:15, -1.5507,54.9919,  53.7,20058,-59.9,-87.3,-82.5,  2,  3, 0.00,316, 2.9
2026-03-22 00:21:17, -1.5507,54.9919,  53.6,20069,-60.0,-87.3,-82.5,  2,  3, 0.00,316, 3.1
2026-03-22 00:21:19, -1.5506,54.9919,  53.5,20080,-60.0,-87.3,-82.5,  2,  3, 0.00,316, 3.3
2026-03-22 00:21:21, -1.5506,54.9919,  53.4,20091,-60.1,-87.3,-82.6,  2,  3, 0.00,317, 3.6
2026-03-22 00:21:23, -1.5505,54.9918,  53.4,20101,-60.1,-87.4,-82.6,  2,  3, 0.00,317, 3.9
2026-03-22 00:21:25, -1.5504,54.9917,  53.3,20112,-60.2,-87.4,-82.6,  2,  3, 0.00,318, 4.2
2026-03-22 00:21:27, -1.5503,54.9916,  53.1,20125,-60.2,-87.4,-82.6,  2,  3, 0.00,319, 4.4
2026-03-22 00:21:29, -1.5502,54.9916,  53.1,20134,-60.2,-87.4,-82.6,  2,  3, 0.00,320, 4.7
2026-03-22 00:21:31, -1.5501,54.9915,  53.0,20144,-60.3,-87.4,-82.7,  2,  3, 0.00,321, 5.0
2026-03-22 00:21:33, -1.5500,54.9915,  52.9,20156,-60.3,-87.5,-82.7,  2,  3, 0.00,322, 5.2
2026-03-22 00:21:35, -1.5499,54.9914,  52.8,20167,-60.4,-87.5,-82.8,  2,  3, 0.00,324, 5.5
2026-03-22 00:21:37, -1.5498,54.9913,  52.7,20178,-60.5,-87.6,-82.8,  2,  3, 0.00,325, 5.7
2026-03-22 00:21:39, -1.5496,54.9913,  52.6,20187,-60.5,-87.6,-82.9,  2,  3, 0.00,327, 6.0
2026-03-22 00:21:41, -1.5495,54.9911,  52.5,20199,-60.5,-87.6,-82.9,  2,  3, 0.00,329, 6.2
2026-03-22 00:21:43, -1.5494,54.9910,  52.4,20212,-60.4,-87.6,-82.8,  2,  3, 0.00,332, 6.4
2026-03-22 00:21:45, -1.5493,54.9909,  52.3,20224,-60.3,-87.5,-82.8,  2,  3, 0.00,334, 6.6
2026-03-22 00:21:47, -1.5492,54.9908,  52.2,20236,-60.3,-87.5,-82.8,  2,  3, 0.00,336, 6.9
2026-03-22 00:21:49, -1.5492,54.9907,  52.1,20246,-60.3,-87.5,-82.8,  2,  3, 0.00,338, 7.1
2026-03-22 00:21:51, -1.5491,54.9906,  52.0,20257,-60.3,-87.6,-82.8,  2,  3, 0.00,340, 7.3
2026-03-22 00:21:53, -1.5490,54.9905,  52.0,20267,-60.3,-87.6,-82.9,  2,  3, 0.00,342, 7.5
2026-03-22 00:21:55, -1.5489,54.9904,  51.9,20277,-60.4,-87.7,-82.9,  2,  3, 0.00,344, 7.7
2026-03-22 00:21:57, -1.5489,54.9902,  51.8,20288,-60.4,-87.7,-83.0,  2,  3, 0.00,345, 7.9
2026-03-22 00:21:59, -1.5488,54.9901,  51.7,20299,-60.4,-87.8,-83.0,  2,  3, 0.00,347, 8.0
2026-03-22 00:22:01, -1.5488,54.9899,  51.6,20311,-60.4,-87.8,-83.0,  2,  3, 0.00,348, 8.2
2026-03-22 00:22:03, -1.5488,54.9897,  51.5,20324,-60.4,-87.8,-83.0,  2,  3, 0.00,349, 8.2
2026-03-22 00:22:05, -1.5487,54.9896,  51.4,20335,-60.3,-87.8,-83.0,  2,  3, 0.00,351, 8.3
2026-03-22 00:22:07, -1.5486,54.9894,  51.3,20345,-60.3,-87.8,-83.0,  2,  3, 0.00,352, 8.3
2026-03-22 00:22:09, -1.5485,54.9893,  51.2,20355,-60.3,-87.8,-83.1,  2,  3, 0.00,353, 8.3
2026-03-22 00:22:11, -1.5485,54.9891,  51.1,20365,-60.3,-87.9,-83.1,  2,  3, 0.00,354, 8.2
2026-03-22 00:22:13, -1.5485,54.9890,  51.0,20378,-60.2,-87.8,-83.0,  2,  3, 0.00,355, 8.2
2026-03-22 00:22:15, -1.5486,54.9888,  50.9,20391,-60.1,-87.7,-82.9,  2,  3, 0.00,356, 8.1
2026-03-22 00:22:17, -1.5486,54.9887,  50.9,20401,-60.0,-87.6,-82.9,  2,  3, 0.00,357, 8.0
2026-03-22 00:22:19, -1.5485,54.9886,  50.8,20409,-60.0,-87.6,-82.9,  2,  3, 0.00,358, 7.9
2026-03-22 00:22:21, -1.5485,54.9885,  50.7,20418,-59.9,-87.6,-82.9,  2,  3, 0.00,360, 7.8
2026-03-22 00:22:23, -1.5485,54.9884,  50.6,20429,-59.8,-87.5,-82.8,  2,  3, 0.00,  1, 7.7
2026-03-22 00:22:25, -1.5485,54.9882,  50.5,20442,-59.8,-87.5,-82.7,  2,  3, 0.00,  2, 7.6
2026-03-22 00:22:27, -1.5485,54.9880,  50.4,20455,-59.8,-87.5,-82.8,  2,  3, 0.00,  4, 7.4
2026-03-22 00:22:29, -1.5485,54.9878,  50.3,20467,-59.9,-87.6,-82.8,  2,  3, 0.00,  5, 7.3
2026-03-22 00:22:31, -1.5485,54.9877,  50.2,20478,-60.0,-87.6,-82.9,  2,  3, 0.00,  7, 7.1
2026-03-22 00:22:33, -1.5486,54.9876,  50.1,20490,-60.1,-87.7,-82.9,  2,  3, 0.00,  8, 6.9
2026-03-22 00:22:35, -1.5486,54.9875,  50.1,20498,-60.2,-87.7,-83.0,  2,  3, 0.00, 10, 6.7
2026-03-22 00:22:36, -1.5486,54.9874,  50.0,20505,-60.2,-87.8,-83.0,  2,  3, 0.00, 10, 6.7
2026-03-22 00:22:37, -1.5487,54.9874,  50.0,20510,-60.3,-87.8,-83.0,  2,  3, 0.00, 12, 6.5
2026-03-22 00:22:39, -1.5487,54.9873,  49.9,20522,-60.3,-87.8,-83.0,  2,  3, 0.00, 14, 6.3
2026-03-22 00:22:41, -1.5488,54.9871,  49.8,20530,-60.3,-87.8,-83.0,  2,  3, 0.00, 15, 6.1
2026-03-22 00:22:43, -1.5489,54.9870,  49.7,20543,-60.3,-87.8,-83.0,  2,  3, 0.00, 17, 5.9
2026-03-22 00:22:45, -1.5490,54.9870,  49.6,20557,-60.3,-87.8,-83.0,  2,  3, 0.00, 19, 5.6
2026-03-22 00:22:47, -1.5490,54.9869,  49.5,20568,-60.3,-87.8,-83.0,  2,  3, 0.00, 21, 5.4
2026-03-22 00:22:49, -1.5491,54.9868,  49.4,20578,-60.3,-87.8,-83.0,  2,  3, 0.00, 23, 5.2
2026-03-22 00:22:51, -1.5491,54.9867,  49.3,20588,-60.2,-87.8,-83.0,  2,  3, 0.00, 25, 5.0
2026-03-22 00:22:53, -1.5492,54.9866,  49.3,20599,-60.2,-87.8,-83.1,  2,  3, 0.00, 27, 4.8
2026-03-22 00:22:55, -1.5492,54.9866,  49.2,20611,-60.2,-87.8,-83.1,  2,  3, 0.00, 29, 4.6
2026-03-22 00:22:57, -1.5493,54.9865,  49.1,20620,-60.2,-87.9,-83.1,  2,  3, 0.00, 31, 4.4
2026-03-22 00:22:59, -1.5494,54.9864,  49.0,20631,-60.2,-87.9,-83.2,  2,  3, 0.00, 32, 4.1
2026-03-22 00:23:01, -1.5495,54.9864,  48.9,20643,-60.2,-88.0,-83.2,  2,  3, 0.00, 34, 3.9
2026-03-22 00:23:03, -1.5496,54.9863,  48.8,20655,-60.2,-88.0,-83.2,  2,  3, 0.00, 35, 3.7
2026-03-22 00:23:05, -1.5497,54.9863,  48.7,20669,-60.2,-88.1,-83.3,  2,  3, 0.00, 35, 3.5
2026-03-22 00:23:07, -1.5498,54.9862,  48.6,20682,-60.1,-88.1,-83.3,  2,  3, 0.00, 36, 3.3
2026-03-22 00:23:09, -1.5499,54.9862,  48.5,20693,-59.9,-88.0,-83.2,  2,  3, 0.00, 36, 3.0
2026-03-22 00:23:11, -1.5499,54.9862,  48.4,20702,-59.8,-88.0,-83.2,  2,  3, 0.00, 35, 2.8
2026-03-22 00:23:13, -1.5500,54.9861,  48.4,20710,-59.7,-88.0,-83.2,  2,  3, 0.00, 34, 2.6
2026-03-22 00:23:15, -1.5500,54.9861,  48.3,20720,-59.6,-87.9,-83.2,  2,  3, 0.00, 32, 2.4
2026-03-22 00:23:17, -1.5500,54.9861,  48.2,20732,-59.4,-87.9,-83.1,  2,  3, 0.00, 30, 2.3
2026-03-22 00:23:19, -1.5500,54.9860,  48.1,20743,-59.1,-87.7,-82.9,  2,  3, 0.00, 28, 2.2
2026-03-22 00:23:21, -1.5500,54.9860,  48.0,20754,-58.9,-87.6,-82.8,  2,  3, 0.00, 25, 2.1
2026-03-22 00:23:23, -1.5500,54.9860,  48.0,20765,-58.8,-87.5,-82.8,  2,  3, 0.00, 22, 2.0
2026-03-22 00:23:25, -1.5500,54.9859,  47.9,20777,-58.8,-87.6,-82.8,  2,  3, 0.00, 19, 2.0
2026-03-22 00:23:27, -1.5501,54.9859,  47.8,20787,-58.9,-87.6,-82.8,  2,  3, 0.00, 17, 2.0
2026-03-22 00:23:29, -1.5501,54.9859,  47.7,20797,-58.9,-87.6,-82.8,  2,  3, 0.00, 15, 2.0
2026-03-22 00:23:31, -1.5501,54.9859,  47.6,20808,-58.9,-87.6,-82.8,  2,  3, 0.00, 14, 2.1
2026-03-22 00:23:33, -1.5501,54.9858,  47.6,20819,-58.9,-87.5,-82.7,  2,  3, 0.00, 13, 2.2
2026-03-22 00:23:35, -1.5501,54.9858,  47.5,20829,-58.9,-87.5,-82.7,  2,  3, 0.00, 12, 2.3
2026-03-22 00:23:37, -1.5501,54.9858,  47.4,20840,-58.8,-87.4,-82.6,  2,  3, 0.00, 11, 2.4
2026-03-22 00:23:39, -1.5501,54.9857,  47.3,20852,-58.9,-87.3,-82.6,  2,  3, 0.00, 10, 2.5
2026-03-22 00:23:41, -1.5501,54.9857,  47.2,20863,-59.0,-87.4,-82.6,  2,  3, 0.00, 10, 2.6
2026-03-22 00:23:43, -1.5502,54.9856,  47.1,20875,-59.1,-87.4,-82.6,  2,  3, 0.00,  9, 2.7
2026-03-22 00:23:45, -1.5502,54.9856,  47.0,20886,-59.2,-87.4,-82.6,  2,  3, 0.00,  8, 2.9
2026-03-22 00:23:47, -1.5503,54.9856,  47.0,20898,-59.3,-87.4,-82.6,  2,  3, 0.00,  8, 3.0
2026-03-22 00:23:49, -1.5503,54.9855,  46.9,20910,-59.4,-87.4,-82.6,  2,  3, 0.00,  8, 3.1
2026-03-22 00:23:51, -1.5503,54.9854,  46.8,20922,-59.4,-87.4,-82.6,  2,  3, 0.00,  7, 3.2
2026-03-22 00:23:53, -1.5503,54.9854,  46.7,20934,-59.5,-87.4,-82.6,  2,  3, 0.00,  7, 3.4
2026-03-22 00:23:55, -1.5503,54.9853,  46.6,20945,-59.6,-87.4,-82.6,  2,  3, 0.00,  7, 3.5
2026-03-22 00:23:57, -1.5502,54.9853,  46.5,20957,-59.7,-87.4,-82.7,  2,  3, 0.00,  7, 3.6
2026-03-22 00:23:59, -1.5503,54.9852,  46.4,20969,-59.8,-87.5,-82.7,  2,  3, 0.00,  8, 3.7
2026-03-22 00:24:01, -1.5503,54.9851,  46.4,20979,-59.9,-87.5,-82.8,  2,  3, 0.00,  9, 3.9
2026-03-22 00:24:03, -1.5503,54.9851,  46.3,20989,-60.0,-87.6,-82.8,  2,  3, 0.00, 10, 4.0
2026-03-22 00:24:05, -1.5503,54.9850,  46.2,21001,-60.0,-87.6,-82.8,  2,  3, 0.00, 11, 4.1
2026-03-22 00:24:07, -1.5503,54.9849,  46.1,21014,-60.0,-87.6,-82.9,  2,  3, 0.00, 13, 4.2
2026-03-22 00:24:09, -1.5504,54.9848,  46.0,21025,-60.0,-87.6,-82.9,  2,  3, 0.00, 14, 4.3
2026-03-22 00:24:11, -1.5504,54.9847,  45.9,21035,-60.0,-87.7,-82.9,  2,  3, 0.00, 16, 4.3
2026-03-22 00:24:13, -1.5504,54.9846,  45.9,21047,-60.1,-87.7,-83.0,  2,  3, 0.00, 18, 4.4
2026-03-22 00:24:15, -1.5505,54.9846,  45.8,21059,-60.1,-87.8,-83.0,  2,  3, 0.00, 20, 4.5
2026-03-22 00:24:17, -1.5505,54.9845,  45.7,21070,-60.1,-87.8,-83.0,  2,  3, 0.00, 22, 4.6
2026-03-22 00:24:19, -1.5506,54.9844,  45.6,21080,-60.0,-87.7,-83.0,  2,  3, 0.00, 23, 4.6
2026-03-22 00:24:21, -1.5506,54.9844,  45.5,21093,-59.9,-87.7,-82.9,  2,  3, 0.00, 25, 4.7
2026-03-22 00:24:23, -1.5507,54.9843,  45.4,21106,-59.9,-87.7,-83.0,  2,  3, 0.00, 26, 4.7
2026-03-22 00:24:25, -1.5508,54.9842,  45.4,21115,-59.9,-87.7,-83.0,  2,  3, 0.00, 27, 4.8
2026-03-22 00:24:27, -1.5509,54.9841,  45.3,21125,-59.8,-87.7,-82.9,  2,  3, 0.00, 28, 4.8
2026-03-22 00:24:29, -1.5510,54.9841,  45.2,21138,-59.8,-87.7,-83.0,  2,  3, 0.00, 28, 4.8
2026-03-22 00:24:31, -1.5511,54.9840,  45.1,21151,-59.9,-87.8,-83.0,  2,  3, 0.00, 28, 4.8
2026-03-22 00:24:33, -1.5512,54.9839,  45.0,21162,-59.9,-87.8,-83.1,  2,  3, 0.00, 28, 4.8
2026-03-22 00:24:35, -1.5513,54.9839,  44.9,21172,-59.9,-87.8,-83.1,  2,  3, 0.00, 27, 4.8
2026-03-22 00:24:37, -1.5513,54.9838,  44.9,21182,-59.9,-87.8,-83.1,  2,  3, 0.00, 25, 4.8
2026-03-22 00:24:39, -1.5514,54.9837,  44.8,21191,-59.9,-87.9,-83.1,  2,  3, 0.00, 23, 4.8
2026-03-22 00:24:41, -1.5515,54.9836,  44.7,21203,-59.9,-87.9,-83.1,  2,  3, 0.00, 21, 4.8
2026-03-22 00:24:43, -1.5515,54.9836,  44.6,21217,-60.0,-88.0,-83.2,  2,  3, 0.00, 18, 4.8
2026-03-22 00:24:45, -1.5516,54.9835,  44.5,21230,-60.0,-88.0,-83.2,  2,  3, 0.00, 15, 4.8
2026-03-22 00:24:47, -1.5516,54.9834,  44.4,21240,-60.0,-88.0,-83.3,  2,  3, 0.00, 12, 4.8
2026-03-22 00:24:49, -1.5517,54.9833,  44.4,21250,-60.0,-88.1,-83.3,  2,  3, 0.00,  9, 4.8
2026-03-22 00:24:51, -1.5517,54.9832,  44.3,21261,-60.0,-88.1,-83.3,  2,  3, 0.00,  6, 4.7
2026-03-22 00:24:53, -1.5517,54.9831,  44.2,21272,-59.9,-88.1,-83.3,  2,  3, 0.00,  3, 4.7
2026-03-22 00:24:55, -1.5516,54.9830,  44.1,21285,-59.7,-88.0,-83.3,  2,  3, 0.00,359, 4.7
2026-03-22 00:24:57, -1.5516,54.9829,  44.0,21298,-59.6,-88.0,-83.2,  2,  3, 0.00,356, 4.7
2026-03-22 00:24:59, -1.5516,54.9828,  44.0,21307,-59.5,-87.9,-83.2,  2,  3, 0.00,353, 4.6
2026-03-22 00:25:01, -1.5517,54.9827,  43.9,21316,-59.4,-87.9,-83.1,  2,  3, 0.00,350, 4.6
2026-03-22 00:25:03, -1.5516,54.9826,  43.8,21328,-59.3,-87.9,-83.1,  2,  3, 0.00,348, 4.5
2026-03-22 00:25:05, -1.5516,54.9826,  43.7,21339,-59.2,-87.8,-83.0,  2,  3, 0.00,345, 4.5
2026-03-22 00:25:07, -1.5514,54.9825,  43.7,21350,-59.1,-87.7,-83.0,  2,  3, 0.00,343, 4.4
2026-03-22 00:25:09, -1.5513,54.9825,  43.6,21361,-59.0,-87.7,-83.0,  2,  3, 0.00,342, 4.3
2026-03-22 00:25:11, -1.5513,54.9824,  43.5,21375,-59.0,-87.7,-82.9,  2,  3, 0.00,340, 4.3
2026-03-22 00:25:13, -1.5513,54.9823,  43.4,21388,-58.9,-87.7,-82.9,  2,  3, 0.00,339, 4.2
2026-03-22 00:25:15, -1.5512,54.9822,  43.3,21399,-58.9,-87.6,-82.9,  2,  3, 0.00,339, 4.2
2026-03-22 00:25:17, -1.5512,54.9822,  43.3,21410,-58.9,-87.6,-82.9,  2,  3, 0.00,338, 4.1
2026-03-22 00:25:19, -1.5512,54.9821,  43.2,21423,-58.9,-87.6,-82.9,  2,  3, 0.00,338, 4.1
2026-03-22 00:25:21, -1.5511,54.9821,  43.1,21433,-59.0,-87.7,-82.9,  2,  3, 0.00,338, 4.1
2026-03-22 00:25:23, -1.5510,54.9820,  43.0,21444,-59.0,-87.7,-82.9,  2,  3, 0.00,338, 4.2
2026-03-22 00:25:25, -1.5510,54.9819,  42.9,21456,-59.1,-87.7,-82.9,  2,  3, 0.00,338, 4.2
2026-03-22 00:25:27, -1.5510,54.9819,  42.9,21468,-59.1,-87.7,-82.9,  2,  3, 0.00,338, 4.3
2026-03-22 00:25:29, -1.5509,54.9818,  42.8,21481,-59.0,-87.6,-82.9,  2,  3, 0.00,338, 4.3
2026-03-22 00:25:31, -1.5509,54.9817,  42.7,21495,-59.1,-87.7,-82.9,  2,  3, 0.00,338, 4.4
2026-03-22 00:25:33, -1.5508,54.9817,  42.6,21508,-59.1,-87.7,-82.9,  2,  3, 0.00,337, 4.5
2026-03-22 00:25:35, -1.5508,54.9816,  42.5,21518,-59.0,-87.6,-82.8,  2,  3, 0.00,337, 4.5
2026-03-22 00:25:37, -1.5507,54.9815,  42.5,21528,-59.0,-87.6,-82.8,  2,  3, 0.00,336, 4.6
2026-03-22 00:25:39, -1.5506,54.9814,  42.4,21539,-59.0,-87.6,-82.8,  2,  3, 0.00,335, 4.7
2026-03-22 00:25:41, -1.5506,54.9813,  42.3,21552,-58.9,-87.6,-82.8,  2,  3, 0.01,334, 4.8
2026-03-22 00:25:43, -1.5506,54.9812,  42.2,21564,-58.9,-87.5,-82.8,  2,  3, 0.01,333, 4.9
2026-03-22 00:25:45, -1.5505,54.9811,  42.1,21574,-58.8,-87.5,-82.8,  2,  3, 0.01,332, 5.0
2026-03-22 00:25:47, -1.5504,54.9811,  42.1,21585,-58.8,-87.5,-82.8,  2,  3, 0.01,331, 5.1
2026-03-22 00:25:49, -1.5503,54.9810,  42.0,21595,-58.8,-87.5,-82.8,  2,  3, 0.01,331, 5.2
2026-03-22 00:25:51, -1.5502,54.9810,  41.9,21608,-58.9,-87.6,-82.8,  2,  3, 0.01,330, 5.3
2026-03-22 00:25:53, -1.5501,54.9809,  41.8,21622,-58.9,-87.6,-82.9,  2,  3, 0.00,330, 5.4
2026-03-22 00:25:55, -1.5500,54.9808,  41.7,21634,-58.9,-87.6,-82.9,  2,  3, 0.01,331, 5.4
2026-03-22 00:25:57, -1.5499,54.9807,  41.7,21643,-58.7,-87.5,-82.8,  2,  3, 0.01,331, 5.5
2026-03-22 00:25:59, -1.5498,54.9806,  41.6,21654,-58.7,-87.5,-82.7,  2,  3, 0.01,332, 5.5
2026-03-22 00:26:01, -1.5497,54.9805,  41.5,21666,-58.7,-87.5,-82.7,  2,  3, 0.01,334, 5.5
2026-03-22 00:26:03, -1.5496,54.9804,  41.4,21679,-58.7,-87.5,-82.8,  1,  3, 0.01,335, 5.5
2026-03-22 00:26:05, -1.5496,54.9803,  41.4,21690,-58.7,-87.6,-82.8,  1,  3, 0.01,337, 5.4
2026-03-22 00:26:07, -1.5495,54.9802,  41.3,21701,-58.7,-87.6,-82.8,  1,  3, 0.01,339, 5.4
2026-03-22 00:26:09, -1.5494,54.9802,  41.2,21712,-58.7,-87.6,-82.8,  1,  3, 0.01,342, 5.4
2026-03-22 00:26:11, -1.5494,54.9801,  41.2,21722,-58.7,-87.6,-82.8,  1,  3, 0.01,344, 5.3
2026-03-22 00:26:13, -1.5494,54.9800,  41.1,21734,-58.7,-87.6,-82.8,  1,  3, 0.01,347, 5.3
2026-03-22 00:26:15, -1.5494,54.9799,  41.0,21746,-58.6,-87.6,-82.8,  1,  3, 0.01,350, 5.3
2026-03-22 00:26:17, -1.5494,54.9798,  40.9,21759,-58.5,-87.5,-82.7,  1,  3, 0.01,352, 5.3
2026-03-22 00:26:19, -1.5493,54.9797,  40.9,21770,-58.4,-87.4,-82.7,  1,  3, 0.01,355, 5.3
2026-03-22 00:26:21, -1.5493,54.9796,  40.8,21780,-58.4,-87.4,-82.6,  1,  3, 0.01,357, 5.4
2026-03-22 00:26:23, -1.5493,54.9795,  40.7,21792,-58.4,-87.4,-82.6,  1,  3, 0.01,359, 5.4
2026-03-22 00:26:25, -1.5493,54.9794,  40.6,21804,-58.3,-87.4,-82.6,  1,  3, 0.01,  1, 5.5
2026-03-22 00:26:27, -1.5493,54.9793,  40.6,21816,-58.3,-87.3,-82.5,  1,  3, 0.01,  2, 5.5
2026-03-22 00:26:29, -1.5494,54.9792,  40.5,21827,-58.2,-87.2,-82.5,  1,  3, 0.01,  4, 5.5
2026-03-22 00:26:31, -1.5494,54.9791,  40.4,21838,-58.2,-87.2,-82.5,  1,  3, 0.01,  5, 5.5
2026-03-22 00:26:33, -1.5494,54.9790,  40.3,21850,-58.3,-87.3,-82.5,  1,  3, 0.01,  6, 5.5
2026-03-22 00:26:35, -1.5494,54.9789,  40.2,21864,-58.4,-87.3,-82.6,  1,  3, 0.01,  7, 5.4
2026-03-22 00:26:37, -1.5494,54.9788,  40.2,21874,-58.4,-87.4,-82.6,  1,  3, 0.01,  8, 5.4
2026-03-22 00:26:39, -1.5494,54.9787,  40.1,21884,-58.5,-87.4,-82.7,  1,  3, 0.01,  9, 5.3
2026-03-22 00:26:41, -1.5495,54.9785,  40.0,21896,-58.6,-87.5,-82.7,  1,  3, 0.01,  9, 5.1
2026-03-22 00:26:43, -1.5496,54.9785,  40.0,21909,-58.6,-87.5,-82.7,  1,  3, 0.01, 10, 4.9
2026-03-22 00:26:45, -1.5496,54.9784,  39.9,21920,-58.6,-87.5,-82.7,  1,  3, 0.01, 10, 4.8
2026-03-22 00:26:47, -1.5496,54.9783,  39.8,21931,-58.6,-87.5,-82.7,  1,  3, 0.01, 11, 4.6
2026-03-22 00:26:49, -1.5496,54.9783,  39.7,21943,-58.5,-87.4,-82.7,  1,  3, 0.01, 11, 4.4
2026-03-22 00:26:51, -1.5497,54.9782,  39.6,21957,-58.5,-87.4,-82.6,  1,  3, 0.01, 11, 4.2
2026-03-22 00:26:53, -1.5497,54.9781,  39.6,21969,-58.3,-87.3,-82.6,  1,  3, 0.01, 11, 4.0
2026-03-22 00:26:55, -1.5497,54.9781,  39.5,21980,-58.3,-87.2,-82.5,  1,  3, 0.01, 11, 3.8
2026-03-22 00:26:57, -1.5498,54.9780,  39.4,21992,-58.2,-87.2,-82.5,  1,  3, 0.01, 11, 3.6
2026-03-22 00:26:59, -1.5498,54.9779,  39.4,22004,-58.2,-87.2,-82.4,  1,  3, 0.01, 10, 3.4
2026-03-22 00:27:01, -1.5498,54.9779,  39.3,22016,-58.2,-87.2,-82.5,  1,  3, 0.01,  9, 3.3
2026-03-22 00:27:03, -1.5498,54.9779,  39.2,22028,-58.3,-87.2,-82.5,  1,  3, 0.01,  8, 3.1
2026-03-22 00:27:05, -1.5498,54.9778,  39.1,22040,-58.3,-87.3,-82.5,  2,  3, 0.01,  8, 3.0
2026-03-22 00:27:07, -1.5498,54.9777,  39.1,22050,-58.3,-87.2,-82.5,  2,  3, 0.01,  7, 2.9
2026-03-22 00:27:09, -1.5498,54.9777,  39.0,22062,-58.4,-87.3,-82.5,  2,  3, 0.01,  6, 2.9
2026-03-22 00:27:11, -1.5499,54.9776,  38.9,22075,-58.5,-87.3,-82.6,  2,  3, 0.01,  5, 2.8
2026-03-22 00:27:13, -1.5499,54.9776,  38.8,22089,-58.6,-87.4,-82.6,  2,  3, 0.01,  4, 2.7
2026-03-22 00:27:15, -1.5499,54.9776,  38.8,22101,-58.6,-87.4,-82.6,  2,  3, 0.01,  3, 2.7
2026-03-22 00:27:17, -1.5499,54.9775,  38.7,22112,-58.6,-87.4,-82.6,  2,  3, 0.01,  3, 2.7
2026-03-22 00:27:19, -1.5498,54.9775,  38.6,22124,-58.6,-87.4,-82.6,  2,  3, 0.01,  2, 2.7
2026-03-22 00:27:21, -1.5498,54.9775,  38.5,22136,-58.6,-87.4,-82.6,  2,  3, 0.01,  2, 2.6
2026-03-22 00:27:23, -1.5498,54.9774,  38.5,22147,-58.5,-87.3,-82.6,  2,  3, 0.01,  2, 2.6
2026-03-22 00:27:25, -1.5498,54.9773,  38.4,22158,-58.5,-87.3,-82.5,  2,  3, 0.01,  3, 2.6
2026-03-22 00:27:27, -1.5498,54.9772,  38.3,22170,-58.5,-87.3,-82.6,  2,  3, 0.01,  3, 2.6
2026-03-22 00:27:29, -1.5498,54.9772,  38.3,22182,-58.5,-87.3,-82.6,  2,  3, 0.01,  4, 2.5
2026-03-22 00:27:31, -1.5498,54.9771,  38.2,22194,-58.6,-87.4,-82.6,  2,  3, 0.01,  5, 2.5
2026-03-22 00:27:33, -1.5499,54.9771,  38.1,22206,-58.6,-87.4,-82.6,  2,  3, 0.01,  7, 2.5
2026-03-22 00:27:35, -1.5499,54.9771,  38.0,22220,-58.6,-87.4,-82.6,  2,  3, 0.01,  9, 2.4
2026-03-22 00:27:37, -1.5500,54.9771,  37.9,22233,-58.6,-87.4,-82.6,  2,  3, 0.01, 12, 2.4
2026-03-22 00:27:39, -1.5499,54.9770,  37.9,22244,-58.6,-87.4,-82.7,  2,  3, 0.01, 14, 2.4
2026-03-22 00:27:41, -1.5498,54.9770,  37.8,22254,-58.7,-87.4,-82.7,  2,  3, 0.01, 18, 2.4
2026-03-22 00:27:43, -1.5498,54.9770,  37.7,22266,-58.7,-87.4,-82.7,  2,  3, 0.01, 21, 2.4
2026-03-22 00:27:45, -1.5498,54.9770,  37.7,22278,-58.6,-87.4,-82.7,  2,  3, 0.01, 25, 2.4
2026-03-22 00:27:47, -1.5499,54.9769,  37.6,22291,-58.6,-87.4,-82.6,  2,  3, 0.01, 29, 2.4
2026-03-22 00:27:49, -1.5501,54.9768,  37.5,22304,-58.6,-87.3,-82.6,  2,  3, 0.01, 33, 2.5
2026-03-22 00:27:51, -1.5501,54.9768,  37.4,22316,-58.6,-87.4,-82.6,  2,  3, 0.01, 36, 2.6
2026-03-22 00:27:53, -1.5501,54.9767,  37.4,22327,-58.6,-87.4,-82.6,  2,  3, 0.01, 40, 2.6
2026-03-22 00:27:55, -1.5501,54.9767,  37.3,22339,-58.6,-87.4,-82.6,  2,  3, 0.01, 43, 2.7
2026-03-22 00:27:57, -1.5502,54.9767,  37.2,22353,-58.6,-87.4,-82.6,  2,  3, 0.01, 45, 2.8
2026-03-22 00:27:59, -1.5503,54.9767,  37.2,22364,-58.7,-87.4,-82.7,  2,  3, 0.01, 48, 2.9
2026-03-22 00:28:01, -1.5504,54.9766,  37.1,22376,-58.7,-87.4,-82.7,  2,  3, 0.01, 49, 2.9
2026-03-22 00:28:03, -1.5505,54.9766,  37.0,22389,-58.8,-87.5,-82.7,  2,  3, 0.01, 51, 3.0
2026-03-22 00:28:05, -1.5506,54.9766,  36.9,22401,-58.8,-87.5,-82.7,  2,  3, 0.01, 52, 3.0
2026-03-22 00:28:07, -1.5506,54.9765,  36.9,22412,-58.9,-87.5,-82.8,  2,  3, 0.01, 53, 3.0
2026-03-22 00:28:09, -1.5507,54.9765,  36.8,22425,-58.9,-87.5,-82.8,  2,  3, 0.01, 53, 3.0
2026-03-22 00:28:11, -1.5508,54.9765,  36.7,22436,-58.9,-87.5,-82.8,  2,  3, 0.01, 54, 2.9
2026-03-22 00:28:13, -1.5509,54.9764,  36.7,22450,-58.9,-87.5,-82.8,  2,  3, 0.01, 54, 2.8
2026-03-22 00:28:15, -1.5510,54.9764,  36.6,22464,-59.0,-87.5,-82.8,  2,  3, 0.01, 54, 2.7
2026-03-22 00:28:17, -1.5511,54.9763,  36.5,22477,-59.0,-87.5,-82.8,  2,  3, 0.01, 55, 2.6
2026-03-22 00:28:19, -1.5512,54.9763,  36.4,22491,-58.9,-87.5,-82.8,  2,  3, 0.01, 55, 2.4
2026-03-22 00:28:21, -1.5512,54.9763,  36.3,22503,-59.0,-87.5,-82.8,  2,  3, 0.01, 56, 2.2
2026-03-22 00:28:23, -1.5513,54.9763,  36.3,22514,-59.0,-87.5,-82.8,  2,  3, 0.01, 57, 1.9
2026-03-22 00:28:25, -1.5513,54.9763,  36.2,22526,-59.0,-87.5,-82.7,  2,  3, 0.01, 59, 1.7
2026-03-22 00:28:27, -1.5513,54.9763,  36.2,22537,-59.0,-87.5,-82.7,  2,  3, 0.01, 62, 1.5
2026-03-22 00:28:29, -1.5513,54.9763,  36.1,22549,-59.0,-87.5,-82.8,  2,  3, 0.01, 65, 1.3
2026-03-22 00:28:31, -1.5514,54.9762,  36.0,22562,-59.1,-87.6,-82.8,  2,  3, 0.01, 70, 1.1
2026-03-22 00:28:33, -1.5514,54.9762,  36.0,22572,-59.2,-87.6,-82.9,  2,  3, 0.01, 76, 0.9
2026-03-22 00:28:35, -1.5514,54.9762,  35.9,22584,-59.2,-87.7,-82.9,  2,  3, 0.01, 82, 0.8
2026-03-22 00:28:37, -1.5515,54.9762,  35.8,22597,-59.3,-87.7,-82.9,  2,  3, 0.01, 88, 0.8
2026-03-22 00:28:39, -1.5515,54.9762,  35.7,22610,-59.3,-87.7,-83.0,  2,  3, 0.01, 91, 0.8
2026-03-22 00:28:41, -1.5515,54.9762,  35.7,22622,-59.4,-87.8,-83.0,  2,  3, 0.01, 92, 0.9
2026-03-22 00:28:43, -1.5514,54.9762,  35.6,22632,-59.4,-87.8,-83.1,  2,  3, 0.01, 90, 1.0
2026-03-22 00:28:45, -1.5514,54.9763,  35.5,22644,-59.4,-87.8,-83.0,  2,  3, 0.01, 86, 1.1
2026-03-22 00:28:47, -1.5513,54.9763,  35.5,22658,-59.2,-87.7,-82.9,  2,  3, 0.01, 82, 1.3
2026-03-22 00:28:49, -1.5514,54.9763,  35.4,22670,-59.2,-87.7,-82.9,  2,  3, 0.01, 78, 1.5
2026-03-22 00:28:51, -1.5515,54.9763,  35.3,22681,-59.2,-87.8,-83.0,  2,  3, 0.01, 74, 1.7
2026-03-22 00:28:53, -1.5516,54.9763,  35.3,22691,-59.3,-87.8,-83.1,  2,  3, 0.01, 70, 1.9
2026-03-22 00:28:55, -1.5518,54.9763,  35.2,22702,-59.3,-87.8,-83.1,  2,  3, 0.01, 66, 2.1
2026-03-22 00:28:57, -1.5518,54.9762,  35.1,22713,-59.3,-87.8,-83.1,  2,  3, 0.01, 63, 2.3
2026-03-22 00:28:59, -1.5519,54.9762,  35.1,22726,-59.2,-87.8,-83.0,  2,  3, 0.01, 60, 2.5
2026-03-22 00:29:01, -1.5520,54.9762,  35.0,22738,-59.2,-87.8,-83.0,  2,  3, 0.01, 58, 2.6
2026-03-22 00:29:03, -1.5520,54.9762,  34.9,22751,-59.3,-87.8,-83.0,  2,  3, 0.01, 55, 2.8
2026-03-22 00:29:05, -1.5521,54.9761,  34.9,22764,-59.3,-87.8,-83.0,  2,  3, 0.01, 52, 2.9
2026-03-22 00:29:07, -1.5522,54.9761,  34.8,22776,-59.3,-87.8,-83.0,  2,  3, 0.01, 49, 2.9
2026-03-22 00:29:09, -1.5523,54.9760,  34.7,22786,-59.3,-87.8,-83.0,  2,  3, 0.01, 47, 3.0
2026-03-22 00:29:11, -1.5524,54.9760,  34.7,22798,-59.4,-87.8,-83.1,  2,  3, 0.01, 44, 3.0
2026-03-22 00:29:13, -1.5524,54.9760,  34.6,22810,-59.4,-87.8,-83.1,  2,  3, 0.01, 42, 3.1
2026-03-22 00:29:15, -1.5524,54.9760,  34.5,22822,-59.4,-87.8,-83.0,  2,  3, 0.01, 40, 3.2
2026-03-22 00:29:17, -1.5525,54.9760,  34.5,22834,-59.4,-87.8,-83.1,  2,  3, 0.01, 38, 3.2
2026-03-22 00:29:19, -1.5526,54.9759,  34.4,22847,-59.5,-87.9,-83.1,  2,  3, 0.01, 36, 3.3
2026-03-22 00:29:21, -1.5526,54.9758,  34.3,22860,-59.5,-87.9,-83.1,  2,  3, 0.01, 35, 3.5
2026-03-22 00:29:23, -1.5527,54.9758,  34.3,22873,-59.5,-87.9,-83.1,  2,  3, 0.01, 34, 3.6
2026-03-22 00:29:25, -1.5527,54.9757,  34.2,22885,-59.6,-87.9,-83.1,  2,  3, 0.01, 33, 3.8
2026-03-22 00:29:27, -1.5528,54.9757,  34.1,22897,-59.7,-88.0,-83.2,  2,  3, 0.01, 32, 4.0
2026-03-22 00:29:29, -1.5528,54.9756,  34.1,22910,-59.7,-88.0,-83.2,  2,  3, 0.01, 32, 4.2
2026-03-22 00:29:31, -1.5528,54.9756,  34.0,22923,-59.7,-88.0,-83.2,  2,  3, 0.01, 32, 4.5
2026-03-22 00:29:33, -1.5529,54.9755,  33.9,22934,-59.8,-88.0,-83.3,  2,  3, 0.01, 31, 4.7
2026-03-22 00:29:35, -1.5530,54.9754,  33.9,22946,-59.8,-88.1,-83.3,  2,  3, 0.01, 31, 4.9
2026-03-22 00:29:37, -1.5531,54.9753,  33.8,22958,-59.9,-88.2,-83.4,  2,  3, 0.01, 30, 5.1
2026-03-22 00:29:39, -1.5533,54.9752,  33.7,22969,-59.8,-88.2,-83.4,  2,  3, 0.01, 30, 5.2
2026-03-22 00:29:41, -1.5534,54.9751,  33.7,22981,-59.8,-88.2,-83.4,  2,  3, 0.01, 29, 5.4
2026-03-22 00:29:43, -1.5535,54.9751,  33.6,22995,-59.8,-88.2,-83.5,  2,  3, 0.01, 28, 5.5
2026-03-22 00:29:45, -1.5536,54.9750,  33.5,23007,-59.7,-88.3,-83.5,  2,  3, 0.01, 28, 5.6
2026-03-22 00:29:47, -1.5537,54.9749,  33.5,23019,-59.7,-88.3,-83.5,  1,  3, 0.01, 27, 5.6
2026-03-22 00:29:49, -1.5537,54.9748,  33.4,23031,-59.4,-88.1,-83.3,  1,  3, 0.01, 26, 5.6
2026-03-22 00:29:51, -1.5538,54.9747,  33.3,23043,-59.3,-88.0,-83.3,  1,  3, 0.01, 26, 5.6
2026-03-22 00:29:53, -1.5539,54.9746,  33.3,23056,-59.3,-88.1,-83.3,  1,  3, 0.01, 25, 5.6
2026-03-22 00:29:55, -1.5539,54.9745,  33.2,23067,-59.3,-88.1,-83.3,  1,  3, 0.01, 24, 5.6
2026-03-22 00:29:57, -1.5540,54.9744,  33.2,23078,-59.2,-88.1,-83.4,  1,  3, 0.01, 24, 5.6
2026-03-22 00:29:59, -1.5540,54.9743,  33.1,23091,-59.3,-88.2,-83.4,  1,  3, 0.01, 23, 5.6
2026-03-22 00:30:01, -1.5541,54.9742,  33.0,23103,-59.3,-88.2,-83.4,  1,  3, 0.01, 23, 5.6
2026-03-22 00:30:03, -1.5541,54.9741,  33.0,23114,-59.3,-88.2,-83.4,  1,  3, 0.01, 22, 5.7
2026-03-22 00:30:05, -1.5543,54.9741,  32.9,23125,-59.3,-88.2,-83.4,  1,  3, 0.01, 22, 5.7
2026-03-22 00:30:07, -1.5544,54.9740,  32.8,23136,-59.2,-88.1,-83.4,  1,  3, 0.01, 21, 5.7
2026-03-22 00:30:09, -1.5545,54.9739,  32.8,23148,-59.1,-88.1,-83.3,  1,  3, 0.01, 21, 5.8
2026-03-22 00:30:11, -1.5545,54.9738,  32.7,23160,-59.0,-88.0,-83.2,  1,  3, 0.01, 20, 5.9
2026-03-22 00:30:13, -1.5545,54.9737,  32.7,23170,-58.9,-87.9,-83.2,  1,  3, 0.01, 20, 6.0
2026-03-22 00:30:15, -1.5545,54.9736,  32.6,23180,-58.9,-87.9,-83.2,  1,  3, 0.01, 20, 6.0
2026-03-22 00:30:17, -1.5546,54.9735,  32.6,23191,-58.9,-87.9,-83.2,  1,  3, 0.01, 19, 6.1
2026-03-22 00:30:19, -1.5547,54.9734,  32.5,23203,-58.9,-87.9,-83.1,  1,  3, 0.01, 19, 6.1
2026-03-22 00:30:21, -1.5548,54.9733,  32.4,23216,-58.9,-87.9,-83.1,  1,  3, 0.01, 18, 6.2
2026-03-22 00:30:23, -1.5548,54.9732,  32.4,23228,-58.9,-87.9,-83.1,  1,  3, 0.01, 18, 6.2
2026-03-22 00:30:25, -1.5549,54.9730,  32.3,23239,-59.0,-87.9,-83.1,  1,  3, 0.01, 18, 6.1
2026-03-22 00:30:27, -1.5549,54.9729,  32.3,23251,-59.0,-87.9,-83.1,  1,  3, 0.01, 18, 6.1
2026-03-22 00:30:29, -1.5550,54.9728,  32.2,23262,-59.1,-87.9,-83.2,  1,  3, 0.01, 18, 6.0
2026-03-22 00:30:31, -1.5551,54.9727,  32.1,23274,-59.1,-87.9,-83.2,  1,  3, 0.01, 18, 5.9
2026-03-22 00:30:33, -1.5552,54.9726,  32.1,23286,-59.1,-87.9,-83.2,  1,  3, 0.01, 19, 5.8
2026-03-22 00:30:35, -1.5553,54.9725,  32.0,23299,-59.2,-88.0,-83.2,  1,  3, 0.01, 20, 5.6
2026-03-22 00:30:37, -1.5553,54.9724,  31.9,23311,-59.3,-88.0,-83.3,  1,  3, 0.01, 21, 5.4
2026-03-22 00:30:39, -1.5553,54.9723,  31.9,23323,-59.3,-88.1,-83.3,  1,  3, 0.01, 23, 5.3
2026-03-22 00:30:41, -1.5553,54.9722,  31.8,23335,-59.3,-88.1,-83.3,  1,  3, 0.01, 25, 5.1
2026-03-22 00:30:43, -1.5553,54.9721,  31.8,23348,-59.2,-88.0,-83.3,  1,  3, 0.01, 28, 5.0
2026-03-22 00:30:45, -1.5553,54.9721,  31.7,23360,-59.3,-88.1,-83.3,  1,  3, 0.01, 32, 4.9
2026-03-22 00:30:47, -1.5554,54.9720,  31.6,23371,-59.3,-88.1,-83.3,  1,  3, 0.01, 36, 4.9
2026-03-22 00:30:49, -1.5556,54.9720,  31.6,23384,-59.2,-88.1,-83.3,  1,  3, 0.01, 40, 4.9
2026-03-22 00:30:51, -1.5557,54.9719,  31.5,23396,-59.1,-88.0,-83.3,  1,  3, 0.01, 45, 4.9
2026-03-22 00:30:53, -1.5558,54.9718,  31.5,23407,-59.0,-88.0,-83.2,  1,  3, 0.01, 50, 5.0
2026-03-22 00:30:55, -1.5559,54.9718,  31.4,23417,-58.9,-88.0,-83.2,  1,  3, 0.01, 55, 5.2
2026-03-22 00:30:57, -1.5560,54.9717,  31.4,23428,-58.9,-88.0,-83.2,  1,  3, 0.01, 59, 5.4
2026-03-22 00:30:59, -1.5562,54.9717,  31.3,23440,-58.9,-88.0,-83.2,  1,  3, 0.01, 63, 5.6
2026-03-22 00:31:01, -1.5564,54.9717,  31.2,23452,-58.8,-88.0,-83.2,  1,  2, 0.01, 66, 5.8
2026-03-22 00:31:03, -1.5566,54.9716,  31.2,23464,-58.8,-88.0,-83.3,  1,  2, 0.01, 69, 6.0
2026-03-22 00:31:05, -1.5568,54.9716,  31.1,23477,-58.7,-88.0,-83.2,  1,  2, 0.01, 71, 6.1
2026-03-22 00:31:07, -1.5570,54.9715,  31.0,23490,-58.7,-87.9,-83.2,  1,  2, 0.01, 74, 6.3
2026-03-22 00:31:09, -1.5572,54.9715,  31.0,23503,-58.6,-87.9,-83.2,  1,  2, 0.01, 75, 6.4
2026-03-22 00:31:11, -1.5574,54.9715,  30.9,23517,-58.6,-87.9,-83.2,  1,  2, 0.01, 77, 6.4
2026-03-22 00:31:13, -1.5576,54.9715,  30.8,23530,-58.6,-87.9,-83.2,  1,  2, 0.01, 78, 6.4
2026-03-22 00:31:15, -1.5579,54.9715,  30.8,23542,-58.6,-87.9,-83.2,  1,  2, 0.01, 78, 6.3
2026-03-22 00:31:17, -1.5581,54.9715,  30.7,23553,-58.5,-87.9,-83.1,  1,  2, 0.01, 79, 6.3
2026-03-22 00:31:19, -1.5584,54.9714,  30.7,23564,-58.5,-87.8,-83.1,  1,  2, 0.01, 79, 6.1
2026-03-22 00:31:21, -1.5586,54.9714,  30.6,23576,-58.4,-87.8,-83.0,  1,  2, 0.01, 79, 6.0
2026-03-22 00:31:23, -1.5587,54.9714,  30.6,23587,-58.4,-87.7,-83.0,  1,  2, 0.01, 78, 5.8
2026-03-22 00:31:25, -1.5588,54.9714,  30.5,23599,-58.4,-87.7,-82.9,  1,  2, 0.01, 78, 5.6
2026-03-22 00:31:27, -1.5589,54.9713,  30.5,23610,-58.3,-87.7,-82.9,  1,  2, 0.01, 77, 5.4
2026-03-22 00:31:29, -1.5591,54.9713,  30.4,23622,-58.3,-87.6,-82.9,  1,  2, 0.01, 76, 5.2
2026-03-22 00:31:31, -1.5593,54.9713,  30.3,23633,-58.3,-87.6,-82.8,  1,  3, 0.01, 75, 5.0
2026-03-22 00:31:33, -1.5595,54.9712,  30.3,23644,-58.3,-87.5,-82.8,  1,  3, 0.01, 73, 4.8
2026-03-22 00:31:35, -1.5596,54.9712,  30.2,23657,-58.3,-87.5,-82.7,  1,  3, 0.01, 72, 4.6
2026-03-22 00:31:37, -1.5597,54.9712,  30.2,23669,-58.4,-87.5,-82.8,  1,  3, 0.01, 70, 4.4
2026-03-22 00:31:39, -1.5598,54.9712,  30.1,23680,-58.5,-87.5,-82.8,  1,  3, 0.01, 68, 4.2
2026-03-22 00:31:41, -1.5599,54.9712,  30.1,23692,-58.6,-87.6,-82.8,  1,  3, 0.01, 66, 4.1
2026-03-22 00:31:43, -1.5600,54.9711,  30.0,23704,-58.7,-87.6,-82.8,  1,  3, 0.01, 63, 3.9
2026-03-22 00:31:43, -1.5600,54.9711,  30.0,23706,-58.7,-87.6,-82.8,  1,  3, 0.01, 61, 3.8
2026-03-22 00:31:45, -1.5602,54.9711,  29.9,23717,-58.8,-87.6,-82.9,  1,  3, 0.01, 61, 3.8
2026-03-22 00:31:47, -1.5603,54.9711,  29.9,23730,-58.9,-87.6,-82.9,  2,  3, 0.01, 58, 3.7
2026-03-22 00:31:49, -1.5604,54.9710,  29.8,23742,-58.9,-87.7,-82.9,  2,  3, 0.01, 55, 3.6
2026-03-22 00:31:51, -1.5605,54.9710,  29.8,23754,-59.0,-87.7,-82.9,  2,  3, 0.01, 52, 3.5
2026-03-22 00:31:53, -1.5605,54.9710,  29.7,23765,-59.1,-87.7,-83.0,  2,  3, 0.01, 50, 3.4
2026-03-22 00:31:55, -1.5606,54.9709,  29.7,23777,-59.2,-87.8,-83.0,  2,  3, 0.01, 47, 3.4
2026-03-22 00:31:57, -1.5606,54.9709,  29.6,23789,-59.3,-87.8,-83.1,  2,  3, 0.01, 45, 3.3
2026-03-22 00:31:59, -1.5607,54.9708,  29.5,23801,-59.3,-87.8,-83.1,  2,  3, 0.01, 44, 3.3
2026-03-22 00:32:01, -1.5607,54.9708,  29.5,23812,-59.3,-87.8,-83.1,  2,  3, 0.01, 43, 3.2
2026-03-22 00:32:03, -1.5608,54.9707,  29.4,23824,-59.2,-87.8,-83.0,  2,  3, 0.01, 42, 3.1
2026-03-22 00:32:05, -1.5608,54.9707,  29.4,23837,-59.2,-87.8,-83.0,  2,  3, 0.01, 42, 3.1
2026-03-22 00:32:07, -1.5609,54.9706,  29.3,23848,-59.2,-87.8,-83.0,  2,  3, 0.01, 43, 3.0
2026-03-22 00:32:09, -1.5610,54.9706,  29.3,23860,-59.3,-87.8,-83.0,  2,  3, 0.01, 44, 2.9
2026-03-22 00:32:11, -1.5611,54.9706,  29.2,23871,-59.3,-87.8,-83.1,  2,  3, 0.01, 44, 2.8
2026-03-22 00:32:13, -1.5612,54.9705,  29.2,23882,-59.3,-87.9,-83.1,  2,  3, 0.01, 45, 2.7
2026-03-22 00:32:15, -1.5612,54.9705,  29.1,23894,-59.4,-87.9,-83.1,  2,  3, 0.01, 46, 2.6
2026-03-22 00:32:17, -1.5612,54.9704,  29.1,23907,-59.4,-87.9,-83.2,  2,  3, 0.01, 47, 2.5
2026-03-22 00:32:19, -1.5612,54.9704,  29.0,23921,-59.5,-87.9,-83.2,  2,  3, 0.01, 47, 2.4
2026-03-22 00:32:21, -1.5613,54.9704,  29.0,23930,-59.4,-87.9,-83.2,  2,  3, 0.01, 47, 2.3
2026-03-22 00:32:23, -1.5614,54.9704,  28.9,23940,-59.5,-87.9,-83.2,  2,  3, 0.01, 47, 2.2
2026-03-22 00:32:25, -1.5616,54.9704,  28.8,23952,-59.5,-87.9,-83.2,  2,  3, 0.01, 45, 2.1
2026-03-22 00:32:27, -1.5617,54.9703,  28.8,23963,-59.5,-87.9,-83.2,  2,  3, 0.01, 43, 2.0
2026-03-22 00:32:29, -1.5617,54.9703,  28.7,23975,-59.5,-87.9,-83.2,  2,  3, 0.01, 40, 1.9
2026-03-22 00:32:31, -1.5616,54.9703,  28.7,23988,-59.5,-87.9,-83.1,  2,  3, 0.01, 37, 1.8
2026-03-22 00:32:33, -1.5616,54.9703,  28.6,24001,-59.5,-87.9,-83.1,  2,  3, 0.01, 33, 1.7
2026-03-22 00:32:35, -1.5616,54.9702,  28.6,24014,-59.5,-87.9,-83.1,  2,  3, 0.01, 29, 1.7
2026-03-22 00:32:37, -1.5617,54.9702,  28.5,24027,-59.6,-87.9,-83.2,  2,  3, 0.01, 25, 1.7
2026-03-22 00:32:39, -1.5617,54.9702,  28.5,24037,-59.7,-88.0,-83.2,  2,  3, 0.01, 22, 1.8
2026-03-22 00:32:41, -1.5618,54.9702,  28.4,24048,-59.8,-88.0,-83.2,  2,  3, 0.01, 20, 1.8
2026-03-22 00:32:43, -1.5618,54.9701,  28.3,24060,-59.8,-88.0,-83.2,  2,  3, 0.01, 19, 1.8
2026-03-22 00:32:45, -1.5617,54.9701,  28.3,24073,-59.8,-88.0,-83.2,  2,  3, 0.01, 18, 1.9
2026-03-22 00:32:47, -1.5616,54.9701,  28.2,24086,-59.9,-88.0,-83.2,  2,  3, 0.01, 19, 1.9
2026-03-22 00:32:49, -1.5616,54.9700,  28.2,24098,-60.0,-88.0,-83.3,  2,  3, 0.01, 21, 1.9
2026-03-22 00:32:51, -1.5617,54.9700,  28.1,24110,-60.1,-88.1,-83.3,  2,  3, 0.01, 24, 1.9
2026-03-22 00:32:53, -1.5618,54.9700,  28.1,24122,-60.1,-88.1,-83.4,  2,  3, 0.01, 28, 2.0
2026-03-22 00:32:55, -1.5619,54.9699,  28.0,24133,-60.2,-88.2,-83.4,  2,  3, 0.01, 33, 2.0
2026-03-22 00:32:57, -1.5619,54.9698,  28.0,24143,-60.2,-88.2,-83.4,  2,  3, 0.01, 39, 2.0
2026-03-22 00:32:59, -1.5619,54.9698,  27.9,24155,-60.3,-88.2,-83.4,  2,  3, 0.01, 45, 2.0
2026-03-22 00:33:01, -1.5618,54.9698,  27.9,24169,-60.3,-88.2,-83.5,  2,  3, 0.01, 52, 2.1
2026-03-22 00:33:03, -1.5619,54.9698,  27.8,24184,-60.4,-88.3,-83.5,  2,  3, 0.01, 59, 2.2
2026-03-22 00:33:05, -1.5620,54.9698,  27.7,24196,-60.4,-88.3,-83.5,  2,  3, 0.01, 65, 2.3
2026-03-22 00:33:07, -1.5621,54.9698,  27.7,24207,-60.4,-88.3,-83.5,  2,  3, 0.01, 71, 2.4
2026-03-22 00:33:09, -1.5622,54.9698,  27.6,24218,-60.4,-88.3,-83.6,  2,  3, 0.01, 76, 2.6
2026-03-22 00:33:11, -1.5623,54.9697,  27.6,24231,-60.4,-88.4,-83.6,  2,  3, 0.01, 80, 2.7
2026-03-22 00:33:13, -1.5623,54.9697,  27.5,24244,-60.5,-88.4,-83.6,  2,  3, 0.01, 83, 2.9
2026-03-22 00:33:15, -1.5624,54.9697,  27.5,24257,-60.5,-88.4,-83.6,  2,  3, 0.01, 86, 3.0
2026-03-22 00:33:17, -1.5625,54.9697,  27.4,24268,-60.5,-88.4,-83.7,  2,  3, 0.01, 89, 3.1
2026-03-22 00:33:19, -1.5627,54.9698,  27.4,24280,-60.5,-88.5,-83.7,  2,  3, 0.01, 90, 3.2
2026-03-22 00:33:21, -1.5628,54.9698,  27.3,24291,-60.6,-88.5,-83.7,  2,  3, 0.01, 92, 3.3
2026-03-22 00:33:23, -1.5629,54.9698,  27.3,24303,-60.6,-88.5,-83.7,  2,  3, 0.01, 93, 3.3
2026-03-22 00:33:25, -1.5631,54.9698,  27.2,24316,-60.6,-88.5,-83.7,  2,  3, 0.01, 94, 3.3
2026-03-22 00:33:27, -1.5632,54.9698,  27.2,24328,-60.6,-88.5,-83.7,  2,  3, 0.01, 95, 3.3
2026-03-22 00:33:29, -1.5633,54.9698,  27.1,24341,-60.6,-88.5,-83.8,  2,  3, 0.01, 96, 3.2
2026-03-22 00:33:31, -1.5634,54.9698,  27.0,24353,-60.6,-88.5,-83.8,  2,  3, 0.01, 97, 3.1
2026-03-22 00:33:33, -1.5635,54.9698,  27.0,24365,-60.6,-88.5,-83.8,  2,  3, 0.01, 97, 3.0
2026-03-22 00:33:35, -1.5635,54.9698,  26.9,24376,-60.6,-88.5,-83.8,  2,  3, 0.01, 98, 2.9
2026-03-22 00:33:37, -1.5636,54.9698,  26.9,24389,-60.6,-88.5,-83.8,  2,  3, 0.01, 98, 2.8
2026-03-22 00:33:39, -1.5637,54.9698,  26.8,24402,-60.6,-88.5,-83.8,  2,  3, 0.01, 98, 2.6
2026-03-22 00:33:41, -1.5638,54.9698,  26.8,24415,-60.6,-88.6,-83.8,  2,  3, 0.01, 98, 2.4
2026-03-22 00:33:43, -1.5639,54.9698,  26.7,24426,-60.7,-88.6,-83.8,  2,  3, 0.01, 98, 2.3
2026-03-22 00:33:45, -1.5640,54.9699,  26.7,24436,-60.8,-88.7,-83.9,  2,  3, 0.01, 97, 2.1
2026-03-22 00:33:47, -1.5641,54.9699,  26.6,24448,-60.8,-88.7,-84.0,  2,  3, 0.01, 96, 2.0
2026-03-22 00:33:49, -1.5641,54.9699,  26.6,24460,-60.9,-88.7,-84.0,  2,  3, 0.01, 94, 1.8
2026-03-22 00:33:51, -1.5641,54.9699,  26.5,24471,-60.9,-88.7,-84.0,  2,  3, 0.01, 92, 1.7
2026-03-22 00:33:53, -1.5641,54.9699,  26.5,24484,-60.8,-88.7,-83.9,  2,  3, 0.01, 89, 1.6
2026-03-22 00:33:55, -1.5642,54.9699,  26.4,24496,-60.8,-88.7,-83.9,  2,  3, 0.01, 87, 1.6
2026-03-22 00:33:57, -1.5642,54.9699,  26.4,24509,-60.8,-88.7,-83.9,  2,  3, 0.01, 85, 1.6
2026-03-22 00:33:59, -1.5642,54.9699,  26.3,24522,-60.8,-88.7,-83.9,  2,  3, 0.01, 84, 1.6
2026-03-22 00:34:01, -1.5643,54.9699,  26.3,24535,-60.8,-88.7,-83.9,  2,  3, 0.01, 83, 1.7
2026-03-22 00:34:03, -1.5643,54.9699,  26.2,24548,-60.9,-88.7,-83.9,  2,  3, 0.01, 84, 1.7
2026-03-22 00:34:05, -1.5643,54.9698,  26.2,24560,-60.9,-88.7,-83.9,  2,  3, 0.01, 86, 1.9
2026-03-22 00:34:07, -1.5644,54.9698,  26.1,24573,-60.9,-88.7,-83.9,  2,  3, 0.01, 89, 2.0
2026-03-22 00:34:09, -1.5644,54.9698,  26.1,24585,-60.9,-88.7,-83.9,  2,  3, 0.01, 92, 2.1
2026-03-22 00:34:11, -1.5645,54.9698,  26.0,24597,-60.9,-88.7,-83.9,  2,  3, 0.01, 95, 2.3
2026-03-22 00:34:13, -1.5646,54.9698,  26.0,24608,-61.0,-88.7,-84.0,  2,  3, 0.01, 99, 2.5
2026-03-22 00:34:15, -1.5647,54.9698,  25.9,24621,-61.0,-88.8,-84.0,  2,  3, 0.01,103, 2.7
2026-03-22 00:34:17, -1.5648,54.9698,  25.9,24633,-61.1,-88.8,-84.1,  2,  3, 0.01,107, 2.8
2026-03-22 00:34:19, -1.5649,54.9698,  25.8,24645,-61.1,-88.9,-84.1,  2,  3, 0.01,111, 3.0
2026-03-22 00:34:21, -1.5650,54.9698,  25.8,24657,-61.1,-88.9,-84.1,  2,  3, 0.01,114, 3.1
2026-03-22 00:34:23, -1.5651,54.9699,  25.7,24669,-61.0,-88.8,-84.1,  2,  3, 0.01,117, 3.3
2026-03-22 00:34:25, -1.5652,54.9699,  25.7,24681,-61.0,-88.9,-84.1,  2,  3, 0.01,120, 3.3
2026-03-22 00:34:27, -1.5653,54.9700,  25.6,24692,-61.1,-89.0,-84.2,  2,  3, 0.01,123, 3.4
2026-03-22 00:34:29, -1.5655,54.9700,  25.6,24704,-61.1,-89.0,-84.3,  2,  3, 0.01,126, 3.4
2026-03-22 00:34:31, -1.5656,54.9701,  25.5,24716,-61.1,-89.1,-84.3,  2,  3, 0.01,128, 3.5
2026-03-22 00:34:33, -1.5657,54.9701,  25.5,24728,-61.1,-89.1,-84.3,  2,  3, 0.01,130, 3.4
2026-03-22 00:34:35, -1.5657,54.9702,  25.4,24739,-61.0,-89.1,-84.3,  2,  3, 0.01,132, 3.4
2026-03-22 00:34:37, -1.5657,54.9702,  25.4,24751,-60.8,-89.0,-84.2,  2,  3, 0.01,134, 3.3
2026-03-22 00:34:39, -1.5657,54.9703,  25.3,24765,-60.5,-88.8,-84.0,  2,  3, 0.01,136, 3.3
2026-03-22 00:34:41, -1.5658,54.9703,  25.3,24776,-60.3,-88.6,-83.9,  2,  3, 0.01,137, 3.2
2026-03-22 00:34:43, -1.5659,54.9703,  25.2,24786,-60.2,-88.6,-83.9,  2,  3, 0.01,138, 3.1
2026-03-22 00:34:45, -1.5661,54.9704,  25.2,24798,-60.2,-88.6,-83.9,  2,  3, 0.01,140, 2.9
2026-03-22 00:34:47, -1.5662,54.9704,  25.1,24810,-60.3,-88.6,-83.9,  2,  3, 0.01,141, 2.8
2026-03-22 00:34:49, -1.5662,54.9705,  25.1,24821,-60.4,-88.7,-83.9,  2,  3, 0.01,141, 2.6
2026-03-22 00:34:51, -1.5662,54.9705,  25.0,24833,-60.4,-88.7,-83.9,  2,  3, 0.01,142, 2.5
2026-03-22 00:34:53, -1.5661,54.9705,  25.0,24846,-60.5,-88.7,-83.9,  2,  3, 0.01,141, 2.3
2026-03-22 00:34:55, -1.5662,54.9705,  24.9,24858,-60.6,-88.7,-84.0,  2,  3, 0.01,140, 2.1
2026-03-22 00:34:57, -1.5662,54.9706,  24.9,24871,-60.7,-88.8,-84.0,  2,  3, 0.01,138, 1.9
2026-03-22 00:34:59, -1.5663,54.9707,  24.8,24884,-60.8,-88.8,-84.0,  2,  3, 0.01,134, 1.7
2026-03-22 00:35:01, -1.5664,54.9707,  24.8,24896,-60.9,-88.8,-84.1,  2,  3, 0.01,128, 1.5
2026-03-22 00:35:03, -1.5664,54.9708,  24.7,24908,-61.0,-88.8,-84.1,  2,  3, 0.01,120, 1.4
2026-03-22 00:35:05, -1.5664,54.9707,  24.7,24920,-61.0,-88.8,-84.1,  2,  3, 0.01,110, 1.4
2026-03-22 00:35:07, -1.5663,54.9707,  24.6,24932,-61.0,-88.8,-84.0,  2,  3, 0.01, 99, 1.4
2026-03-22 00:35:09, -1.5663,54.9707,  24.6,24945,-60.9,-88.7,-83.9,  2,  3, 0.01, 91, 1.6
2026-03-22 00:35:11, -1.5664,54.9707,  24.5,24956,-61.0,-88.7,-84.0,  2,  3, 0.01, 85, 1.8
2026-03-22 00:35:13, -1.5664,54.9706,  24.5,24967,-61.0,-88.7,-84.0,  2,  3, 0.01, 81, 2.0
2026-03-22 00:35:15, -1.5665,54.9706,  24.5,24979,-61.0,-88.7,-84.0,  2,  3, 0.01, 79, 2.2
2026-03-22 00:35:17, -1.5666,54.9706,  24.4,24991,-61.0,-88.7,-84.0,  2,  3, 0.01, 79, 2.5
2026-03-22 00:35:19, -1.5667,54.9706,  24.4,25004,-61.0,-88.8,-84.0,  2,  3, 0.01, 80, 2.7
2026-03-22 00:35:21, -1.5668,54.9706,  24.3,25017,-61.0,-88.8,-84.0,  2,  3, 0.01, 81, 3.0
2026-03-22 00:35:23, -1.5669,54.9706,  24.3,25030,-61.1,-88.8,-84.1,  2,  3, 0.01, 83, 3.1
2026-03-22 00:35:25, -1.5670,54.9705,  24.2,25042,-61.1,-88.9,-84.1,  2,  3, 0.01, 85, 3.3
2026-03-22 00:35:27, -1.5671,54.9705,  24.2,25054,-61.1,-88.9,-84.1,  2,  3, 0.01, 87, 3.4
2026-03-22 00:35:29, -1.5673,54.9705,  24.1,25065,-61.2,-88.9,-84.2,  2,  3, 0.01, 88, 3.4
2026-03-22 00:35:31, -1.5675,54.9705,  24.1,25077,-61.2,-89.0,-84.2,  2,  3, 0.01, 90, 3.4
2026-03-22 00:35:33, -1.5676,54.9706,  24.0,25089,-61.1,-89.0,-84.2,  2,  3, 0.01, 92, 3.4
2026-03-22 00:35:35, -1.5677,54.9706,  24.0,25101,-61.1,-89.0,-84.2,  2,  3, 0.01, 93, 3.2
2026-03-22 00:35:37, -1.5678,54.9706,  23.9,25112,-61.0,-89.0,-84.2,  2,  3, 0.01, 94, 3.1
2026-03-22 00:35:39, -1.5679,54.9706,  23.9,25125,-61.0,-89.0,-84.2,  2,  3, 0.01, 95, 2.8
2026-03-22 00:35:41, -1.5681,54.9706,  23.8,25139,-61.0,-89.0,-84.3,  2,  3, 0.01, 96, 2.6
2026-03-22 00:35:43, -1.5682,54.9706,  23.8,25151,-61.0,-89.0,-84.3,  2,  3, 0.01, 97, 2.3
2026-03-22 00:35:45, -1.5683,54.9706,  23.7,25163,-60.9,-89.0,-84.2,  2,  3, 0.01, 98, 2.0
2026-03-22 00:35:47, -1.5683,54.9706,  23.7,25175,-60.8,-89.0,-84.2,  2,  3, 0.01, 98, 1.8
2026-03-22 00:35:49, -1.5682,54.9706,  23.6,25187,-60.8,-89.0,-84.2,  2,  3, 0.01, 99, 1.5
2026-03-22 00:35:51, -1.5682,54.9706,  23.6,25200,-60.7,-89.0,-84.2,  2,  3, 0.01,100, 1.3
2026-03-22 00:35:53, -1.5682,54.9706,  23.6,25212,-60.7,-89.0,-84.3,  2,  3, 0.01,102, 1.1
2026-03-22 00:35:55, -1.5683,54.9706,  23.5,25223,-60.7,-89.0,-84.3,  1,  3, 0.01,103, 0.9
2026-03-22 00:35:57, -1.5683,54.9706,  23.5,25235,-60.6,-89.0,-84.2,  1,  3, 0.01,104, 0.8
2026-03-22 00:35:59, -1.5684,54.9706,  23.4,25247,-60.5,-88.9,-84.2,  1,  3, 0.01,105, 0.7
2026-03-22 00:36:01, -1.5684,54.9707,  23.4,25259,-60.5,-88.9,-84.1,  1,  3, 0.01,103, 0.6
2026-03-22 00:36:03, -1.5683,54.9707,  23.3,25270,-60.5,-88.9,-84.2,  1,  3, 0.01, 98, 0.6
2026-03-22 00:36:05, -1.5683,54.9707,  23.3,25283,-60.5,-89.0,-84.2,  1,  3, 0.01, 90, 0.6
2026-03-22 00:36:07, -1.5683,54.9707,  23.2,25297,-60.5,-89.0,-84.2,  1,  3, 0.01, 81, 0.6
2026-03-22 00:36:09, -1.5683,54.9707,  23.2,25309,-60.5,-89.0,-84.2,  1,  3, 0.01, 70, 0.7
2026-03-22 00:36:11, -1.5684,54.9707,  23.2,25319,-60.5,-88.9,-84.2,  1,  3, 0.01, 61, 0.8
2026-03-22 00:36:13, -1.5685,54.9707,  23.1,25331,-60.5,-88.9,-84.2,  1,  3, 0.01, 52, 0.9
2026-03-22 00:36:15, -1.5685,54.9707,  23.1,25343,-60.4,-88.9,-84.1,  1,  3, 0.01, 45, 1.1
2026-03-22 00:36:17, -1.5685,54.9707,  23.0,25355,-60.4,-88.8,-84.1,  1,  3, 0.01, 40, 1.3
2026-03-22 00:36:19, -1.5685,54.9706,  23.0,25368,-60.3,-88.7,-84.0,  1,  3, 0.01, 36, 1.5
2026-03-22 00:36:21, -1.5684,54.9706,  22.9,25380,-60.3,-88.7,-84.0,  1,  3, 0.01, 33, 1.7
2026-03-22 00:36:23, -1.5685,54.9705,  22.9,25393,-60.4,-88.8,-84.0,  1,  3, 0.01, 30, 2.0
2026-03-22 00:36:25, -1.5686,54.9705,  22.8,25404,-60.4,-88.8,-84.0,  2,  3, 0.01, 28, 2.3
2026-03-22 00:36:27, -1.5687,54.9706,  22.8,25416,-60.5,-88.8,-84.1,  2,  3, 0.01, 26, 2.5
2026-03-22 00:36:29, -1.5687,54.9705,  22.7,25429,-60.6,-88.8,-84.1,  2,  3, 0.01, 24, 2.8
2026-03-22 00:36:31, -1.5687,54.9705,  22.7,25440,-60.6,-88.8,-84.1,  2,  3, 0.01, 23, 3.0
2026-03-22 00:36:33, -1.5687,54.9704,  22.7,25452,-60.6,-88.8,-84.1,  2,  3, 0.01, 21, 3.3
2026-03-22 00:36:35, -1.5687,54.9703,  22.6,25465,-60.6,-88.8,-84.1,  2,  3, 0.01, 20, 3.5
2026-03-22 00:36:37, -1.5688,54.9702,  22.6,25476,-60.7,-88.9,-84.1,  2,  3, 0.01, 18, 3.7
2026-03-22 00:36:39, -1.5689,54.9702,  22.5,25488,-60.7,-88.9,-84.2,  2,  3, 0.01, 16, 3.8
2026-03-22 00:36:41, -1.5690,54.9701,  22.5,25500,-60.8,-89.0,-84.2,  2,  3, 0.01, 14, 4.0
2026-03-22 00:36:43, -1.5690,54.9701,  22.4,25511,-60.8,-89.0,-84.3,  2,  3, 0.01, 11, 4.1
2026-03-22 00:36:45, -1.5690,54.9700,  22.4,25522,-60.8,-89.0,-84.2,  2,  3, 0.01,  9, 4.2
2026-03-22 00:36:47, -1.5690,54.9698,  22.4,25534,-60.6,-88.9,-84.2,  2,  3, 0.01,  6, 4.3
2026-03-22 00:36:49, -1.5691,54.9697,  22.3,25545,-60.6,-88.9,-84.2,  1,  3, 0.01,  3, 4.3
2026-03-22 00:36:51, -1.5691,54.9697,  22.3,25556,-60.6,-89.0,-84.2,  1,  3, 0.01,360, 4.4
2026-03-22 00:36:53, -1.5692,54.9696,  22.2,25568,-60.6,-89.0,-84.3,  1,  3, 0.01,357, 4.4
2026-03-22 00:36:55, -1.5692,54.9695,  22.2,25581,-60.5,-89.1,-84.3,  1,  3, 0.01,354, 4.5
2026-03-22 00:36:57, -1.5690,54.9695,  22.2,25592,-60.4,-89.1,-84.3,  1,  3, 0.01,351, 4.6
2026-03-22 00:36:59, -1.5689,54.9694,  22.1,25603,-60.2,-89.0,-84.3,  1,  3, 0.01,348, 4.7
2026-03-22 00:37:01, -1.5688,54.9693,  22.1,25615,-60.1,-89.0,-84.2,  1,  2, 0.01,345, 4.8
2026-03-22 00:37:03, -1.5688,54.9692,  22.0,25627,-59.9,-88.9,-84.2,  1,  2, 0.01,343, 5.0
2026-03-22 00:37:05, -1.5688,54.9691,  22.0,25638,-59.8,-88.9,-84.2,  1,  2, 0.01,341, 5.1
2026-03-22 00:37:07, -1.5688,54.9691,  22.0,25649,-59.6,-88.9,-84.1,  1,  2, 0.01,339, 5.3
2026-03-22 00:37:09, -1.5688,54.9690,  21.9,25660,-59.5,-88.8,-84.1,  1,  2, 0.01,338, 5.6
2026-03-22 00:37:11, -1.5687,54.9689,  21.9,25671,-59.5,-88.9,-84.1,  1,  2, 0.01,337, 5.8
2026-03-22 00:37:13, -1.5686,54.9688,  21.8,25684,-59.5,-88.9,-84.1,  1,  2, 0.01,336, 6.0
2026-03-22 00:37:15, -1.5685,54.9687,  21.8,25696,-59.4,-88.9,-84.1,  1,  2, 0.01,335, 6.2
2026-03-22 00:37:17, -1.5684,54.9686,  21.8,25708,-59.3,-88.8,-84.0,  1,  2, 0.01,335, 6.4
2026-03-22 00:37:19, -1.5683,54.9685,  21.7,25719,-59.2,-88.7,-83.9,  1,  2, 0.01,334, 6.5
2026-03-22 00:37:21, -1.5682,54.9683,  21.7,25730,-58.9,-88.5,-83.7,  1,  2, 0.01,334, 6.6
2026-03-22 00:37:23, -1.5681,54.9682,  21.6,25742,-58.9,-88.4,-83.7,  1,  2, 0.01,333, 6.6
2026-03-22 00:37:25, -1.5680,54.9681,  21.6,25754,-58.9,-88.4,-83.6,  1,  2, 0.01,332, 6.7
2026-03-22 00:37:27, -1.5678,54.9679,  21.5,25767,-58.9,-88.4,-83.6,  1,  2, 0.01,332, 6.6
2026-03-22 00:37:29, -1.5677,54.9678,  21.5,25778,-59.0,-88.4,-83.6,  1,  2, 0.01,331, 6.6
2026-03-22 00:37:31, -1.5677,54.9677,  21.5,25790,-59.1,-88.4,-83.6,  1,  2, 0.01,330, 6.5
2026-03-22 00:37:33, -1.5677,54.9677,  21.4,25801,-59.1,-88.3,-83.5,  1,  2, 0.01,329, 6.4
2026-03-22 00:37:35, -1.5676,54.9676,  21.4,25813,-59.1,-88.2,-83.5,  1,  2, 0.01,328, 6.3
2026-03-22 00:37:37, -1.5674,54.9675,  21.4,25824,-59.1,-88.2,-83.4,  1,  3, 0.01,327, 6.1
2026-03-22 00:37:39, -1.5672,54.9674,  21.3,25835,-59.2,-88.2,-83.4,  1,  3, 0.01,325, 6.0
2026-03-22 00:37:41, -1.5671,54.9673,  21.3,25847,-59.3,-88.2,-83.4,  1,  3, 0.01,324, 6.0
2026-03-22 00:37:43, -1.5670,54.9672,  21.2,25860,-59.4,-88.2,-83.4,  1,  3, 0.01,323, 5.9
2026-03-22 00:37:45, -1.5670,54.9671,  21.2,25872,-59.5,-88.2,-83.4,  1,  3, 0.01,322, 5.9
2026-03-22 00:37:47, -1.5669,54.9671,  21.1,25885,-59.6,-88.2,-83.5,  1,  3, 0.01,321, 5.9
2026-03-22 00:37:49, -1.5668,54.9670,  21.1,25897,-59.7,-88.3,-83.5,  1,  3, 0.01,320, 5.9
2026-03-22 00:37:51, -1.5667,54.9670,  21.1,25909,-59.8,-88.3,-83.5,  2,  3, 0.01,320, 6.0
2026-03-22 00:37:53, -1.5665,54.9669,  21.0,25921,-59.8,-88.3,-83.6,  2,  3, 0.01,320, 6.1
2026-03-22 00:37:55, -1.5663,54.9668,  21.0,25933,-59.9,-88.3,-83.6,  2,  3, 0.01,320, 6.3
2026-03-22 00:37:57, -1.5662,54.9667,  20.9,25946,-59.8,-88.3,-83.6,  2,  3, 0.01,320, 6.4
2026-03-22 00:37:59, -1.5661,54.9666,  20.9,25958,-59.8,-88.3,-83.5,  2,  3, 0.01,321, 6.5
2026-03-22 00:38:01, -1.5660,54.9665,  20.9,25971,-59.7,-88.3,-83.5,  2,  3, 0.01,322, 6.7
2026-03-22 00:38:03, -1.5659,54.9665,  20.8,25983,-59.7,-88.2,-83.5,  2,  3, 0.01,323, 6.8
2026-03-22 00:38:05, -1.5657,54.9664,  20.8,25996,-59.6,-88.2,-83.4,  2,  3, 0.01,324, 7.0
2026-03-22 00:38:07, -1.5656,54.9663,  20.7,26008,-59.6,-88.2,-83.5,  1,  3, 0.01,325, 7.1
2026-03-22 00:38:09, -1.5654,54.9661,  20.7,26020,-59.6,-88.2,-83.5,  1,  3, 0.01,326, 7.2
2026-03-22 00:38:11, -1.5652,54.9660,  20.7,26032,-59.6,-88.3,-83.5,  1,  3, 0.01,327, 7.3
2026-03-22 00:38:13, -1.5651,54.9659,  20.6,26042,-59.5,-88.2,-83.4,  1,  3, 0.01,329, 7.3
2026-03-22 00:38:15, -1.5650,54.9657,  20.6,26053,-59.5,-88.2,-83.4,  1,  3, 0.01,330, 7.3
2026-03-22 00:38:17, -1.5649,54.9657,  20.5,26066,-59.5,-88.2,-83.4,  1,  3, 0.01,331, 7.3
2026-03-22 00:38:19, -1.5648,54.9656,  20.5,26079,-59.6,-88.2,-83.5,  1,  3, 0.01,333, 7.3
2026-03-22 00:38:21, -1.5648,54.9655,  20.5,26092,-59.6,-88.3,-83.5,  1,  3, 0.01,334, 7.3
2026-03-22 00:38:23, -1.5647,54.9653,  20.4,26105,-59.7,-88.3,-83.5,  1,  3, 0.01,335, 7.2
2026-03-22 00:38:25, -1.5646,54.9652,  20.4,26118,-59.8,-88.3,-83.6,  1,  3, 0.01,337, 7.1
2026-03-22 00:38:27, -1.5645,54.9651,  20.3,26130,-59.8,-88.4,-83.6,  1,  3, 0.01,338, 7.1
2026-03-22 00:38:29, -1.5643,54.9649,  20.3,26142,-59.9,-88.4,-83.7,  2,  3, 0.01,339, 7.0
2026-03-22 00:38:31, -1.5642,54.9648,  20.3,26155,-60.0,-88.5,-83.7,  2,  3, 0.01,340, 6.8
2026-03-22 00:38:33, -1.5642,54.9647,  20.2,26167,-60.0,-88.5,-83.7,  2,  3, 0.01,341, 6.7
2026-03-22 00:38:35, -1.5642,54.9645,  20.2,26180,-60.0,-88.5,-83.7,  2,  3, 0.01,342, 6.6
2026-03-22 00:38:37, -1.5642,54.9644,  20.1,26192,-60.0,-88.5,-83.7,  2,  3, 0.01,343, 6.5
2026-03-22 00:38:39, -1.5641,54.9644,  20.1,26205,-60.1,-88.5,-83.7,  2,  3, 0.01,344, 6.5
2026-03-22 00:38:41, -1.5640,54.9643,  20.1,26217,-60.1,-88.5,-83.7,  2,  3, 0.01,345, 6.4
2026-03-22 00:38:43, -1.5640,54.9642,  20.0,26230,-60.1,-88.5,-83.7,  2,  3, 0.01,345, 6.3
2026-03-22 00:38:43, -1.5640,54.9641,  20.0,26233,-60.1,-88.5,-83.7,  2,  3, 0.01,346, 6.3
2026-03-22 00:38:45, -1.5640,54.9641,  20.0,26243,-60.2,-88.5,-83.8,  2,  3, 0.01,346, 6.3
2026-03-22 00:38:47, -1.5639,54.9639,  19.9,26256,-60.2,-88.6,-83.8,  2,  3, 0.01,346, 6.3
2026-03-22 00:38:49, -1.5639,54.9638,  19.9,26269,-60.2,-88.6,-83.8,  2,  3, 0.01,347, 6.3
2026-03-22 00:38:51, -1.5638,54.9637,  19.8,26282,-60.2,-88.5,-83.8,  2,  3, 0.01,347, 6.3
2026-03-22 00:38:53, -1.5638,54.9636,  19.8,26294,-60.2,-88.6,-83.8,  2,  3, 0.01,348, 6.3
2026-03-22 00:38:55, -1.5637,54.9635,  19.8,26306,-60.2,-88.5,-83.8,  2,  3, 0.01,349, 6.3
2026-03-22 00:38:57, -1.5637,54.9634,  19.7,26318,-60.2,-88.5,-83.8,  2,  3, 0.01,350, 6.4
2026-03-22 00:38:59, -1.5636,54.9633,  19.7,26332,-60.2,-88.5,-83.8,  2,  3, 0.01,351, 6.4
2026-03-22 00:39:01, -1.5635,54.9632,  19.6,26345,-60.2,-88.5,-83.8,  2,  3, 0.01,353, 6.4
2026-03-22 00:39:03, -1.5635,54.9631,  19.6,26358,-60.2,-88.6,-83.8,  2,  3, 0.01,355, 6.4
2026-03-22 00:39:05, -1.5635,54.9629,  19.6,26371,-60.3,-88.6,-83.8,  2,  3, 0.01,357, 6.4
2026-03-22 00:39:07, -1.5635,54.9628,  19.5,26385,-60.3,-88.6,-83.8,  2,  3, 0.01,360, 6.4
2026-03-22 00:39:09, -1.5635,54.9627,  19.5,26398,-60.4,-88.7,-83.9,  2,  3, 0.01,  3, 6.4
2026-03-22 00:39:11, -1.5635,54.9626,  19.4,26411,-60.4,-88.7,-84.0,  2,  3, 0.01,  6, 6.4
2026-03-22 00:39:13, -1.5635,54.9625,  19.4,26424,-60.5,-88.8,-84.0,  2,  3, 0.01,  9, 6.4
2026-03-22 00:39:15, -1.5635,54.9624,  19.4,26436,-60.5,-88.8,-84.1,  2,  3, 0.01, 13, 6.3
2026-03-22 00:39:17, -1.5636,54.9622,  19.3,26449,-60.4,-88.8,-84.1,  1,  3, 0.01, 16, 6.3
2026-03-22 00:39:19, -1.5637,54.9621,  19.3,26462,-60.4,-88.8,-84.1,  1,  3, 0.01, 19, 6.2
2026-03-22 00:39:21, -1.5638,54.9620,  19.2,26475,-60.4,-88.9,-84.1,  1,  3, 0.01, 22, 6.1
2026-03-22 00:39:23, -1.5639,54.9619,  19.2,26488,-60.4,-89.0,-84.2,  1,  3, 0.01, 25, 6.1
2026-03-22 00:39:25, -1.5640,54.9618,  19.2,26501,-60.4,-89.0,-84.3,  1,  3, 0.01, 27, 6.0
2026-03-22 00:39:27, -1.5641,54.9617,  19.1,26515,-60.2,-89.0,-84.2,  1,  3, 0.01, 29, 5.9
2026-03-22 00:39:29, -1.5642,54.9616,  19.1,26527,-60.1,-88.9,-84.2,  1,  3, 0.01, 30, 5.8
2026-03-22 00:39:31, -1.5643,54.9615,  19.0,26539,-59.9,-88.9,-84.1,  1,  2, 0.01, 31, 5.7
2026-03-22 00:39:33, -1.5645,54.9614,  19.0,26551,-59.8,-88.9,-84.1,  1,  2, 0.01, 30, 5.6
2026-03-22 00:39:35, -1.5646,54.9614,  19.0,26564,-59.7,-88.9,-84.2,  1,  2, 0.01, 29, 5.5
2026-03-22 00:39:37, -1.5647,54.9614,  18.9,26576,-59.7,-89.0,-84.2,  1,  2, 0.01, 28, 5.4
2026-03-22 00:39:39, -1.5648,54.9613,  18.9,26590,-59.5,-88.9,-84.1,  1,  2, 0.01, 25, 5.3
2026-03-22 00:39:41, -1.5649,54.9613,  18.8,26602,-59.4,-88.9,-84.1,  1,  2, 0.01, 22, 5.3
2026-03-22 00:39:43, -1.5649,54.9612,  18.8,26614,-59.4,-88.9,-84.1,  1,  2, 0.01, 19, 5.3
2026-03-22 00:39:45, -1.5649,54.9610,  18.8,26625,-59.2,-88.8,-84.0,  1,  2, 0.01, 16, 5.4
2026-03-22 00:39:47, -1.5649,54.9609,  18.7,26637,-59.0,-88.7,-83.9,  1,  2, 0.01, 13, 5.5
2026-03-22 00:39:49, -1.5650,54.9608,  18.7,26650,-58.9,-88.7,-83.9,  1,  2, 0.01, 11, 5.6
2026-03-22 00:39:51, -1.5650,54.9607,  18.7,26661,-58.8,-88.6,-83.9,  1,  2, 0.01,  9, 5.7
2026-03-22 00:39:53, -1.5650,54.9606,  18.6,26674,-58.8,-88.6,-83.8,  1,  2, 0.01,  7, 5.8
2026-03-22 00:39:55, -1.5650,54.9606,  18.6,26688,-58.8,-88.6,-83.9,  1,  2, 0.01,  7, 6.0
2026-03-22 00:39:57, -1.5650,54.9605,  18.6,26701,-58.8,-88.6,-83.9,  1,  2, 0.01,  7, 6.1
2026-03-22 00:39:59, -1.5650,54.9603,  18.5,26713,-58.8,-88.6,-83.9,  1,  2, 0.01,  7, 6.2
2026-03-22 00:40:01, -1.5649,54.9602,  18.5,26726,-58.8,-88.6,-83.8,  1,  2, 0.01,  8, 6.2
2026-03-22 00:40:03, -1.5649,54.9600,  18.4,26739,-58.7,-88.5,-83.8,  1,  2, 0.01,  9, 6.3
2026-03-22 00:40:05, -1.5650,54.9599,  18.4,26752,-58.6,-88.4,-83.7,  1,  2, 0.01, 11, 6.3
2026-03-22 00:40:07, -1.5650,54.9599,  18.4,26765,-58.5,-88.4,-83.6,  1,  2, 0.01, 13, 6.3
2026-03-22 00:40:09, -1.5651,54.9597,  18.3,26777,-58.5,-88.3,-83.6,  1,  2, 0.01, 16, 6.3
2026-03-22 00:40:11, -1.5652,54.9596,  18.3,26788,-58.5,-88.3,-83.5,  1,  2, 0.01, 19, 6.3
2026-03-22 00:40:13, -1.5653,54.9595,  18.3,26801,-58.4,-88.2,-83.5,  1,  2, 0.01, 22, 6.2
2026-03-22 00:40:15, -1.5653,54.9593,  18.2,26814,-58.4,-88.2,-83.5,  1,  2, 0.01, 25, 6.2
2026-03-22 00:40:17, -1.5654,54.9592,  18.2,26826,-58.4,-88.2,-83.4,  1,  2, 0.01, 29, 6.2
2026-03-22 00:40:19, -1.5655,54.9592,  18.2,26838,-58.4,-88.1,-83.4,  1,  2, 0.01, 32, 6.2
2026-03-22 00:40:21, -1.5656,54.9591,  18.1,26850,-58.3,-88.1,-83.3,  1,  2, 0.01, 36, 6.2
2026-03-22 00:40:23, -1.5657,54.9590,  18.1,26864,-58.3,-88.0,-83.2,  1,  2, 0.01, 40, 6.2
2026-03-22 00:40:25, -1.5659,54.9589,  18.0,26877,-58.2,-87.9,-83.2,  1,  2, 0.01, 43, 6.2
2026-03-22 00:40:27, -1.5660,54.9588,  18.0,26890,-58.2,-87.9,-83.1,  1,  2, 0.01, 47, 6.3
2026-03-22 00:40:29, -1.5661,54.9587,  18.0,26904,-58.3,-87.9,-83.1,  1,  2, 0.01, 50, 6.4
2026-03-22 00:40:31, -1.5663,54.9587,  17.9,26916,-58.3,-87.9,-83.1,  1,  2, 0.01, 52, 6.5
2026-03-22 00:40:33, -1.5664,54.9586,  17.9,26927,-58.4,-87.9,-83.1,  1,  2, 0.01, 54, 6.6
2026-03-22 00:40:35, -1.5666,54.9586,  17.9,26940,-58.5,-87.9,-83.1,  1,  2, 0.01, 56, 6.7
2026-03-22 00:40:37, -1.5668,54.9585,  17.8,26953,-58.5,-87.9,-83.1,  1,  2, 0.01, 57, 6.8
2026-03-22 00:40:39, -1.5671,54.9585,  17.8,26965,-58.6,-87.9,-83.2,  1,  2, 0.01, 57, 6.9
2026-03-22 00:40:41, -1.5673,54.9584,  17.8,26978,-58.6,-87.9,-83.2,  1,  2, 0.01, 57, 7.0
2026-03-22 00:40:43, -1.5675,54.9584,  17.7,26991,-58.6,-87.9,-83.1,  1,  2, 0.01, 56, 7.1
2026-03-22 00:40:45, -1.5677,54.9583,  17.7,27003,-58.5,-87.8,-83.0,  1,  2, 0.01, 56, 7.2
2026-03-22 00:40:47, -1.5679,54.9583,  17.6,27016,-58.5,-87.8,-83.0,  1,  2, 0.01, 55, 7.2
2026-03-22 00:40:49, -1.5681,54.9582,  17.6,27028,-58.5,-87.8,-83.0,  1,  2, 0.01, 53, 7.2
2026-03-22 00:40:51, -1.5682,54.9581,  17.6,27040,-58.5,-87.8,-83.0,  1,  2, 0.01, 52, 7.3
2026-03-22 00:40:53, -1.5684,54.9580,  17.5,27051,-58.5,-87.8,-83.0,  1,  2, 0.01, 51, 7.3
2026-03-22 00:40:55, -1.5686,54.9578,  17.5,27064,-58.5,-87.8,-83.0,  1,  2, 0.01, 50, 7.3
2026-03-22 00:40:57, -1.5687,54.9577,  17.5,27076,-58.5,-87.8,-83.0,  1,  2, 0.01, 49, 7.3
2026-03-22 00:40:59, -1.5689,54.9577,  17.4,27087,-58.6,-87.8,-83.0,  1,  2, 0.01, 48, 7.3
2026-03-22 00:41:01, -1.5690,54.9576,  17.4,27101,-58.6,-87.8,-83.1,  1,  3, 0.01, 47, 7.3
2026-03-22 00:41:03, -1.5692,54.9575,  17.4,27115,-58.7,-87.8,-83.1,  1,  3, 0.01, 47, 7.3
2026-03-22 00:41:05, -1.5694,54.9574,  17.3,27127,-58.7,-87.8,-83.1,  1,  3, 0.01, 46, 7.3
2026-03-22 00:41:07, -1.5695,54.9573,  17.3,27139,-58.8,-87.9,-83.1,  1,  3, 0.01, 46, 7.3
2026-03-22 00:41:09, -1.5697,54.9572,  17.3,27151,-58.8,-87.9,-83.1,  1,  3, 0.01, 46, 7.3
2026-03-22 00:41:11, -1.5699,54.9571,  17.2,27165,-58.9,-87.9,-83.1,  1,  3, 0.01, 46, 7.3
2026-03-22 00:41:13, -1.5701,54.9570,  17.2,27177,-58.9,-87.9,-83.2,  1,  3, 0.01, 46, 7.3
2026-03-22 00:41:15, -1.5702,54.9570,  17.2,27190,-59.0,-87.9,-83.2,  1,  3, 0.01, 46, 7.4
2026-03-22 00:41:17, -1.5704,54.9569,  17.1,27203,-59.0,-87.9,-83.2,  1,  3, 0.01, 46, 7.4
2026-03-22 00:41:19, -1.5705,54.9569,  17.1,27215,-59.0,-87.9,-83.2,  1,  3, 0.01, 46, 7.4
2026-03-22 00:41:21, -1.5707,54.9567,  17.1,27227,-59.1,-87.9,-83.2,  1,  3, 0.01, 46, 7.4
2026-03-22 00:41:23, -1.5709,54.9566,  17.0,27239,-59.1,-87.9,-83.2,  1,  3, 0.01, 47, 7.4
2026-03-22 00:41:25, -1.5710,54.9565,  17.0,27251,-59.1,-87.9,-83.2,  1,  3, 0.01, 47, 7.4
2026-03-22 00:41:27, -1.5712,54.9564,  17.0,27262,-59.2,-88.0,-83.2,  1,  3, 0.01, 48, 7.4
2026-03-22 00:41:29, -1.5714,54.9563,  16.9,27274,-59.2,-88.0,-83.3,  1,  3, 0.01, 49, 7.3
2026-03-22 00:41:31, -1.5716,54.9562,  16.9,27287,-59.3,-88.1,-83.3,  1,  3, 0.01, 50, 7.3
2026-03-22 00:41:33, -1.5717,54.9561,  16.9,27299,-59.3,-88.1,-83.4,  1,  3, 0.01, 51, 7.2
2026-03-22 00:41:35, -1.5719,54.9560,  16.8,27312,-59.3,-88.1,-83.3,  1,  3, 0.01, 53, 7.2
2026-03-22 00:41:37, -1.5721,54.9560,  16.8,27325,-59.2,-88.0,-83.3,  1,  3, 0.01, 55, 7.1
2026-03-22 00:41:39, -1.5722,54.9559,  16.8,27338,-59.1,-88.0,-83.2,  1,  3, 0.01, 57, 7.1
2026-03-22 00:41:41, -1.5724,54.9558,  16.7,27350,-59.1,-88.0,-83.2,  1,  3, 0.01, 59, 7.0
2026-03-22 00:41:43, -1.5726,54.9558,  16.7,27362,-59.1,-88.0,-83.2,  1,  3, 0.01, 62, 7.0
2026-03-22 00:41:45, -1.5728,54.9557,  16.7,27374,-59.2,-88.0,-83.2,  1,  3, 0.01, 64, 7.0
2026-03-22 00:41:47, -1.5730,54.9556,  16.6,27387,-59.2,-88.0,-83.3,  1,  3, 0.01, 67, 7.0
2026-03-22 00:41:49, -1.5732,54.9556,  16.6,27399,-59.3,-88.1,-83.3,  1,  3, 0.01, 69, 7.0
2026-03-22 00:41:51, -1.5734,54.9556,  16.6,27412,-59.4,-88.2,-83.4,  1,  3, 0.01, 72, 7.0
2026-03-22 00:41:53, -1.5736,54.9555,  16.5,27425,-59.5,-88.2,-83.4,  1,  3, 0.01, 74, 7.0
2026-03-22 00:41:55, -1.5738,54.9555,  16.5,27438,-59.5,-88.2,-83.4,  1,  3, 0.01, 76, 7.0
2026-03-22 00:41:57, -1.5741,54.9555,  16.5,27450,-59.6,-88.2,-83.5,  1,  3, 0.01, 78, 6.9
2026-03-22 00:41:59, -1.5743,54.9555,  16.4,27462,-59.6,-88.3,-83.5,  1,  3, 0.01, 80, 6.8
2026-03-22 00:42:01, -1.5746,54.9555,  16.4,27475,-59.7,-88.3,-83.5,  1,  3, 0.01, 82, 6.7
2026-03-22 00:42:03, -1.5749,54.9554,  16.4,27487,-59.7,-88.3,-83.6,  1,  3, 0.01, 84, 6.5
2026-03-22 00:42:05, -1.5751,54.9554,  16.3,27499,-59.8,-88.4,-83.6,  1,  3, 0.01, 85, 6.3
2026-03-22 00:42:07, -1.5752,54.9554,  16.3,27511,-59.8,-88.4,-83.7,  1,  3, 0.01, 86, 6.1
2026-03-22 00:42:09, -1.5754,54.9554,  16.3,27523,-59.9,-88.5,-83.7,  1,  3, 0.01, 88, 5.8
2026-03-22 00:42:11, -1.5756,54.9554,  16.2,27535,-59.9,-88.5,-83.7,  1,  3, 0.01, 89, 5.5
2026-03-22 00:42:13, -1.5757,54.9554,  16.2,27547,-59.9,-88.5,-83.8,  1,  3, 0.01, 89, 5.2
2026-03-22 00:42:15, -1.5759,54.9555,  16.2,27559,-59.8,-88.6,-83.8,  1,  3, 0.01, 90, 4.8
2026-03-22 00:42:17, -1.5761,54.9555,  16.2,27571,-59.7,-88.5,-83.8,  1,  3, 0.01, 90, 4.5
2026-03-22 00:42:19, -1.5763,54.9555,  16.1,27581,-59.6,-88.5,-83.8,  1,  3, 0.01, 90, 4.1
2026-03-22 00:42:21, -1.5763,54.9554,  16.1,27592,-59.5,-88.5,-83.7,  1,  3, 0.01, 90, 3.8
2026-03-22 00:42:23, -1.5764,54.9554,  16.1,27604,-59.4,-88.4,-83.7,  1,  2, 0.01, 89, 3.4
2026-03-22 00:42:25, -1.5765,54.9554,  16.0,27617,-59.2,-88.3,-83.6,  1,  2, 0.01, 87, 3.1
2026-03-22 00:42:27, -1.5765,54.9554,  16.0,27629,-59.2,-88.4,-83.6,  1,  2, 0.01, 85, 2.8
2026-03-22 00:42:29, -1.5766,54.9555,  16.0,27641,-59.2,-88.4,-83.7,  1,  2, 0.01, 81, 2.5
2026-03-22 00:42:31, -1.5767,54.9555,  15.9,27653,-59.2,-88.5,-83.7,  1,  2, 0.01, 77, 2.2
2026-03-22 00:42:33, -1.5768,54.9555,  15.9,27666,-59.2,-88.5,-83.7,  1,  2, 0.01, 71, 2.0
2026-03-22 00:42:35, -1.5768,54.9554,  15.9,27678,-59.1,-88.5,-83.7,  1,  2, 0.01, 64, 1.8
2026-03-22 00:42:37, -1.5769,54.9554,  15.8,27689,-59.1,-88.5,-83.7,  1,  2, 0.01, 55, 1.7
2026-03-22 00:42:39, -1.5769,54.9554,  15.8,27701,-59.1,-88.5,-83.7,  1,  2, 0.01, 46, 1.7
2026-03-22 00:42:41, -1.5769,54.9554,  15.8,27713,-59.0,-88.4,-83.7,  1,  2, 0.01, 37, 1.6
2026-03-22 00:42:43, -1.5769,54.9554,  15.8,27725,-59.0,-88.4,-83.7,  1,  2, 0.01, 28, 1.7
2026-03-22 00:42:45, -1.5769,54.9554,  15.7,27738,-59.0,-88.4,-83.7,  1,  2, 0.01, 21, 1.8
2026-03-22 00:42:47, -1.5770,54.9553,  15.7,27750,-59.0,-88.4,-83.6,  1,  2, 0.01, 14, 1.9
2026-03-22 00:42:49, -1.5770,54.9552,  15.7,27762,-58.9,-88.3,-83.6,  1,  2, 0.01, 10, 2.0
2026-03-22 00:42:51, -1.5771,54.9551,  15.6,27774,-59.0,-88.4,-83.6,  1,  2, 0.01,  6, 2.2
2026-03-22 00:42:53, -1.5770,54.9551,  15.6,27786,-59.0,-88.4,-83.6,  1,  2, 0.01,  4, 2.4
2026-03-22 00:42:55, -1.5770,54.9551,  15.6,27799,-59.0,-88.4,-83.6,  1,  2, 0.01,  2, 2.6
2026-03-22 00:42:57, -1.5769,54.9551,  15.5,27812,-59.0,-88.4,-83.6,  1,  2, 0.01,  2, 2.8
2026-03-22 00:42:59, -1.5769,54.9551,  15.5,27823,-59.0,-88.3,-83.6,  1,  2, 0.01,  2, 3.1
2026-03-22 00:43:01, -1.5769,54.9550,  15.5,27835,-58.9,-88.3,-83.5,  1,  2, 0.01,  3, 3.3
2026-03-22 00:43:03, -1.5769,54.9549,  15.5,27848,-58.9,-88.3,-83.5,  1,  2, 0.01,  5, 3.6
2026-03-22 00:43:05, -1.5769,54.9549,  15.4,27860,-58.9,-88.3,-83.5,  1,  2, 0.01,  7, 3.9
2026-03-22 00:43:07, -1.5769,54.9548,  15.4,27871,-58.8,-88.2,-83.4,  1,  2, 0.01,  8, 4.2
2026-03-22 00:43:09, -1.5769,54.9547,  15.4,27884,-58.7,-88.1,-83.4,  1,  2, 0.01, 10, 4.4
2026-03-22 00:43:11, -1.5769,54.9546,  15.3,27896,-58.7,-88.1,-83.4,  1,  2, 0.01, 12, 4.7
2026-03-22 00:43:13, -1.5770,54.9545,  15.3,27909,-58.7,-88.1,-83.3,  1,  2, 0.01, 14, 5.0
2026-03-22 00:43:15, -1.5770,54.9544,  15.3,27922,-58.8,-88.1,-83.4,  1,  2, 0.01, 16, 5.2
2026-03-22 00:43:17, -1.5771,54.9543,  15.2,27934,-58.8,-88.1,-83.4,  1,  2, 0.01, 17, 5.4
2026-03-22 00:43:19, -1.5772,54.9542,  15.2,27945,-58.8,-88.1,-83.4,  1,  2, 0.01, 18, 5.6
2026-03-22 00:43:21, -1.5772,54.9541,  15.2,27957,-58.9,-88.2,-83.4,  1,  2, 0.01, 19, 5.7
2026-03-22 00:43:23, -1.5773,54.9540,  15.2,27969,-58.9,-88.2,-83.4,  1,  2, 0.01, 20, 5.7
2026-03-22 00:43:25, -1.5773,54.9539,  15.1,27981,-58.9,-88.2,-83.4,  1,  2, 0.01, 21, 5.7
2026-03-22 00:43:27, -1.5774,54.9538,  15.1,27993,-58.9,-88.2,-83.4,  1,  2, 0.01, 21, 5.6
2026-03-22 00:43:29, -1.5776,54.9537,  15.1,28004,-58.9,-88.2,-83.4,  1,  2, 0.01, 21, 5.5
