time,longitude,latitude,pressure_hPa,geopotential height_m,temperature_C,dew point temperature_C,ice point temperature_C,relative humidity_%,humidity wrt ice_%,mixing ratio_g/kg,wind direction_degree,wind speed_m/s
2026-03-22 23:15:07, -1.8782,55.0192,1002.2,  142,  4.0, -0.0, -0.0, 75, 75, 3.81,315, 1.1
2026-03-22 23:15:07, -1.8782,55.0192,1000.0,  160,  4.4,  0.0,  0.0, 73, 73, 3.82,315, 1.1
2026-03-22 23:15:09, -1.8782,55.0192, 999.7,  163,  4.5,  0.0,  0.0, 73, 73, 3.83,291, 2.7
2026-03-22 23:15:11, -1.8781,55.0192, 997.8,  178,  4.7, -0.1, -0.1, 71, 71, 3.79,291, 3.4
2026-03-22 23:15:13, -1.8779,55.0192, 996.7,  189,  4.9, -0.4, -0.3, 69, 69, 3.73,292, 3.9
2026-03-22 23:15:15, -1.8778,55.0192, 994.9,  202,  5.1, -0.6, -0.5, 67, 67, 3.68,293, 4.5
2026-03-22 23:15:17, -1.8775,55.0191, 993.2,  216,  5.2, -0.7, -0.7, 66, 66, 3.65,293, 5.0
2026-03-22 23:15:19, -1.8773,55.0191, 991.8,  228,  5.2, -0.9, -0.8, 65, 65, 3.61,294, 5.6
2026-03-22 23:15:21, -1.8771,55.0190, 990.3,  240,  5.5, -1.2, -1.1, 62, 62, 3.52,294, 6.1
2026-03-22 23:15:23, -1.8769,55.0189, 988.9,  252,  5.8, -1.8, -1.6, 58, 58, 3.40,294, 6.5
2026-03-22 23:15:25, -1.8767,55.0188, 987.2,  264,  5.9, -2.0, -1.8, 57, 57, 3.34,294, 6.9
2026-03-22 23:15:27, -1.8764,55.0187, 986.3,  273,  6.0, -2.1, -1.9, 56, 56, 3.32,294, 7.2
2026-03-22 23:15:29, -1.8762,55.0187, 985.2,  282,  5.9, -2.1, -1.9, 56, 56, 3.33,294, 7.4
2026-03-22 23:15:31, -1.8760,55.0186, 983.8,  294,  5.8, -2.2, -1.9, 56, 56, 3.31,294, 7.6
2026-03-22 23:15:33, -1.8757,55.0185, 982.1,  307,  5.8, -2.3, -2.0, 56, 56, 3.29,294, 7.7
2026-03-22 23:15:35, -1.8754,55.0185, 981.0,  317,  5.7, -2.3, -2.0, 56, 56, 3.29,294, 7.7
2026-03-22 23:15:37, -1.8753,55.0185, 980.0,  326,  5.6, -2.3, -2.0, 57, 57, 3.29,294, 7.7
2026-03-22 23:15:39, -1.8750,55.0184, 978.9,  335,  5.5, -2.3, -2.1, 57, 57, 3.28,295, 7.7
2026-03-22 23:15:41, -1.8748,55.0184, 977.3,  347,  5.5, -2.5, -2.2, 57, 57, 3.25,296, 7.7
2026-03-22 23:15:43, -1.8747,55.0183, 976.4,  357,  5.5, -2.6, -2.3, 56, 56, 3.22,297, 7.7
2026-03-22 23:15:45, -1.8744,55.0182, 974.9,  368,  5.4, -2.7, -2.4, 56, 56, 3.21,299, 7.7
2026-03-22 23:15:47, -1.8743,55.0182, 973.6,  378,  5.3, -2.8, -2.4, 56, 56, 3.20,301, 7.7
2026-03-22 23:15:49, -1.8741,55.0181, 972.4,  389,  5.2, -2.8, -2.5, 56, 56, 3.20,303, 7.7
2026-03-22 23:15:51, -1.8739,55.0181, 971.0,  401,  5.1, -2.8, -2.5, 56, 56, 3.20,305, 7.8
2026-03-22 23:15:53, -1.8737,55.0179, 969.8,  411,  5.0, -2.8, -2.5, 57, 57, 3.19,307, 7.8
2026-03-22 23:15:55, -1.8735,55.0178, 968.7,  420,  5.0, -2.9, -2.6, 57, 57, 3.18,310, 7.9
2026-03-22 23:15:57, -1.8733,55.0178, 967.7,  429,  5.0, -3.0, -2.7, 56, 56, 3.16,312, 8.0
2026-03-22 23:15:59, -1.8731,55.0177, 966.7,  438,  4.9, -3.1, -2.7, 56, 56, 3.15,314, 8.1
2026-03-22 23:16:01, -1.8730,55.0175, 965.1,  450,  4.9, -3.0, -2.7, 56, 56, 3.16,316, 8.2
2026-03-22 23:16:03, -1.8728,55.0173, 964.1,  459,  4.8, -3.0, -2.7, 57, 57, 3.16,318, 8.3
2026-03-22 23:16:05, -1.8727,55.0172, 963.1,  467,  4.8, -3.1, -2.8, 57, 57, 3.14,320, 8.4
2026-03-22 23:16:07, -1.8725,55.0172, 962.1,  476,  4.8, -3.3, -2.9, 56, 56, 3.12,321, 8.5
2026-03-22 23:16:09, -1.8723,55.0170, 960.9,  486,  4.8, -3.3, -3.0, 56, 56, 3.11,322, 8.5
2026-03-22 23:16:11, -1.8721,55.0169, 959.9,  495,  4.7, -3.4, -3.0, 56, 56, 3.11,324, 8.5
2026-03-22 23:16:13, -1.8720,55.0168, 958.6,  505,  4.7, -3.4, -3.0, 56, 56, 3.10,325, 8.4
2026-03-22 23:16:15, -1.8718,55.0166, 957.4,  516,  4.6, -3.5, -3.1, 56, 56, 3.09,325, 8.4
2026-03-22 23:16:17, -1.8716,55.0165, 956.4,  524,  4.5, -3.5, -3.1, 56, 56, 3.09,326, 8.3
2026-03-22 23:16:19, -1.8716,55.0164, 955.4,  532,  4.5, -3.6, -3.2, 56, 56, 3.07,327, 8.3
2026-03-22 23:16:21, -1.8715,55.0163, 954.6,  540,  4.5, -3.7, -3.2, 56, 56, 3.05,327, 8.2
2026-03-22 23:16:23, -1.8714,55.0161, 953.3,  550,  4.4, -3.7, -3.3, 55, 55, 3.04,327, 8.1
2026-03-22 23:16:25, -1.8712,55.0160, 952.0,  562,  4.3, -3.8, -3.4, 55, 55, 3.02,327, 8.1
2026-03-22 23:16:27, -1.8711,55.0159, 950.7,  573,  4.3, -4.1, -3.6, 55, 55, 2.97,327, 8.0
2026-03-22 23:16:29, -1.8710,55.0158, 949.5,  583,  4.2, -4.2, -3.8, 54, 54, 2.94,327, 7.9
2026-03-22 23:16:31, -1.8709,55.0157, 948.4,  594,  4.2, -4.2, -3.8, 54, 54, 2.94,327, 7.9
2026-03-22 23:16:33, -1.8708,55.0155, 946.8,  606,  4.1, -4.2, -3.8, 54, 54, 2.95,327, 7.9
2026-03-22 23:16:35, -1.8706,55.0155, 945.6,  617,  4.0, -4.3, -3.8, 55, 55, 2.94,327, 7.8
2026-03-22 23:16:37, -1.8704,55.0154, 944.4,  627,  3.9, -4.3, -3.8, 55, 55, 2.94,326, 7.8
2026-03-22 23:16:39, -1.8702,55.0152, 943.3,  636,  3.8, -4.4, -3.9, 55, 55, 2.93,326, 7.8
2026-03-22 23:16:41, -1.8701,55.0151, 942.3,  646,  3.7, -4.4, -3.9, 55, 55, 2.93,326, 7.7
2026-03-22 23:16:43, -1.8700,55.0150, 941.1,  656,  3.6, -4.4, -3.9, 56, 56, 2.93,326, 7.7
2026-03-22 23:16:45, -1.8698,55.0149, 939.8,  667,  3.5, -4.4, -3.9, 56, 56, 2.93,325, 7.7
2026-03-22 23:16:47, -1.8697,55.0148, 938.6,  677,  3.5, -4.5, -4.0, 56, 56, 2.92,325, 7.7
2026-03-22 23:16:49, -1.8696,55.0147, 937.4,  688,  3.4, -4.5, -4.0, 56, 56, 2.92,325, 7.6
2026-03-22 23:16:51, -1.8695,55.0145, 936.1,  698,  3.3, -4.5, -4.0, 57, 57, 2.92,325, 7.6
2026-03-22 23:16:53, -1.8694,55.0144, 935.0,  709,  3.2, -4.5, -4.0, 57, 57, 2.93,325, 7.6
2026-03-22 23:16:55, -1.8693,55.0143, 933.8,  719,  3.1, -4.4, -3.9, 58, 58, 2.94,325, 7.6
2026-03-22 23:16:57, -1.8691,55.0143, 932.7,  728,  3.0, -4.4, -3.9, 58, 58, 2.94,325, 7.5
2026-03-22 23:16:59, -1.8689,55.0141, 931.7,  736,  3.0, -4.4, -3.9, 58, 58, 2.96,325, 7.5
2026-03-22 23:17:01, -1.8687,55.0140, 930.9,  744,  2.9, -4.4, -3.9, 59, 59, 2.96,325, 7.5
2026-03-22 23:17:03, -1.8687,55.0139, 929.8,  753,  2.8, -4.5, -4.0, 59, 59, 2.95,326, 7.5
2026-03-22 23:17:05, -1.8685,55.0138, 928.7,  763,  2.7, -4.6, -4.1, 58, 58, 2.91,326, 7.5
2026-03-22 23:17:07, -1.8684,55.0137, 927.6,  772,  2.7, -4.7, -4.2, 58, 58, 2.90,326, 7.5
2026-03-22 23:17:09, -1.8683,55.0136, 926.4,  782,  2.6, -4.7, -4.2, 59, 59, 2.90,326, 7.5
2026-03-22 23:17:10, -1.8682,55.0135, 925.4,  792,  2.5, -4.8, -4.3, 59, 59, 2.89,326, 7.5
2026-03-22 23:17:11, -1.8682,55.0134, 925.0,  795,  2.5, -4.8, -4.3, 59, 59, 2.89,327, 7.5
2026-03-22 23:17:13, -1.8680,55.0134, 924.3,  801,  2.4, -4.8, -4.3, 59, 59, 2.89,327, 7.5
2026-03-22 23:17:15, -1.8678,55.0132, 923.2,  810,  2.3, -4.8, -4.3, 59, 59, 2.89,327, 7.5
2026-03-22 23:17:17, -1.8678,55.0131, 922.4,  818,  2.2, -4.9, -4.3, 59, 59, 2.88,327, 7.6
2026-03-22 23:17:19, -1.8677,55.0130, 921.4,  827,  2.1, -4.9, -4.3, 60, 60, 2.88,327, 7.6
2026-03-22 23:17:21, -1.8675,55.0129, 920.3,  836,  2.1, -4.9, -4.4, 60, 60, 2.87,327, 7.7
2026-03-22 23:17:23, -1.8674,55.0128, 919.2,  846,  2.0, -5.0, -4.4, 60, 60, 2.87,327, 7.7
2026-03-22 23:17:25, -1.8673,55.0127, 918.2,  855,  1.9, -5.0, -4.4, 60, 60, 2.87,327, 7.7
2026-03-22 23:17:27, -1.8672,55.0126, 917.3,  863,  1.8, -5.0, -4.5, 61, 61, 2.86,328, 7.7
2026-03-22 23:17:29, -1.8670,55.0124, 916.3,  871,  1.7, -5.0, -4.5, 61, 61, 2.87,328, 7.7
2026-03-22 23:17:31, -1.8668,55.0123, 915.4,  879,  1.6, -5.0, -4.5, 61, 61, 2.87,328, 7.6
2026-03-22 23:17:33, -1.8666,55.0121, 914.6,  887,  1.6, -5.1, -4.5, 61, 61, 2.87,328, 7.4
2026-03-22 23:17:35, -1.8665,55.0120, 913.7,  895,  1.5, -5.1, -4.5, 62, 62, 2.87,329, 7.3
2026-03-22 23:17:37, -1.8664,55.0119, 912.4,  905,  1.4, -5.1, -4.5, 62, 62, 2.87,329, 7.0
2026-03-22 23:17:39, -1.8662,55.0118, 911.3,  916,  1.3, -5.2, -4.6, 62, 62, 2.86,330, 6.8
2026-03-22 23:17:41, -1.8661,55.0117, 910.1,  926,  1.2, -5.2, -4.6, 62, 62, 2.85,331, 6.5
2026-03-22 23:17:43, -1.8661,55.0116, 909.2,  934,  1.1, -5.2, -4.6, 63, 63, 2.84,331, 6.2
2026-03-22 23:17:45, -1.8661,55.0115, 908.2,  943,  1.1, -5.3, -4.7, 62, 62, 2.83,332, 5.9
2026-03-22 23:17:47, -1.8661,55.0115, 907.3,  951,  1.1, -5.5, -4.9, 61, 61, 2.79,332, 5.5
2026-03-22 23:17:49, -1.8660,55.0114, 906.2,  961,  1.1, -5.7, -5.0, 61, 61, 2.76,333, 5.3
2026-03-22 23:17:51, -1.8659,55.0113, 905.2,  970,  1.0, -5.8, -5.2, 60, 60, 2.73,333, 5.0
2026-03-22 23:17:53, -1.8658,55.0113, 904.1,  979,  1.0, -6.0, -5.3, 59, 59, 2.70,333, 4.7
2026-03-22 23:17:55, -1.8658,55.0112, 903.2,  988,  1.0, -6.0, -5.3, 60, 60, 2.70,333, 4.5
2026-03-22 23:17:57, -1.8658,55.0111, 902.3,  996,  0.9, -6.1, -5.4, 59, 59, 2.68,333, 4.3
2026-03-22 23:17:59, -1.8657,55.0110, 901.3, 1005,  0.9, -6.2, -5.5, 59, 59, 2.66,332, 4.1
2026-03-22 23:18:01, -1.8656,55.0110, 900.1, 1015,  0.8, -6.3, -5.6, 59, 59, 2.64,331, 4.0
2026-03-22 23:18:03, -1.8655,55.0109, 899.1, 1024,  0.8, -6.5, -5.8, 58, 58, 2.60,330, 3.8
2026-03-22 23:18:05, -1.8655,55.0109, 898.1, 1033,  0.7, -6.6, -5.9, 58, 58, 2.60,329, 3.7
2026-03-22 23:18:07, -1.8654,55.0108, 897.0, 1043,  0.7, -6.7, -5.9, 58, 58, 2.58,328, 3.5
2026-03-22 23:18:09, -1.8653,55.0108, 895.8, 1053,  0.6, -6.9, -6.1, 57, 57, 2.54,326, 3.4
2026-03-22 23:18:11, -1.8653,55.0107, 894.8, 1063,  0.7, -7.1, -6.3, 56, 56, 2.50,325, 3.2
2026-03-22 23:18:13, -1.8653,55.0107, 893.8, 1071,  0.6, -7.2, -6.4, 56, 56, 2.49,323, 3.1
2026-03-22 23:18:15, -1.8653,55.0106, 892.7, 1081,  0.6, -7.4, -6.6, 55, 55, 2.45,320, 2.9
2026-03-22 23:18:17, -1.8652,55.0106, 891.6, 1091,  0.5, -7.5, -6.7, 55, 55, 2.43,318, 2.8
2026-03-22 23:18:19, -1.8651,55.0106, 890.6, 1100,  0.5, -7.6, -6.7, 55, 55, 2.42,314, 2.7
2026-03-22 23:18:21, -1.8651,55.0105, 889.6, 1110,  0.4, -7.6, -6.7, 55, 55, 2.43,311, 2.6
2026-03-22 23:18:23, -1.8650,55.0105, 888.4, 1120,  0.3, -7.6, -6.8, 55, 55, 2.43,307, 2.5
2026-03-22 23:18:25, -1.8649,55.0106, 887.4, 1129,  0.2, -7.6, -6.8, 55, 55, 2.42,304, 2.4
2026-03-22 23:18:26, -1.8648,55.0105, 886.5, 1137,  0.2, -7.7, -6.9, 55, 55, 2.41,300, 2.4
2026-03-22 23:18:27, -1.8648,55.0105, 886.0, 1142,  0.1, -7.8, -6.9, 55, 55, 2.40,297, 2.4
2026-03-22 23:18:29, -1.8647,55.0105, 885.5, 1146,  0.1, -7.8, -6.9, 55, 55, 2.40,297, 2.4
2026-03-22 23:18:31, -1.8647,55.0104, 884.4, 1156,  0.0, -7.9, -7.0, 55, 55, 2.39,294, 2.3
2026-03-22 23:18:33, -1.8647,55.0104, 883.3, 1166,  0.0, -8.0, -7.1, 55, 55, 2.36,291, 2.3
2026-03-22 23:18:35, -1.8647,55.0105, 882.5, 1174, -0.0, -8.1, -7.2, 55, 55, 2.35,290, 2.2
2026-03-22 23:18:37, -1.8646,55.0105, 881.5, 1183, -0.1, -8.2, -7.3, 54, 54, 2.34,289, 2.2
2026-03-22 23:18:39, -1.8644,55.0105, 880.5, 1192, -0.0, -8.6, -7.6, 53, 53, 2.27,288, 2.1
2026-03-22 23:18:41, -1.8643,55.0104, 879.5, 1201,  0.1, -9.1, -8.1, 50, 50, 2.18,289, 2.0
2026-03-22 23:18:43, -1.8642,55.0104, 878.5, 1210,  0.1, -9.6, -8.5, 48, 48, 2.11,290, 1.9
2026-03-22 23:18:45, -1.8641,55.0104, 877.4, 1220,  0.1, -9.7, -8.6, 48, 48, 2.09,292, 1.8
2026-03-22 23:18:47, -1.8641,55.0104, 876.2, 1231,  0.1, -9.7, -8.7, 48, 48, 2.08,296, 1.6
2026-03-22 23:18:49, -1.8641,55.0104, 874.9, 1242, -0.0, -9.8, -8.7, 48, 48, 2.08,300, 1.5
2026-03-22 23:18:51, -1.8641,55.0104, 873.7, 1254, -0.1, -9.9, -8.8, 48, 48, 2.06,306, 1.4
2026-03-22 23:18:53, -1.8641,55.0104, 872.4, 1265, -0.2,-10.1, -9.0, 47, 47, 2.03,313, 1.3
2026-03-22 23:18:55, -1.8641,55.0104, 871.2, 1276, -0.2,-10.3, -9.2, 46, 47, 2.00,320, 1.3
2026-03-22 23:18:57, -1.8641,55.0103, 869.9, 1288, -0.2,-10.4, -9.2, 46, 46, 2.00,327, 1.3
2026-03-22 23:18:59, -1.8641,55.0103, 868.6, 1300, -0.3,-10.2, -9.1, 47, 47, 2.02,333, 1.3
2026-03-22 23:19:01, -1.8641,55.0103, 867.3, 1312, -0.4,-10.2, -9.1, 48, 48, 2.03,337, 1.4
2026-03-22 23:19:03, -1.8641,55.0102, 865.8, 1326, -0.5,-10.2, -9.1, 48, 48, 2.03,340, 1.5
2026-03-22 23:19:05, -1.8641,55.0102, 864.4, 1339, -0.6,-10.3, -9.2, 48, 48, 2.02,340, 1.7
2026-03-22 23:19:07, -1.8641,55.0102, 863.1, 1351, -0.7,-10.4, -9.3, 48, 48, 2.01,340, 1.9
2026-03-22 23:19:09, -1.8640,55.0102, 861.7, 1364, -0.8,-10.5, -9.4, 48, 48, 1.99,339, 2.1
2026-03-22 23:19:11, -1.8640,55.0102, 860.4, 1377, -0.9,-10.7, -9.6, 47, 48, 1.96,337, 2.4
2026-03-22 23:19:13, -1.8640,55.0101, 859.1, 1388, -0.9,-10.8, -9.6, 47, 47, 1.95,335, 2.7
2026-03-22 23:19:15, -1.8640,55.0101, 858.0, 1399, -1.0,-10.7, -9.6, 48, 48, 1.96,333, 3.0
2026-03-22 23:19:17, -1.8640,55.0100, 856.8, 1409, -1.2,-10.7, -9.5, 48, 49, 1.97,331, 3.3
2026-03-22 23:19:19, -1.8639,55.0100, 855.6, 1420, -1.3,-10.8, -9.6, 48, 49, 1.96,329, 3.7
2026-03-22 23:19:21, -1.8638,55.0099, 854.6, 1430, -1.3,-10.9, -9.8, 48, 48, 1.94,327, 4.0
2026-03-22 23:19:23, -1.8637,55.0098, 853.7, 1439, -1.4,-11.1, -9.9, 47, 48, 1.91,325, 4.4
2026-03-22 23:19:25, -1.8636,55.0097, 852.6, 1449, -1.4,-11.4,-10.2, 46, 47, 1.87,323, 4.7
2026-03-22 23:19:27, -1.8635,55.0096, 851.6, 1459, -1.4,-12.7,-11.4, 42, 42, 1.69,321, 5.0
2026-03-22 23:19:28, -1.8635,55.0096, 850.4, 1469, -1.3,-13.1,-11.7, 40, 41, 1.63,319, 5.2
2026-03-22 23:19:29, -1.8635,55.0095, 850.0, 1473, -1.3,-13.1,-11.7, 40, 41, 1.64,317, 5.4
2026-03-22 23:19:31, -1.8633,55.0095, 849.3, 1479, -1.3,-13.1,-11.7, 40, 40, 1.63,317, 5.4
2026-03-22 23:19:33, -1.8631,55.0094, 848.3, 1490, -1.3,-13.0,-11.6, 40, 41, 1.65,314, 5.6
2026-03-22 23:19:35, -1.8629,55.0093, 847.1, 1501, -1.3,-12.9,-11.5, 41, 41, 1.68,312, 5.7
2026-03-22 23:19:37, -1.8627,55.0092, 845.9, 1511, -1.3,-12.9,-11.5, 41, 41, 1.67,309, 5.8
2026-03-22 23:19:39, -1.8626,55.0091, 845.0, 1520, -1.2,-13.1,-11.7, 40, 40, 1.65,307, 5.9
2026-03-22 23:19:41, -1.8625,55.0091, 844.1, 1529, -1.2,-13.3,-11.8, 39, 40, 1.63,305, 5.9
2026-03-22 23:19:43, -1.8623,55.0090, 843.0, 1539, -1.3,-13.1,-11.7, 40, 41, 1.65,303, 5.9
2026-03-22 23:19:45, -1.8621,55.0090, 841.9, 1549, -1.4,-13.2,-11.8, 40, 41, 1.64,301, 6.0
2026-03-22 23:19:47, -1.8620,55.0090, 840.7, 1560, -1.4,-13.6,-12.1, 39, 39, 1.60,300, 6.0
2026-03-22 23:19:49, -1.8618,55.0089, 839.6, 1571, -1.2,-13.9,-12.4, 37, 38, 1.55,299, 6.0
2026-03-22 23:19:51, -1.8616,55.0089, 838.4, 1582, -1.1,-14.5,-13.0, 35, 36, 1.48,298, 6.0
2026-03-22 23:19:53, -1.8615,55.0089, 837.5, 1592, -0.8,-15.3,-13.7, 32, 33, 1.38,297, 6.0
2026-03-22 23:19:55, -1.8613,55.0088, 836.4, 1601, -0.7,-15.7,-14.1, 31, 31, 1.34,297, 5.9
2026-03-22 23:19:57, -1.8612,55.0088, 835.5, 1610, -0.5,-16.4,-14.7, 29, 29, 1.27,296, 5.9
2026-03-22 23:19:59, -1.8609,55.0087, 834.7, 1617, -0.3,-16.8,-15.0, 28, 28, 1.23,296, 5.9
2026-03-22 23:20:01, -1.8607,55.0087, 834.1, 1624, -0.3,-16.8,-15.0, 28, 28, 1.23,296, 5.8
2026-03-22 23:20:03, -1.8606,55.0085, 833.2, 1633, -0.4,-16.8,-15.1, 28, 28, 1.23,296, 5.8
2026-03-22 23:20:05, -1.8605,55.0085, 832.1, 1642, -0.4,-17.0,-15.2, 27, 28, 1.22,296, 5.7
2026-03-22 23:20:07, -1.8603,55.0085, 831.2, 1651, -0.5,-17.1,-15.3, 27, 27, 1.20,296, 5.6
2026-03-22 23:20:09, -1.8601,55.0084, 830.5, 1658, -0.5,-17.2,-15.4, 27, 27, 1.19,296, 5.5
2026-03-22 23:20:11, -1.8600,55.0084, 829.7, 1667, -0.6,-17.3,-15.5, 27, 27, 1.19,297, 5.4
2026-03-22 23:20:13, -1.8598,55.0083, 828.5, 1677, -0.6,-17.4,-15.6, 27, 27, 1.18,297, 5.4
2026-03-22 23:20:15, -1.8597,55.0083, 827.7, 1685, -0.7,-17.5,-15.7, 27, 27, 1.17,298, 5.3
2026-03-22 23:20:17, -1.8595,55.0084, 826.8, 1694, -0.7,-17.6,-15.8, 26, 27, 1.16,299, 5.3
2026-03-22 23:20:19, -1.8595,55.0084, 825.8, 1704, -0.7,-17.9,-16.0, 26, 26, 1.14,300, 5.3
2026-03-22 23:20:21, -1.8593,55.0083, 824.6, 1715, -0.6,-18.7,-16.8, 24, 24, 1.06,302, 5.4
2026-03-22 23:20:23, -1.8592,55.0082, 823.4, 1726, -0.1,-20.3,-18.2, 20, 20, 0.93,303, 5.5
2026-03-22 23:20:25, -1.8590,55.0082, 822.5, 1735,  0.4,-21.8,-19.6, 17, 17, 0.81,305, 5.7
2026-03-22 23:20:27, -1.8589,55.0081, 821.6, 1744,  0.8,-23.3,-21.0, 15, 15, 0.71,306, 5.9
2026-03-22 23:20:29, -1.8588,55.0080, 820.8, 1753,  1.0,-24.6,-22.2, 13, 13, 0.63,307, 6.2
2026-03-22 23:20:31, -1.8587,55.0079, 819.8, 1762,  1.2,-25.6,-23.1, 11, 11, 0.58,308, 6.5
2026-03-22 23:20:33, -1.8585,55.0078, 818.8, 1772,  1.4,-26.7,-24.1, 10, 10, 0.53,309, 6.8
2026-03-22 23:20:35, -1.8583,55.0077, 817.8, 1782,  1.4,-27.6,-24.9,  9,  9, 0.49,309, 7.1
2026-03-22 23:20:37, -1.8581,55.0076, 816.6, 1793,  1.6,-29.5,-26.7,  8,  8, 0.41,309, 7.5
2026-03-22 23:20:39, -1.8579,55.0075, 815.8, 1801,  1.8,-30.6,-27.7,  7,  7, 0.37,308, 7.8
2026-03-22 23:20:41, -1.8577,55.0074, 815.1, 1809,  1.7,-30.9,-28.0,  7,  7, 0.36,308, 8.1
2026-03-22 23:20:43, -1.8575,55.0074, 814.2, 1817,  1.8,-32.4,-29.4,  6,  6, 0.31,307, 8.4
2026-03-22 23:20:45, -1.8573,55.0073, 813.3, 1826,  2.0,-33.5,-30.4,  5,  5, 0.28,306, 8.7
2026-03-22 23:20:47, -1.8571,55.0072, 812.3, 1836,  2.1,-34.2,-31.1,  5,  5, 0.26,305, 9.0
2026-03-22 23:20:49, -1.8568,55.0070, 811.3, 1846,  2.1,-34.9,-31.8,  4,  4, 0.24,305, 9.2
2026-03-22 23:20:51, -1.8565,55.0070, 810.3, 1856,  2.3,-35.8,-32.6,  4,  4, 0.22,304, 9.5
2026-03-22 23:20:53, -1.8562,55.0069, 809.4, 1865,  2.7,-36.3,-33.0,  4,  4, 0.21,304, 9.7
2026-03-22 23:20:55, -1.8559,55.0068, 808.4, 1874,  2.9,-36.9,-33.6,  3,  3, 0.20,303, 9.9
2026-03-22 23:20:57, -1.8556,55.0067, 807.6, 1883,  2.8,-37.0,-33.7,  3,  3, 0.20,303,10.1
2026-03-22 23:20:59, -1.8553,55.0066, 806.8, 1892,  3.1,-35.3,-32.1,  4,  4, 0.24,303,10.2
2026-03-22 23:21:01, -1.8551,55.0065, 805.7, 1902,  3.3,-33.8,-30.7,  5,  5, 0.27,303,10.4
2026-03-22 23:21:03, -1.8548,55.0064, 804.6, 1913,  3.3,-33.6,-30.5,  5,  5, 0.28,303,10.5
2026-03-22 23:21:05, -1.8546,55.0063, 803.6, 1923,  3.3,-33.2,-30.1,  5,  5, 0.29,303,10.6
2026-03-22 23:21:07, -1.8543,55.0062, 802.5, 1934,  3.3,-31.7,-28.8,  6,  6, 0.33,303,10.7
2026-03-22 23:21:09, -1.8540,55.0061, 801.5, 1944,  3.3,-30.4,-27.5,  6,  6, 0.38,303,10.7
2026-03-22 23:21:11, -1.8537,55.0059, 800.6, 1953,  3.3,-28.8,-26.0,  7,  7, 0.44,303,10.7
2026-03-22 23:21:11, -1.8537,55.0059, 800.0, 1960,  3.2,-28.5,-25.7,  8,  8, 0.46,303,10.8
2026-03-22 23:21:13, -1.8534,55.0058, 799.8, 1962,  3.2,-28.4,-25.7,  8,  8, 0.46,303,10.8
2026-03-22 23:21:15, -1.8531,55.0057, 798.7, 1972,  3.2,-28.1,-25.4,  8,  8, 0.47,303,10.8
2026-03-22 23:21:17, -1.8528,55.0055, 797.5, 1984,  3.1,-27.7,-25.0,  8,  8, 0.49,303,10.8
2026-03-22 23:21:19, -1.8525,55.0055, 796.6, 1994,  3.0,-27.3,-24.7,  9,  9, 0.51,302,10.9
2026-03-22 23:21:21, -1.8522,55.0054, 795.8, 2002,  3.0,-27.0,-24.4,  9,  9, 0.53,302,10.9
2026-03-22 23:21:23, -1.8520,55.0053, 794.9, 2011,  2.9,-27.3,-24.6,  9,  9, 0.51,302,11.0
2026-03-22 23:21:25, -1.8518,55.0052, 794.0, 2020,  2.9,-27.5,-24.9,  9,  9, 0.50,302,11.1
2026-03-22 23:21:27, -1.8515,55.0051, 793.1, 2029,  2.8,-27.6,-25.0,  8,  8, 0.50,301,11.2
2026-03-22 23:21:29, -1.8512,55.0050, 792.1, 2040,  2.7,-28.3,-25.6,  8,  8, 0.47,301,11.4
2026-03-22 23:21:31, -1.8508,55.0049, 790.9, 2052,  2.6,-28.7,-25.9,  8,  8, 0.45,301,11.5
2026-03-22 23:21:33, -1.8505,55.0048, 789.6, 2065,  2.5,-27.9,-25.2,  8,  8, 0.49,301,11.7
2026-03-22 23:21:35, -1.8502,55.0047, 788.4, 2078,  2.4,-27.0,-24.4,  9,  9, 0.53,301,11.9
2026-03-22 23:21:37, -1.8498,55.0046, 787.2, 2089,  2.3,-28.0,-25.3,  9,  9, 0.49,301,12.1
2026-03-22 23:21:39, -1.8494,55.0045, 786.3, 2098,  2.3,-28.3,-25.5,  8,  8, 0.47,301,12.3
2026-03-22 23:21:41, -1.8491,55.0044, 785.6, 2106,  2.2,-28.5,-25.8,  8,  8, 0.47,301,12.5
2026-03-22 23:21:43, -1.8488,55.0042, 784.7, 2115,  2.1,-28.9,-26.1,  8,  8, 0.45,301,12.6
2026-03-22 23:21:45, -1.8485,55.0041, 783.7, 2125,  2.1,-29.1,-26.4,  8,  8, 0.44,301,12.8
2026-03-22 23:21:47, -1.8481,55.0039, 782.9, 2134,  2.0,-29.3,-26.5,  8,  8, 0.43,301,12.8
2026-03-22 23:21:49, -1.8478,55.0038, 782.0, 2143,  1.9,-29.6,-26.8,  8,  8, 0.42,300,12.9
2026-03-22 23:21:51, -1.8474,55.0036, 781.0, 2153,  1.8,-29.6,-26.8,  8,  8, 0.42,300,12.9
2026-03-22 23:21:53, -1.8470,55.0035, 779.8, 2166,  1.7,-29.8,-27.0,  8,  8, 0.41,299,12.9
2026-03-22 23:21:55, -1.8467,55.0034, 778.6, 2178,  1.6,-30.3,-27.4,  7,  7, 0.40,299,13.0
2026-03-22 23:21:57, -1.8463,55.0034, 777.5, 2189,  1.6,-30.4,-27.6,  7,  7, 0.39,298,12.9
2026-03-22 23:21:59, -1.8459,55.0033, 776.3, 2202,  1.5,-30.0,-27.2,  7,  7, 0.41,298,12.9
2026-03-22 23:22:01, -1.8456,55.0032, 775.1, 2215,  1.4,-28.8,-26.1,  8,  8, 0.46,298,12.9
2026-03-22 23:22:03, -1.8452,55.0031, 773.8, 2228,  1.3,-27.3,-24.6, 10, 10, 0.53,297,13.0
2026-03-22 23:22:05, -1.8448,55.0031, 772.7, 2239,  1.2,-26.6,-24.0, 11, 11, 0.56,297,13.0
2026-03-22 23:22:07, -1.8444,55.0029, 771.6, 2250,  1.1,-25.9,-23.3, 11, 11, 0.60,297,13.1
2026-03-22 23:22:09, -1.8441,55.0028, 770.6, 2261,  1.0,-25.9,-23.4, 11, 11, 0.60,297,13.1
2026-03-22 23:22:11, -1.8438,55.0027, 769.4, 2273,  0.9,-25.7,-23.2, 12, 12, 0.61,297,13.2
2026-03-22 23:22:13, -1.8435,55.0025, 768.2, 2286,  0.7,-25.5,-23.0, 12, 12, 0.62,298,13.4
2026-03-22 23:22:15, -1.8430,55.0024, 767.1, 2298,  0.7,-25.7,-23.2, 12, 12, 0.61,298,13.5
2026-03-22 23:22:17, -1.8426,55.0023, 766.1, 2308,  0.6,-25.8,-23.3, 12, 12, 0.61,299,13.7
2026-03-22 23:22:19, -1.8423,55.0023, 765.1, 2318,  0.5,-26.0,-23.4, 12, 12, 0.60,299,13.9
2026-03-22 23:22:21, -1.8420,55.0021, 764.0, 2330,  0.4,-26.4,-23.8, 11, 11, 0.58,299,14.0
2026-03-22 23:22:23, -1.8416,55.0020, 762.8, 2343,  0.3,-26.6,-24.0, 11, 11, 0.57,299,14.2
2026-03-22 23:22:25, -1.8412,55.0018, 761.4, 2357,  0.2,-26.8,-24.2, 11, 11, 0.56,299,14.3
2026-03-22 23:22:27, -1.8408,55.0017, 760.3, 2369,  0.1,-27.0,-24.4, 11, 11, 0.55,299,14.5
2026-03-22 23:22:29, -1.8404,55.0015, 759.4, 2379,  0.0,-27.2,-24.5, 11, 11, 0.54,299,14.5
2026-03-22 23:22:31, -1.8400,55.0014, 758.3, 2390, -0.0,-26.8,-24.2, 11, 11, 0.56,299,14.6
2026-03-22 23:22:33, -1.8395,55.0013, 757.1, 2402, -0.1,-26.6,-24.0, 12, 12, 0.57,299,14.6
2026-03-22 23:22:35, -1.8390,55.0012, 756.0, 2415, -0.2,-26.5,-23.9, 12, 12, 0.58,298,14.5
2026-03-22 23:22:37, -1.8385,55.0010, 754.7, 2428, -0.3,-26.3,-23.7, 12, 12, 0.59,298,14.4
2026-03-22 23:22:39, -1.8382,55.0009, 753.4, 2442, -0.4,-26.1,-23.6, 12, 12, 0.60,297,14.3
2026-03-22 23:22:41, -1.8378,55.0007, 752.0, 2456, -0.5,-25.9,-23.4, 13, 13, 0.62,296,14.1
2026-03-22 23:22:43, -1.8375,55.0006, 750.9, 2469, -0.6,-25.4,-22.9, 13, 13, 0.65,296,13.9
2026-03-22 23:22:45, -1.8372,55.0005, 749.7, 2482, -0.6,-25.3,-22.8, 13, 14, 0.65,295,13.7
2026-03-22 23:22:47, -1.8368,55.0005, 748.1, 2497, -0.7,-25.2,-22.7, 14, 14, 0.66,294,13.5
2026-03-22 23:22:49, -1.8364,55.0004, 746.9, 2511, -0.7,-25.3,-22.8, 14, 14, 0.65,293,13.2
2026-03-22 23:22:51, -1.8360,55.0003, 745.8, 2523, -0.8,-25.3,-22.8, 14, 14, 0.66,292,13.0
2026-03-22 23:22:53, -1.8355,55.0002, 744.5, 2536, -0.9,-25.3,-22.8, 14, 14, 0.66,292,12.8
2026-03-22 23:22:55, -1.8352,55.0002, 743.3, 2549, -1.0,-25.3,-22.9, 14, 14, 0.66,292,12.5
2026-03-22 23:22:57, -1.8348,55.0001, 742.4, 2559, -1.1,-25.4,-22.9, 14, 14, 0.66,291,12.3
2026-03-22 23:22:59, -1.8344,55.0001, 741.4, 2570, -1.2,-25.3,-22.8, 14, 14, 0.66,291,12.1
2026-03-22 23:23:01, -1.8341,55.0000, 740.3, 2582, -1.3,-25.2,-22.8, 14, 14, 0.66,291,11.9
2026-03-22 23:23:03, -1.8338,54.9999, 739.2, 2593, -1.4,-25.2,-22.7, 14, 15, 0.67,292,11.7
2026-03-22 23:23:05, -1.8335,54.9999, 738.3, 2604, -1.5,-25.2,-22.7, 15, 15, 0.67,292,11.5
2026-03-22 23:23:07, -1.8332,54.9997, 737.2, 2615, -1.6,-25.1,-22.7, 15, 15, 0.67,293,11.4
2026-03-22 23:23:09, -1.8329,54.9996, 736.1, 2627, -1.7,-25.1,-22.7, 15, 15, 0.68,293,11.3
2026-03-22 23:23:11, -1.8326,54.9996, 735.0, 2639, -1.8,-25.1,-22.6, 15, 15, 0.68,293,11.2
2026-03-22 23:23:13, -1.8323,54.9995, 734.0, 2650, -1.8,-25.1,-22.6, 15, 15, 0.68,293,11.2
2026-03-22 23:23:15, -1.8321,54.9994, 732.9, 2661, -1.9,-25.1,-22.6, 15, 15, 0.68,294,11.2
2026-03-22 23:23:17, -1.8317,54.9993, 732.0, 2672, -2.0,-25.2,-22.7, 15, 15, 0.68,293,11.3
2026-03-22 23:23:19, -1.8314,54.9992, 730.7, 2685, -2.1,-25.2,-22.7, 15, 16, 0.68,293,11.4
2026-03-22 23:23:21, -1.8310,54.9991, 729.4, 2700, -2.3,-25.1,-22.7, 15, 16, 0.68,293,11.5
2026-03-22 23:23:23, -1.8307,54.9991, 728.1, 2714, -2.4,-25.2,-22.7, 15, 16, 0.68,292,11.7
2026-03-22 23:23:25, -1.8305,54.9990, 727.1, 2725, -2.5,-25.3,-22.8, 15, 16, 0.67,292,11.8
2026-03-22 23:23:27, -1.8301,54.9990, 726.1, 2735, -2.6,-25.3,-22.8, 16, 16, 0.67,291,12.0
2026-03-22 23:23:29, -1.8296,54.9989, 725.2, 2746, -2.7,-25.3,-22.8, 16, 16, 0.68,291,12.2
2026-03-22 23:23:31, -1.8292,54.9988, 724.0, 2758, -2.8,-25.1,-22.6, 16, 17, 0.69,290,12.3
2026-03-22 23:23:33, -1.8288,54.9987, 722.6, 2773, -3.0,-25.0,-22.6, 16, 17, 0.69,289,12.5
2026-03-22 23:23:35, -1.8285,54.9986, 721.4, 2788, -3.1,-24.9,-22.4, 17, 17, 0.70,289,12.6
2026-03-22 23:23:37, -1.8281,54.9985, 720.0, 2802, -3.2,-24.5,-22.0, 18, 18, 0.73,288,12.7
2026-03-22 23:23:39, -1.8277,54.9985, 719.0, 2814, -3.3,-24.4,-22.0, 18, 18, 0.74,287,12.8
2026-03-22 23:23:41, -1.8273,54.9984, 718.0, 2824, -3.4,-24.3,-21.9, 18, 19, 0.75,286,12.9
2026-03-22 23:23:43, -1.8269,54.9984, 717.1, 2834, -3.5,-24.0,-21.6, 19, 19, 0.77,286,12.9
2026-03-22 23:23:45, -1.8266,54.9982, 715.9, 2847, -3.6,-23.9,-21.6, 19, 20, 0.77,285,12.9
2026-03-22 23:23:47, -1.8262,54.9982, 714.8, 2860, -3.7,-24.0,-21.6, 19, 20, 0.77,284,13.0
2026-03-22 23:23:49, -1.8257,54.9981, 713.8, 2870, -3.8,-24.0,-21.6, 19, 20, 0.77,283,13.0
2026-03-22 23:23:51, -1.8253,54.9981, 712.9, 2880, -3.8,-23.8,-21.5, 19, 20, 0.78,283,13.0
2026-03-22 23:23:53, -1.8249,54.9981, 712.0, 2891, -3.9,-23.9,-21.5, 19, 20, 0.78,282,13.0
2026-03-22 23:23:55, -1.8245,54.9981, 711.0, 2901, -4.0,-24.0,-21.6, 19, 20, 0.77,282,13.0
2026-03-22 23:23:57, -1.8242,54.9981, 710.0, 2912, -4.1,-24.1,-21.7, 19, 20, 0.77,282,13.0
2026-03-22 23:23:59, -1.8238,54.9981, 709.0, 2924, -4.2,-24.1,-21.7, 19, 20, 0.77,282,13.0
2026-03-22 23:24:01, -1.8234,54.9980, 707.9, 2935, -4.2,-24.1,-21.8, 20, 20, 0.77,282,13.0
2026-03-22 23:24:03, -1.8229,54.9979, 706.9, 2948, -4.3,-24.0,-21.7, 20, 21, 0.78,283,13.0
2026-03-22 23:24:05, -1.8225,54.9979, 705.6, 2961, -4.4,-24.2,-21.8, 20, 20, 0.77,283,13.0
2026-03-22 23:24:07, -1.8221,54.9978, 704.5, 2974, -4.5,-24.2,-21.8, 20, 21, 0.76,284,13.0
2026-03-22 23:24:09, -1.8217,54.9977, 703.4, 2986, -4.5,-24.3,-21.9, 20, 21, 0.76,284,13.0
2026-03-22 23:24:11, -1.8214,54.9976, 702.5, 2996, -4.6,-24.4,-22.0, 20, 20, 0.75,284,13.0
2026-03-22 23:24:13, -1.8210,54.9976, 701.5, 3007, -4.7,-24.7,-22.2, 19, 20, 0.74,285,13.0
2026-03-22 23:24:14, -1.8207,54.9975, 700.7, 3016, -4.8,-24.9,-22.4, 19, 20, 0.73,285,13.0
2026-03-22 23:24:15, -1.8206,54.9975, 700.0, 3024, -4.8,-24.9,-22.4, 19, 20, 0.73,285,13.0
2026-03-22 23:24:17, -1.8202,54.9974, 699.7, 3027, -4.8,-24.9,-22.4, 19, 20, 0.73,285,13.0
2026-03-22 23:24:19, -1.8198,54.9974, 698.6, 3041, -5.0,-24.9,-22.4, 19, 20, 0.73,284,13.0
2026-03-22 23:24:21, -1.8195,54.9973, 697.1, 3055, -5.1,-24.9,-22.5, 19, 20, 0.73,284,13.0
2026-03-22 23:24:23, -1.8190,54.9972, 696.2, 3067, -5.2,-25.1,-22.6, 19, 20, 0.72,284,13.1
2026-03-22 23:24:25, -1.8185,54.9972, 695.3, 3077, -5.3,-25.1,-22.6, 19, 20, 0.72,283,13.1
2026-03-22 23:24:27, -1.8181,54.9972, 694.2, 3090, -5.3,-25.0,-22.5, 20, 21, 0.73,283,13.1
2026-03-22 23:24:29, -1.8178,54.9972, 693.1, 3102, -5.4,-24.9,-22.5, 20, 21, 0.73,282,13.2
2026-03-22 23:24:31, -1.8175,54.9971, 692.0, 3115, -5.6,-24.8,-22.3, 20, 22, 0.74,282,13.2
2026-03-22 23:24:33, -1.8171,54.9971, 690.8, 3127, -5.7,-24.8,-22.3, 21, 22, 0.74,282,13.3
2026-03-22 23:24:35, -1.8167,54.9970, 689.9, 3139, -5.8,-24.8,-22.4, 21, 22, 0.74,282,13.3
2026-03-22 23:24:37, -1.8162,54.9969, 688.8, 3150, -5.8,-24.7,-22.3, 21, 22, 0.75,282,13.3
2026-03-22 23:24:39, -1.8158,54.9969, 687.7, 3163, -5.9,-24.7,-22.2, 21, 22, 0.75,282,13.4
2026-03-22 23:24:41, -1.8154,54.9969, 686.5, 3177, -6.0,-24.9,-22.4, 21, 22, 0.74,283,13.4
2026-03-22 23:24:43, -1.8149,54.9969, 685.5, 3188, -6.1,-24.9,-22.5, 21, 22, 0.74,283,13.3
2026-03-22 23:24:45, -1.8145,54.9968, 684.5, 3200, -6.3,-24.9,-22.4, 21, 23, 0.74,283,13.3
2026-03-22 23:24:47, -1.8140,54.9967, 683.2, 3214, -6.4,-24.8,-22.3, 22, 23, 0.75,284,13.2
2026-03-22 23:24:49, -1.8136,54.9966, 682.0, 3228, -6.5,-24.8,-22.3, 22, 23, 0.75,284,13.1
2026-03-22 23:24:51, -1.8132,54.9966, 680.9, 3241, -6.6,-24.8,-22.4, 22, 24, 0.75,284,13.0
2026-03-22 23:24:53, -1.8129,54.9965, 680.0, 3252, -6.8,-24.9,-22.4, 22, 24, 0.75,284,12.9
2026-03-22 23:24:55, -1.8125,54.9964, 678.8, 3265, -6.9,-24.7,-22.3, 23, 24, 0.76,284,12.8
2026-03-22 23:24:57, -1.8122,54.9964, 677.5, 3280, -7.0,-24.6,-22.2, 23, 25, 0.77,284,12.7
2026-03-22 23:24:59, -1.8119,54.9963, 676.2, 3294, -7.2,-24.6,-22.2, 23, 25, 0.77,284,12.6
2026-03-22 23:25:01, -1.8115,54.9962, 675.1, 3308, -7.3,-24.7,-22.2, 24, 25, 0.77,283,12.5
2026-03-22 23:25:03, -1.8111,54.9962, 674.1, 3319, -7.4,-24.7,-22.2, 24, 26, 0.77,283,12.5
2026-03-22 23:25:05, -1.8108,54.9961, 673.0, 3331, -7.5,-24.6,-22.1, 24, 26, 0.78,283,12.5
2026-03-22 23:25:07, -1.8104,54.9962, 672.1, 3342, -7.6,-24.6,-22.1, 24, 26, 0.78,282,12.6
2026-03-22 23:25:09, -1.8099,54.9962, 671.0, 3354, -7.7,-24.5,-22.1, 25, 27, 0.78,282,12.7
2026-03-22 23:25:11, -1.8095,54.9961, 670.0, 3366, -7.8,-24.5,-22.1, 25, 27, 0.79,282,12.8
2026-03-22 23:25:13, -1.8092,54.9961, 669.0, 3378, -8.0,-24.6,-22.2, 25, 27, 0.78,282,12.9
2026-03-22 23:25:15, -1.8088,54.9960, 667.8, 3392, -8.1,-24.6,-22.2, 25, 27, 0.78,282,13.1
2026-03-22 23:25:17, -1.8083,54.9959, 666.6, 3405, -8.2,-24.4,-22.0, 26, 28, 0.80,282,13.3
2026-03-22 23:25:19, -1.8080,54.9959, 665.6, 3418, -8.3,-24.5,-22.0, 26, 28, 0.79,282,13.5
2026-03-22 23:25:21, -1.8076,54.9959, 664.6, 3430, -8.4,-24.5,-22.1, 26, 28, 0.79,282,13.6
2026-03-22 23:25:23, -1.8071,54.9958, 663.3, 3444, -8.5,-24.7,-22.3, 26, 28, 0.78,282,13.8
2026-03-22 23:25:25, -1.8067,54.9957, 662.3, 3456, -8.6,-24.9,-22.5, 25, 28, 0.77,282,14.0
2026-03-22 23:25:27, -1.8062,54.9956, 661.4, 3467, -8.6,-25.4,-22.9, 24, 27, 0.73,282,14.1
2026-03-22 23:25:29, -1.8058,54.9955, 660.3, 3479, -8.8,-25.9,-23.4, 24, 26, 0.70,282,14.2
2026-03-22 23:25:31, -1.8053,54.9955, 659.5, 3490, -8.8,-26.1,-23.6, 23, 25, 0.69,283,14.3
2026-03-22 23:25:33, -1.8048,54.9954, 658.5, 3500, -8.9,-26.2,-23.7, 23, 25, 0.68,283,14.4
2026-03-22 23:25:35, -1.8043,54.9954, 657.6, 3511, -9.0,-26.7,-24.1, 22, 24, 0.66,283,14.4
2026-03-22 23:25:37, -1.8039,54.9954, 656.5, 3524, -9.1,-27.0,-24.4, 22, 24, 0.64,283,14.5
2026-03-22 23:25:39, -1.8035,54.9954, 655.3, 3539, -9.2,-27.3,-24.7, 21, 23, 0.62,284,14.5
2026-03-22 23:25:41, -1.8031,54.9953, 654.1, 3552, -9.3,-27.7,-25.0, 21, 23, 0.60,284,14.6
2026-03-22 23:25:43, -1.8027,54.9952, 653.1, 3565, -9.4,-28.0,-25.3, 20, 22, 0.58,285,14.7
2026-03-22 23:25:45, -1.8023,54.9952, 652.1, 3577, -9.5,-28.4,-25.6, 20, 22, 0.57,285,14.8
2026-03-22 23:25:47, -1.8018,54.9951, 651.0, 3590, -9.6,-28.6,-25.9, 20, 21, 0.55,286,14.9
2026-03-22 23:25:49, -1.8014,54.9950, 649.9, 3602, -9.6,-28.9,-26.2, 19, 21, 0.54,286,15.0
2026-03-22 23:25:51, -1.8009,54.9949, 649.0, 3613, -9.7,-29.0,-26.3, 19, 21, 0.54,286,15.1
2026-03-22 23:25:53, -1.8005,54.9948, 648.2, 3623, -9.8,-29.0,-26.3, 19, 21, 0.54,287,15.2
2026-03-22 23:25:55, -1.8000,54.9947, 647.3, 3633, -9.9,-29.2,-26.4, 19, 21, 0.53,287,15.4
2026-03-22 23:25:57, -1.7995,54.9946, 646.5, 3643, -9.9,-29.6,-26.8, 18, 20, 0.51,287,15.5
2026-03-22 23:25:59, -1.7990,54.9945, 645.6, 3653,-10.0,-29.9,-27.0, 18, 20, 0.50,287,15.6
2026-03-22 23:26:01, -1.7985,54.9944, 644.8, 3663,-10.1,-30.4,-27.5, 17, 19, 0.48,287,15.7
2026-03-22 23:26:03, -1.7980,54.9944, 643.9, 3674,-10.1,-30.9,-28.0, 17, 18, 0.45,287,15.8
2026-03-22 23:26:05, -1.7976,54.9943, 642.8, 3687,-10.2,-31.6,-28.6, 16, 17, 0.42,287,15.8
2026-03-22 23:26:07, -1.7971,54.9942, 641.8, 3699,-10.2,-31.9,-28.9, 15, 17, 0.41,287,15.9
2026-03-22 23:26:09, -1.7966,54.9941, 640.8, 3712,-10.2,-31.9,-28.9, 15, 17, 0.41,287,15.9
2026-03-22 23:26:11, -1.7961,54.9941, 639.6, 3725,-10.3,-31.9,-28.9, 15, 17, 0.41,287,15.9
2026-03-22 23:26:13, -1.7956,54.9940, 638.6, 3738,-10.4,-31.7,-28.7, 16, 17, 0.42,286,15.9
2026-03-22 23:26:15, -1.7952,54.9939, 637.5, 3751,-10.5,-31.2,-28.2, 17, 18, 0.44,286,16.0
2026-03-22 23:26:17, -1.7947,54.9938, 636.5, 3763,-10.5,-30.4,-27.5, 18, 20, 0.48,286,16.0
2026-03-22 23:26:19, -1.7943,54.9937, 635.6, 3774,-10.6,-30.5,-27.7, 18, 20, 0.47,286,16.1
2026-03-22 23:26:21, -1.7939,54.9937, 634.7, 3784,-10.7,-30.8,-27.9, 17, 19, 0.46,286,16.2
2026-03-22 23:26:23, -1.7934,54.9935, 633.9, 3795,-10.8,-30.9,-28.0, 17, 19, 0.46,286,16.3
2026-03-22 23:26:25, -1.7928,54.9934, 632.9, 3806,-10.9,-30.8,-27.9, 18, 20, 0.46,286,16.4
2026-03-22 23:26:27, -1.7923,54.9933, 631.8, 3819,-10.9,-30.1,-27.2, 19, 21, 0.50,286,16.5
2026-03-22 23:26:29, -1.7918,54.9933, 630.9, 3831,-11.0,-29.2,-26.4, 21, 23, 0.54,286,16.6
2026-03-22 23:26:31, -1.7913,54.9933, 629.9, 3843,-11.1,-28.2,-25.5, 23, 26, 0.60,286,16.7
2026-03-22 23:26:33, -1.7907,54.9932, 629.0, 3854,-11.2,-28.0,-25.3, 24, 26, 0.61,286,16.8
2026-03-22 23:26:35, -1.7902,54.9931, 628.0, 3866,-11.3,-27.9,-25.2, 24, 27, 0.61,286,16.9
2026-03-22 23:26:37, -1.7897,54.9930, 627.0, 3878,-11.4,-27.7,-25.0, 25, 27, 0.63,286,16.9
2026-03-22 23:26:39, -1.7891,54.9929, 626.1, 3890,-11.4,-27.5,-24.8, 25, 28, 0.64,287,17.0
2026-03-22 23:26:41, -1.7886,54.9928, 625.1, 3901,-11.5,-27.2,-24.5, 26, 29, 0.66,287,17.0
2026-03-22 23:26:43, -1.7882,54.9927, 624.3, 3911,-11.6,-26.9,-24.3, 27, 30, 0.68,287,17.0
2026-03-22 23:26:45, -1.7877,54.9926, 623.3, 3923,-11.6,-26.4,-23.8, 28, 32, 0.71,287,16.9
2026-03-22 23:26:47, -1.7872,54.9925, 622.4, 3935,-11.7,-26.0,-23.4, 30, 33, 0.74,287,16.9
2026-03-22 23:26:49, -1.7867,54.9925, 621.4, 3946,-11.8,-25.6,-23.1, 31, 35, 0.77,286,16.8
2026-03-22 23:26:51, -1.7861,54.9924, 620.6, 3957,-11.9,-25.2,-22.7, 32, 36, 0.80,286,16.8
2026-03-22 23:26:53, -1.7856,54.9922, 619.7, 3968,-12.0,-25.0,-22.6, 33, 37, 0.81,286,16.7
2026-03-22 23:26:55, -1.7852,54.9921, 618.8, 3979,-12.1,-25.0,-22.5, 33, 37, 0.81,286,16.6
2026-03-22 23:26:57, -1.7847,54.9921, 617.8, 3991,-12.2,-24.8,-22.3, 34, 38, 0.83,286,16.5
2026-03-22 23:26:59, -1.7842,54.9920, 617.0, 4002,-12.3,-24.8,-22.4, 34, 39, 0.83,285,16.5
2026-03-22 23:27:01, -1.7837,54.9920, 616.2, 4011,-12.3,-24.7,-22.3, 35, 39, 0.84,285,16.4
2026-03-22 23:27:03, -1.7831,54.9919, 615.3, 4023,-12.4,-24.1,-21.7, 37, 42, 0.88,285,16.3
2026-03-22 23:27:05, -1.7826,54.9918, 614.1, 4036,-12.5,-24.2,-21.8, 37, 42, 0.88,286,16.3
2026-03-22 23:27:07, -1.7821,54.9918, 613.3, 4047,-12.6,-24.8,-22.3, 36, 40, 0.84,286,16.3
2026-03-22 23:27:09, -1.7817,54.9918, 612.6, 4056,-12.7,-24.7,-22.2, 36, 41, 0.85,286,16.2
2026-03-22 23:27:11, -1.7813,54.9917, 611.8, 4066,-12.8,-24.5,-22.1, 37, 42, 0.86,287,16.2
2026-03-22 23:27:13, -1.7808,54.9916, 610.9, 4077,-12.8,-24.4,-22.0, 37, 42, 0.87,287,16.2
2026-03-22 23:27:15, -1.7803,54.9914, 610.0, 4089,-12.8,-24.0,-21.6, 39, 44, 0.91,288,16.3
2026-03-22 23:27:17, -1.7798,54.9913, 608.9, 4102,-12.9,-23.6,-21.2, 41, 46, 0.94,289,16.3
2026-03-22 23:27:19, -1.7793,54.9912, 608.1, 4113,-13.0,-23.6,-21.2, 41, 46, 0.94,290,16.4
2026-03-22 23:27:21, -1.7787,54.9911, 607.2, 4124,-13.1,-23.6,-21.2, 41, 47, 0.94,291,16.5
2026-03-22 23:27:23, -1.7783,54.9910, 606.3, 4135,-13.2,-23.7,-21.3, 41, 47, 0.93,291,16.6
2026-03-22 23:27:25, -1.7779,54.9909, 605.3, 4147,-13.3,-23.8,-21.4, 41, 46, 0.93,292,16.7
2026-03-22 23:27:27, -1.7775,54.9908, 604.4, 4159,-13.3,-23.9,-21.5, 41, 46, 0.92,293,16.8
2026-03-22 23:27:29, -1.7770,54.9907, 603.3, 4172,-13.4,-24.0,-21.6, 41, 46, 0.91,294,16.9
2026-03-22 23:27:31, -1.7765,54.9906, 602.3, 4186,-13.5,-24.1,-21.7, 40, 46, 0.90,294,17.1
2026-03-22 23:27:33, -1.7760,54.9904, 601.2, 4199,-13.6,-24.3,-21.9, 40, 46, 0.89,295,17.2
2026-03-22 23:27:34, -1.7760,54.9904, 600.3, 4210,-13.6,-24.4,-22.0, 40, 45, 0.88,296,17.4
2026-03-22 23:27:35, -1.7754,54.9902, 600.0, 4214,-13.7,-24.5,-22.0, 40, 45, 0.88,296,17.4
2026-03-22 23:27:37, -1.7749,54.9901, 599.5, 4220,-13.7,-24.6,-22.1, 39, 45, 0.87,296,17.5
2026-03-22 23:27:39, -1.7744,54.9899, 598.7, 4230,-13.7,-24.7,-22.2, 39, 45, 0.87,297,17.7
2026-03-22 23:27:41, -1.7739,54.9898, 597.9, 4241,-13.8,-24.8,-22.3, 39, 45, 0.86,298,17.8
2026-03-22 23:27:43, -1.7735,54.9897, 597.2, 4250,-13.9,-24.9,-22.5, 39, 44, 0.85,299,18.0
2026-03-22 23:27:45, -1.7731,54.9895, 596.4, 4260,-14.0,-25.0,-22.5, 39, 44, 0.84,300,18.1
2026-03-22 23:27:47, -1.7726,54.9893, 595.6, 4271,-14.0,-25.1,-22.6, 39, 44, 0.84,300,18.3
2026-03-22 23:27:49, -1.7720,54.9892, 594.6, 4282,-14.1,-25.4,-22.9, 38, 43, 0.82,301,18.4
2026-03-22 23:27:51, -1.7715,54.9890, 593.9, 4292,-14.1,-25.6,-23.1, 37, 43, 0.80,302,18.6
2026-03-22 23:27:53, -1.7709,54.9888, 593.2, 4300,-14.1,-25.8,-23.2, 37, 42, 0.79,303,18.7
2026-03-22 23:27:55, -1.7705,54.9886, 592.5, 4311,-14.1,-26.0,-23.5, 36, 41, 0.78,303,18.8
2026-03-22 23:27:57, -1.7700,54.9884, 591.4, 4323,-14.2,-26.3,-23.8, 35, 40, 0.75,304,19.0
2026-03-22 23:27:59, -1.7695,54.9882, 590.4, 4337,-14.2,-27.4,-24.8, 32, 36, 0.68,304,19.1
2026-03-22 23:28:01, -1.7691,54.9880, 589.2, 4352,-14.2,-30.0,-27.1, 25, 29, 0.54,305,19.2
2026-03-22 23:28:03, -1.7686,54.9878, 588.3, 4363,-14.3,-31.6,-28.6, 22, 25, 0.46,305,19.3
2026-03-22 23:28:05, -1.7681,54.9875, 587.6, 4372,-14.4,-32.9,-29.9, 19, 22, 0.41,305,19.3
2026-03-22 23:28:07, -1.7676,54.9873, 587.0, 4381,-14.4,-33.6,-30.5, 18, 21, 0.38,305,19.4
2026-03-22 23:28:09, -1.7671,54.9871, 586.3, 4390,-14.5,-35.2,-32.0, 16, 18, 0.33,305,19.4
2026-03-22 23:28:11, -1.7666,54.9869, 585.5, 4400,-14.5,-38.3,-34.9, 11, 13, 0.24,305,19.5
2026-03-22 23:28:13, -1.7660,54.9868, 584.5, 4413,-14.5,-39.5,-36.0, 10, 12, 0.21,304,19.5
2026-03-22 23:28:15, -1.7655,54.9866, 583.5, 4426,-14.6,-39.3,-35.9, 10, 12, 0.22,304,19.5
2026-03-22 23:28:17, -1.7650,54.9864, 582.4, 4439,-14.7,-41.2,-37.7,  8, 10, 0.18,304,19.5
2026-03-22 23:28:19, -1.7646,54.9862, 581.5, 4451,-14.8,-41.7,-38.1,  8,  9, 0.17,303,19.5
2026-03-22 23:28:21, -1.7641,54.9860, 580.5, 4465,-14.8,-41.6,-38.0,  8, 10, 0.17,303,19.6
2026-03-22 23:28:23, -1.7636,54.9858, 579.4, 4478,-15.0,-41.0,-37.4,  9, 10, 0.18,303,19.6
2026-03-22 23:28:25, -1.7631,54.9856, 578.7, 4489,-15.1,-40.3,-36.8, 10, 11, 0.20,302,19.6
2026-03-22 23:28:27, -1.7625,54.9855, 577.9, 4498,-15.1,-38.8,-35.4, 11, 13, 0.23,302,19.6
2026-03-22 23:28:29, -1.7619,54.9853, 577.1, 4508,-15.2,-37.5,-34.1, 13, 15, 0.27,302,19.6
2026-03-22 23:28:31, -1.7613,54.9851, 576.4, 4519,-15.3,-37.4,-34.1, 13, 15, 0.27,302,19.6
2026-03-22 23:28:33, -1.7608,54.9849, 575.7, 4527,-15.4,-38.2,-34.8, 12, 14, 0.25,302,19.7
2026-03-22 23:28:35, -1.7603,54.9848, 575.0, 4536,-15.4,-38.5,-35.1, 12, 14, 0.24,302,19.7
2026-03-22 23:28:37, -1.7598,54.9846, 574.2, 4547,-15.5,-39.1,-35.7, 11, 13, 0.23,301,19.8
2026-03-22 23:28:39, -1.7593,54.9844, 573.3, 4558,-15.6,-40.1,-36.6, 10, 12, 0.20,301,19.9
2026-03-22 23:28:41, -1.7588,54.9841, 572.7, 4567,-15.6,-40.8,-37.3, 10, 11, 0.19,301,20.1
2026-03-22 23:28:43, -1.7583,54.9839, 572.1, 4575,-15.7,-40.8,-37.2, 10, 11, 0.19,301,20.3
2026-03-22 23:28:45, -1.7578,54.9838, 571.2, 4586,-15.7,-39.0,-35.5, 12, 14, 0.23,300,20.5
2026-03-22 23:28:47, -1.7572,54.9836, 570.3, 4599,-15.8,-38.6,-35.2, 12, 14, 0.24,300,20.7
2026-03-22 23:28:49, -1.7567,54.9834, 569.0, 4615,-15.9,-39.0,-35.6, 12, 14, 0.23,299,21.0
2026-03-22 23:28:51, -1.7562,54.9832, 568.0, 4629,-16.0,-39.9,-36.4, 11, 13, 0.21,299,21.3
2026-03-22 23:28:53, -1.7555,54.9831, 567.1, 4641,-16.1,-40.3,-36.8, 11, 12, 0.20,298,21.5
2026-03-22 23:28:55, -1.7549,54.9829, 566.4, 4651,-16.1,-40.9,-37.3, 10, 12, 0.19,298,21.8
2026-03-22 23:28:57, -1.7541,54.9827, 565.6, 4661,-16.1,-41.6,-38.0,  9, 11, 0.18,297,22.0
2026-03-22 23:28:59, -1.7534,54.9825, 564.7, 4673,-16.0,-42.3,-38.7,  9, 10, 0.16,297,22.2
2026-03-22 23:29:01, -1.7528,54.9823, 563.8, 4685,-16.0,-43.5,-39.8,  7,  9, 0.14,296,22.3
2026-03-22 23:29:03, -1.7522,54.9822, 562.8, 4697,-16.0,-43.6,-39.9,  7,  9, 0.14,296,22.4
2026-03-22 23:29:05, -1.7516,54.9820, 562.0, 4709,-16.0,-43.4,-39.7,  8,  9, 0.15,296,22.5
2026-03-22 23:29:07, -1.7509,54.9818, 561.2, 4720,-16.1,-43.8,-40.1,  7,  9, 0.14,296,22.5
2026-03-22 23:29:09, -1.7502,54.9816, 560.4, 4730,-16.1,-43.7,-40.0,  7,  9, 0.14,295,22.5
2026-03-22 23:29:11, -1.7496,54.9815, 559.6, 4741,-16.1,-40.8,-37.2, 10, 12, 0.19,295,22.5
2026-03-22 23:29:13, -1.7490,54.9813, 558.8, 4752,-16.2,-33.9,-30.8, 20, 24, 0.39,295,22.5
2026-03-22 23:29:15, -1.7484,54.9812, 558.1, 4762,-16.2,-29.9,-27.0, 30, 35, 0.57,295,22.4
2026-03-22 23:29:17, -1.7478,54.9810, 557.3, 4772,-16.3,-32.1,-29.1, 24, 28, 0.47,295,22.4
2026-03-22 23:29:19, -1.7472,54.9808, 556.6, 4782,-16.3,-33.5,-30.4, 21, 25, 0.41,296,22.4
2026-03-22 23:29:21, -1.7466,54.9806, 555.9, 4791,-16.4,-32.7,-29.7, 23, 27, 0.44,296,22.3
2026-03-22 23:29:23, -1.7459,54.9804, 555.2, 4801,-16.4,-32.3,-29.3, 24, 28, 0.46,296,22.3
2026-03-22 23:29:25, -1.7453,54.9803, 554.2, 4813,-16.6,-32.2,-29.2, 25, 29, 0.46,297,22.3
2026-03-22 23:29:27, -1.7446,54.9801, 553.4, 4824,-16.7,-32.3,-29.3, 24, 29, 0.46,297,22.3
2026-03-22 23:29:29, -1.7439,54.9800, 552.8, 4834,-16.8,-32.3,-29.3, 25, 29, 0.46,297,22.3
2026-03-22 23:29:31, -1.7433,54.9798, 551.9, 4845,-16.9,-32.1,-29.1, 25, 30, 0.47,298,22.2
2026-03-22 23:29:33, -1.7427,54.9796, 550.9, 4858,-17.0,-32.1,-29.1, 26, 30, 0.47,298,22.2
2026-03-22 23:29:35, -1.7421,54.9793, 550.0, 4872,-17.1,-32.0,-29.0, 26, 31, 0.48,299,22.1
2026-03-22 23:29:37, -1.7415,54.9791, 549.0, 4884,-17.2,-32.1,-29.1, 26, 31, 0.47,299,22.0
2026-03-22 23:29:39, -1.7410,54.9789, 548.3, 4894,-17.3,-32.3,-29.3, 26, 31, 0.46,299,21.9
2026-03-22 23:29:41, -1.7404,54.9787, 547.8, 4901,-17.4,-32.3,-29.3, 26, 31, 0.46,299,21.8
2026-03-22 23:29:43, -1.7398,54.9785, 547.2, 4909,-17.5,-32.4,-29.4, 26, 31, 0.46,299,21.7
2026-03-22 23:29:45, -1.7392,54.9783, 546.6, 4918,-17.6,-32.6,-29.6, 26, 31, 0.45,299,21.6
2026-03-22 23:29:47, -1.7386,54.9781, 545.8, 4929,-17.6,-32.8,-29.7, 26, 30, 0.45,298,21.5
2026-03-22 23:29:49, -1.7381,54.9779, 545.0, 4939,-17.7,-33.0,-30.0, 25, 30, 0.43,298,21.5
2026-03-22 23:29:51, -1.7375,54.9778, 544.4, 4947,-17.8,-33.3,-30.2, 25, 29, 0.43,298,21.4
2026-03-22 23:29:53, -1.7369,54.9776, 543.9, 4955,-17.9,-32.7,-29.7, 26, 31, 0.45,297,21.3
2026-03-22 23:29:55, -1.7363,54.9775, 543.1, 4966,-18.0,-32.1,-29.1, 28, 33, 0.48,297,21.3
2026-03-22 23:29:57, -1.7357,54.9773, 542.1, 4980,-18.1,-31.7,-28.7, 29, 35, 0.50,296,21.3
2026-03-22 23:29:59, -1.7351,54.9772, 541.1, 4994,-18.2,-31.7,-28.7, 30, 35, 0.50,296,21.3
2026-03-22 23:30:01, -1.7346,54.9770, 540.2, 5005,-18.4,-31.8,-28.8, 30, 36, 0.49,296,21.4
2026-03-22 23:30:03, -1.7340,54.9768, 539.5, 5016,-18.5,-31.7,-28.8, 30, 36, 0.50,295,21.4
2026-03-22 23:30:05, -1.7333,54.9767, 538.7, 5025,-18.6,-31.5,-28.6, 31, 37, 0.51,295,21.4
2026-03-22 23:30:07, -1.7326,54.9765, 538.2, 5033,-18.6,-31.4,-28.5, 32, 38, 0.51,295,21.5
2026-03-22 23:30:09, -1.7319,54.9764, 537.6, 5041,-18.7,-31.3,-28.3, 32, 39, 0.52,295,21.5
2026-03-22 23:30:11, -1.7313,54.9762, 536.9, 5051,-18.8,-31.2,-28.2, 33, 39, 0.53,295,21.5
2026-03-22 23:30:13, -1.7307,54.9761, 536.1, 5062,-18.8,-31.3,-28.3, 33, 39, 0.52,295,21.6
2026-03-22 23:30:15, -1.7301,54.9759, 535.3, 5073,-18.9,-31.8,-28.9, 31, 37, 0.50,295,21.6
2026-03-22 23:30:17, -1.7296,54.9757, 534.5, 5084,-18.9,-32.7,-29.6, 29, 34, 0.46,296,21.6
2026-03-22 23:30:19, -1.7291,54.9755, 533.8, 5094,-18.9,-33.0,-30.0, 28, 33, 0.44,296,21.7
2026-03-22 23:30:21, -1.7285,54.9753, 533.2, 5103,-19.0,-33.3,-30.2, 27, 33, 0.43,296,21.7
2026-03-22 23:30:23, -1.7278,54.9752, 532.5, 5112,-19.0,-33.6,-30.5, 26, 32, 0.42,296,21.7
2026-03-22 23:30:25, -1.7272,54.9750, 531.9, 5121,-19.1,-34.0,-30.9, 26, 31, 0.41,296,21.7
2026-03-22 23:30:27, -1.7265,54.9748, 531.3, 5130,-19.2,-34.5,-31.4, 24, 29, 0.39,297,21.8
2026-03-22 23:30:29, -1.7259,54.9746, 530.5, 5140,-19.2,-35.4,-32.2, 22, 27, 0.35,297,21.9
2026-03-22 23:30:31, -1.7253,54.9744, 529.7, 5151,-19.3,-36.0,-32.8, 21, 26, 0.33,297,21.9
2026-03-22 23:30:33, -1.7247,54.9743, 528.8, 5163,-19.4,-36.0,-32.8, 21, 26, 0.33,297,22.0
2026-03-22 23:30:35, -1.7241,54.9741, 528.1, 5174,-19.4,-36.4,-33.1, 21, 25, 0.32,297,22.1
2026-03-22 23:30:37, -1.7236,54.9740, 527.4, 5184,-19.5,-36.9,-33.6, 20, 24, 0.31,297,22.2
2026-03-22 23:30:39, -1.7231,54.9737, 526.6, 5195,-19.6,-37.2,-33.9, 19, 24, 0.30,297,22.3
2026-03-22 23:30:41, -1.7224,54.9735, 525.8, 5206,-19.7,-37.8,-34.4, 18, 22, 0.28,297,22.4
2026-03-22 23:30:43, -1.7216,54.9734, 525.2, 5215,-19.7,-38.2,-34.8, 18, 22, 0.27,297,22.4
2026-03-22 23:30:45, -1.7209,54.9732, 524.6, 5224,-19.8,-38.6,-35.2, 17, 21, 0.26,296,22.5
2026-03-22 23:30:47, -1.7202,54.9730, 523.9, 5233,-19.9,-39.8,-36.3, 15, 18, 0.23,296,22.5
2026-03-22 23:30:49, -1.7196,54.9728, 523.1, 5244,-19.9,-41.9,-38.3, 12, 15, 0.19,296,22.5
2026-03-22 23:30:51, -1.7190,54.9727, 522.4, 5255,-20.0,-40.8,-37.2, 14, 17, 0.21,296,22.5
2026-03-22 23:30:53, -1.7184,54.9725, 521.5, 5267,-20.1,-38.0,-34.6, 19, 23, 0.28,296,22.4
2026-03-22 23:30:55, -1.7177,54.9723, 520.5, 5282,-20.2,-36.7,-33.4, 22, 26, 0.32,296,22.4
2026-03-22 23:30:57, -1.7171,54.9721, 519.5, 5296,-20.3,-37.2,-33.9, 21, 25, 0.30,296,22.3
2026-03-22 23:30:59, -1.7165,54.9719, 518.6, 5308,-20.4,-37.7,-34.4, 20, 24, 0.29,296,22.2
2026-03-22 23:31:01, -1.7160,54.9717, 518.0, 5317,-20.5,-37.8,-34.4, 20, 24, 0.29,296,22.1
2026-03-22 23:31:03, -1.7154,54.9715, 517.5, 5325,-20.5,-37.4,-34.1, 21, 25, 0.30,296,22.1
2026-03-22 23:31:05, -1.7148,54.9714, 516.9, 5333,-20.5,-36.1,-32.8, 24, 29, 0.34,295,22.0
2026-03-22 23:31:07, -1.7142,54.9712, 516.3, 5342,-20.6,-35.0,-31.8, 26, 32, 0.38,295,22.0
2026-03-22 23:31:09, -1.7135,54.9711, 515.7, 5350,-20.6,-34.5,-31.4, 28, 34, 0.40,295,21.9
2026-03-22 23:31:11, -1.7129,54.9709, 515.1, 5359,-20.7,-34.5,-31.3, 28, 34, 0.40,294,22.0
2026-03-22 23:31:13, -1.7123,54.9708, 514.5, 5367,-20.7,-35.1,-31.9, 26, 32, 0.38,294,22.0
2026-03-22 23:31:15, -1.7117,54.9706, 513.9, 5376,-20.7,-35.3,-32.1, 26, 32, 0.37,293,22.0
2026-03-22 23:31:17, -1.7110,54.9705, 513.2, 5386,-20.8,-35.2,-32.0, 26, 32, 0.37,293,22.1
2026-03-22 23:31:19, -1.7104,54.9703, 512.5, 5396,-20.9,-35.3,-32.1, 26, 32, 0.37,292,22.2
2026-03-22 23:31:21, -1.7097,54.9702, 511.9, 5404,-21.0,-35.4,-32.2, 26, 32, 0.37,292,22.3
2026-03-22 23:31:23, -1.7090,54.9700, 511.4, 5413,-21.0,-35.5,-32.3, 26, 32, 0.36,291,22.3
2026-03-22 23:31:25, -1.7084,54.9699, 510.8, 5420,-21.1,-35.6,-32.4, 26, 32, 0.36,291,22.4
2026-03-22 23:31:27, -1.7077,54.9697, 510.2, 5429,-21.2,-35.7,-32.4, 26, 32, 0.36,291,22.5
2026-03-22 23:31:29, -1.7071,54.9696, 509.6, 5438,-21.2,-35.7,-32.4, 26, 32, 0.36,290,22.6
2026-03-22 23:31:31, -1.7064,54.9694, 508.9, 5449,-21.3,-35.6,-32.4, 26, 32, 0.36,290,22.7
2026-03-22 23:31:33, -1.7058,54.9693, 508.1, 5460,-21.4,-35.7,-32.5, 26, 32, 0.36,289,22.8
2026-03-22 23:31:35, -1.7051,54.9692, 507.4, 5470,-21.5,-35.9,-32.6, 26, 32, 0.35,289,22.9
2026-03-22 23:31:37, -1.7043,54.9691, 506.8, 5479,-21.5,-35.9,-32.7, 26, 32, 0.35,289,23.1
2026-03-22 23:31:39, -1.7037,54.9690, 506.1, 5489,-21.6,-36.0,-32.7, 26, 32, 0.35,289,23.2
2026-03-22 23:31:41, -1.7030,54.9689, 505.2, 5501,-21.7,-36.1,-32.8, 26, 32, 0.35,288,23.3
2026-03-22 23:31:43, -1.7023,54.9687, 504.6, 5511,-21.8,-36.2,-32.9, 26, 32, 0.34,288,23.4
2026-03-22 23:31:45, -1.7016,54.9686, 504.0, 5520,-21.9,-36.2,-32.9, 26, 33, 0.34,288,23.5
2026-03-22 23:31:47, -1.7009,54.9684, 503.3, 5530,-22.0,-36.1,-32.8, 27, 33, 0.35,288,23.6
2026-03-22 23:31:49, -1.7002,54.9683, 502.4, 5543,-22.1,-36.0,-32.8, 27, 34, 0.35,287,23.6
2026-03-22 23:31:51, -1.6995,54.9682, 501.5, 5556,-22.2,-36.0,-32.8, 27, 34, 0.35,287,23.7
2026-03-22 23:31:53, -1.6987,54.9680, 500.8, 5567,-22.3,-36.2,-32.9, 27, 34, 0.35,287,23.7
2026-03-22 23:31:53, -1.6987,54.9680, 500.0, 5577,-22.4,-36.4,-33.1, 27, 34, 0.34,287,23.7
2026-03-22 23:31:55, -1.6980,54.9679, 500.0, 5578,-22.4,-36.4,-33.1, 27, 33, 0.34,287,23.7
2026-03-22 23:31:57, -1.6972,54.9678, 499.3, 5589,-22.5,-36.7,-33.4, 26, 33, 0.33,287,23.7
2026-03-22 23:31:59, -1.6965,54.9677, 498.6, 5599,-22.5,-37.0,-33.7, 26, 32, 0.32,287,23.7
2026-03-22 23:32:01, -1.6958,54.9676, 497.9, 5609,-22.6,-37.0,-33.7, 26, 32, 0.32,286,23.6
2026-03-22 23:32:03, -1.6951,54.9675, 497.3, 5617,-22.7,-36.9,-33.6, 26, 33, 0.33,286,23.6
2026-03-22 23:32:05, -1.6944,54.9674, 496.7, 5627,-22.8,-36.6,-33.3, 27, 34, 0.34,286,23.5
2026-03-22 23:32:07, -1.6938,54.9672, 496.0, 5636,-22.8,-37.0,-33.6, 26, 33, 0.32,286,23.5
2026-03-22 23:32:09, -1.6931,54.9671, 495.4, 5645,-22.9,-37.8,-34.5, 24, 30, 0.30,286,23.4
2026-03-22 23:32:11, -1.6923,54.9670, 494.9, 5654,-22.9,-38.5,-35.0, 23, 29, 0.28,287,23.4
2026-03-22 23:32:13, -1.6916,54.9669, 494.3, 5662,-23.0,-38.6,-35.2, 23, 28, 0.28,287,23.4
2026-03-22 23:32:15, -1.6910,54.9668, 493.7, 5672,-23.0,-38.4,-35.0, 23, 29, 0.28,287,23.5
2026-03-22 23:32:17, -1.6903,54.9667, 492.9, 5683,-23.1,-38.4,-35.0, 23, 29, 0.28,287,23.6
2026-03-22 23:32:19, -1.6897,54.9665, 492.2, 5694,-23.2,-38.5,-35.1, 23, 29, 0.28,287,23.7
2026-03-22 23:32:21, -1.6890,54.9664, 491.4, 5705,-23.3,-38.5,-35.1, 24, 30, 0.28,287,23.8
2026-03-22 23:32:23, -1.6882,54.9663, 490.6, 5717,-23.4,-38.4,-35.0, 24, 30, 0.28,287,24.0
2026-03-22 23:32:25, -1.6874,54.9662, 489.7, 5729,-23.6,-38.3,-34.9, 25, 31, 0.29,288,24.1
2026-03-22 23:32:27, -1.6867,54.9660, 489.0, 5741,-23.7,-38.0,-34.6, 26, 32, 0.30,288,24.3
2026-03-22 23:32:29, -1.6860,54.9658, 488.3, 5752,-23.8,-37.5,-34.1, 27, 34, 0.31,288,24.4
2026-03-22 23:32:31, -1.6852,54.9657, 487.6, 5762,-23.9,-37.4,-34.0, 28, 35, 0.32,288,24.6
2026-03-22 23:32:33, -1.6845,54.9656, 486.7, 5774,-24.0,-37.5,-34.1, 28, 35, 0.31,288,24.7
2026-03-22 23:32:35, -1.6838,54.9655, 486.0, 5786,-24.1,-37.5,-34.1, 28, 35, 0.31,288,24.8
2026-03-22 23:32:37, -1.6830,54.9653, 485.2, 5798,-24.2,-37.5,-34.2, 28, 36, 0.31,287,24.8
2026-03-22 23:32:39, -1.6822,54.9652, 484.4, 5810,-24.3,-37.6,-34.2, 28, 36, 0.31,287,24.9
2026-03-22 23:32:41, -1.6814,54.9650, 483.6, 5822,-24.3,-37.9,-34.5, 28, 35, 0.30,287,24.8
2026-03-22 23:32:43, -1.6807,54.9649, 483.0, 5831,-24.4,-38.1,-34.7, 27, 34, 0.30,287,24.8
2026-03-22 23:32:45, -1.6799,54.9648, 482.3, 5841,-24.5,-37.8,-34.4, 28, 36, 0.31,287,24.7
2026-03-22 23:32:47, -1.6792,54.9646, 481.6, 5852,-24.6,-37.3,-34.0, 30, 38, 0.32,287,24.6
2026-03-22 23:32:49, -1.6785,54.9646, 480.8, 5864,-24.7,-36.7,-33.4, 32, 40, 0.34,287,24.5
2026-03-22 23:32:51, -1.6778,54.9644, 480.0, 5876,-24.7,-36.3,-33.0, 33, 43, 0.36,287,24.4
2026-03-22 23:32:53, -1.6771,54.9643, 479.3, 5887,-24.8,-36.7,-33.4, 32, 41, 0.34,287,24.2
2026-03-22 23:32:55, -1.6764,54.9642, 478.5, 5899,-24.8,-37.7,-34.3, 29, 37, 0.31,287,24.1
2026-03-22 23:32:57, -1.6756,54.9641, 477.6, 5912,-24.9,-39.0,-35.6, 26, 33, 0.27,287,23.9
2026-03-22 23:32:59, -1.6749,54.9640, 476.7, 5926,-24.9,-39.5,-36.1, 25, 31, 0.26,287,23.8
2026-03-22 23:33:01, -1.6742,54.9638, 475.8, 5940,-25.0,-40.9,-37.4, 21, 27, 0.23,287,23.7
2026-03-22 23:33:03, -1.6735,54.9637, 474.9, 5954,-25.1,-41.8,-38.2, 20, 25, 0.21,287,23.6
2026-03-22 23:33:05, -1.6728,54.9636, 474.1, 5966,-25.2,-40.0,-36.5, 24, 30, 0.25,287,23.5
2026-03-22 23:33:07, -1.6722,54.9635, 473.3, 5978,-25.2,-38.1,-34.7, 29, 37, 0.30,287,23.4
2026-03-22 23:33:09, -1.6715,54.9633, 472.6, 5990,-25.3,-38.1,-34.7, 29, 37, 0.30,288,23.4
2026-03-22 23:33:11, -1.6708,54.9632, 471.8, 6001,-25.4,-38.9,-35.5, 27, 35, 0.28,288,23.4
2026-03-22 23:33:13, -1.6701,54.9631, 471.2, 6011,-25.4,-39.5,-36.1, 26, 33, 0.26,288,23.4
2026-03-22 23:33:15, -1.6695,54.9629, 470.6, 6020,-25.5,-40.5,-37.0, 23, 30, 0.24,288,23.4
2026-03-22 23:33:17, -1.6688,54.9628, 469.9, 6030,-25.6,-41.4,-37.8, 21, 27, 0.22,288,23.4
2026-03-22 23:33:19, -1.6681,54.9626, 469.2, 6042,-25.6,-41.3,-37.7, 22, 28, 0.22,288,23.5
2026-03-22 23:33:21, -1.6674,54.9625, 468.4, 6054,-25.7,-40.8,-37.2, 23, 30, 0.23,287,23.6
2026-03-22 23:33:23, -1.6667,54.9624, 467.5, 6067,-25.8,-39.8,-36.4, 26, 33, 0.26,287,23.7
2026-03-22 23:33:25, -1.6659,54.9623, 466.8, 6080,-25.8,-38.2,-34.8, 31, 39, 0.31,287,23.8
2026-03-22 23:33:27, -1.6652,54.9621, 465.9, 6093,-25.9,-37.2,-33.9, 34, 44, 0.34,286,23.9
2026-03-22 23:33:29, -1.6644,54.9620, 465.1, 6105,-26.0,-37.5,-34.2, 33, 43, 0.33,286,23.9
2026-03-22 23:33:31, -1.6637,54.9620, 464.5, 6114,-26.1,-37.7,-34.4, 33, 42, 0.32,286,24.0
2026-03-22 23:33:33, -1.6630,54.9619, 463.9, 6124,-26.1,-37.8,-34.5, 33, 42, 0.32,285,24.1
2026-03-22 23:33:35, -1.6623,54.9618, 463.3, 6133,-26.2,-37.9,-34.5, 33, 42, 0.32,285,24.1
2026-03-22 23:33:37, -1.6615,54.9616, 462.7, 6143,-26.3,-37.9,-34.5, 33, 42, 0.32,285,24.1
2026-03-22 23:33:39, -1.6608,54.9615, 461.9, 6155,-26.4,-37.9,-34.5, 33, 43, 0.32,284,24.1
2026-03-22 23:33:41, -1.6601,54.9614, 461.1, 6167,-26.5,-38.1,-34.7, 33, 42, 0.31,284,24.1
2026-03-22 23:33:43, -1.6593,54.9613, 460.3, 6180,-26.6,-38.5,-35.1, 32, 41, 0.30,284,24.1
2026-03-22 23:33:45, -1.6586,54.9612, 459.5, 6192,-26.7,-39.1,-35.7, 30, 39, 0.28,284,24.1
2026-03-22 23:33:47, -1.6579,54.9611, 458.8, 6204,-26.8,-39.8,-36.3, 28, 37, 0.26,283,24.1
2026-03-22 23:33:49, -1.6571,54.9610, 458.0, 6215,-26.9,-40.4,-36.9, 27, 35, 0.25,283,24.1
2026-03-22 23:33:51, -1.6564,54.9610, 457.4, 6225,-27.0,-40.8,-37.2, 26, 34, 0.24,283,24.1
2026-03-22 23:33:53, -1.6556,54.9609, 456.8, 6236,-27.1,-40.9,-37.3, 26, 34, 0.24,283,24.2
2026-03-22 23:33:55, -1.6549,54.9608, 455.9, 6248,-27.2,-41.4,-37.9, 25, 32, 0.22,283,24.2
2026-03-22 23:33:57, -1.6542,54.9607, 455.3, 6258,-27.3,-42.7,-39.0, 22, 29, 0.20,283,24.3
2026-03-22 23:33:59, -1.6535,54.9605, 454.8, 6267,-27.3,-44.0,-40.3, 19, 25, 0.17,283,24.4
2026-03-22 23:34:01, -1.6528,54.9604, 454.2, 6276,-27.3,-44.9,-41.1, 17, 23, 0.15,283,24.5
2026-03-22 23:34:03, -1.6520,54.9603, 453.7, 6285,-27.4,-45.2,-41.4, 17, 22, 0.15,283,24.6
2026-03-22 23:34:05, -1.6513,54.9603, 453.1, 6293,-27.5,-45.6,-41.8, 16, 21, 0.14,283,24.7
2026-03-22 23:34:07, -1.6505,54.9602, 452.5, 6303,-27.5,-46.4,-42.6, 15, 19, 0.13,283,24.9
2026-03-22 23:34:09, -1.6497,54.9601, 452.0, 6312,-27.6,-47.4,-43.5, 13, 18, 0.12,283,25.0
2026-03-22 23:34:11, -1.6489,54.9600, 451.4, 6321,-27.6,-48.4,-44.5, 12, 16, 0.11,283,25.1
2026-03-22 23:34:13, -1.6481,54.9599, 450.7, 6331,-27.6,-49.1,-45.1, 11, 15, 0.10,283,25.3
2026-03-22 23:34:15, -1.6473,54.9598, 450.1, 6342,-27.6,-49.6,-45.6, 11, 14, 0.09,283,25.4
2026-03-22 23:34:17, -1.6466,54.9597, 449.5, 6352,-27.6,-51.0,-46.9,  9, 12, 0.08,284,25.5
2026-03-22 23:34:19, -1.6458,54.9595, 448.8, 6362,-27.6,-52.9,-48.8,  7,  9, 0.06,284,25.5
2026-03-22 23:34:21, -1.6450,54.9594, 448.4, 6370,-27.5,-54.2,-50.0,  6,  8, 0.05,284,25.6
2026-03-22 23:34:23, -1.6442,54.9593, 447.8, 6378,-27.5,-54.3,-50.1,  6,  8, 0.05,284,25.6
2026-03-22 23:34:25, -1.6435,54.9592, 447.2, 6388,-27.5,-54.0,-49.8,  6,  8, 0.06,284,25.6
2026-03-22 23:34:27, -1.6427,54.9591, 446.6, 6397,-27.6,-53.6,-49.4,  7,  9, 0.06,284,25.5
2026-03-22 23:34:29, -1.6419,54.9590, 446.0, 6407,-27.6,-53.3,-49.2,  7,  9, 0.06,284,25.4
2026-03-22 23:34:31, -1.6411,54.9588, 445.5, 6416,-27.6,-53.4,-49.2,  7,  9, 0.06,284,25.3
2026-03-22 23:34:33, -1.6403,54.9587, 444.9, 6425,-27.7,-53.5,-49.3,  7,  9, 0.06,284,25.2
2026-03-22 23:34:35, -1.6396,54.9586, 444.5, 6432,-27.7,-51.4,-47.4,  9, 11, 0.08,284,25.0
2026-03-22 23:34:37, -1.6388,54.9585, 443.9, 6441,-27.7,-47.1,-43.2, 14, 18, 0.12,284,24.8
2026-03-22 23:34:39, -1.6381,54.9584, 443.4, 6450,-27.7,-44.6,-40.9, 18, 24, 0.16,283,24.6
2026-03-22 23:34:41, -1.6373,54.9583, 442.7, 6460,-27.8,-44.2,-40.4, 20, 26, 0.17,283,24.4
2026-03-22 23:34:43, -1.6366,54.9582, 442.1, 6471,-27.9,-43.7,-40.0, 21, 27, 0.18,283,24.2
2026-03-22 23:34:45, -1.6359,54.9581, 441.4, 6482,-27.9,-43.1,-39.5, 22, 29, 0.19,283,24.0
2026-03-22 23:34:47, -1.6352,54.9580, 440.6, 6495,-28.0,-42.6,-38.9, 24, 31, 0.21,283,23.7
2026-03-22 23:34:49, -1.6345,54.9580, 439.7, 6508,-28.1,-42.3,-38.7, 24, 32, 0.21,282,23.5
2026-03-22 23:34:51, -1.6338,54.9579, 439.0, 6521,-28.1,-42.5,-38.8, 24, 32, 0.21,282,23.3
2026-03-22 23:34:53, -1.6332,54.9578, 438.3, 6533,-28.2,-42.7,-39.0, 24, 31, 0.20,282,23.1
2026-03-22 23:34:55, -1.6324,54.9577, 437.5, 6545,-28.3,-42.9,-39.2, 24, 31, 0.20,282,22.9
2026-03-22 23:34:57, -1.6317,54.9577, 436.9, 6556,-28.4,-42.9,-39.3, 24, 31, 0.20,281,22.7
2026-03-22 23:34:59, -1.6310,54.9576, 436.2, 6566,-28.5,-42.9,-39.2, 24, 32, 0.20,281,22.6
2026-03-22 23:35:01, -1.6303,54.9575, 435.7, 6575,-28.6,-42.9,-39.2, 24, 32, 0.20,281,22.4
2026-03-22 23:35:03, -1.6296,54.9574, 435.1, 6585,-28.6,-42.8,-39.2, 24, 32, 0.20,281,22.2
2026-03-22 23:35:05, -1.6290,54.9573, 434.5, 6595,-28.7,-42.8,-39.1, 25, 33, 0.20,281,22.1
2026-03-22 23:35:07, -1.6283,54.9572, 433.8, 6606,-28.8,-42.7,-39.1, 25, 33, 0.20,281,21.9
2026-03-22 23:35:09, -1.6276,54.9572, 433.1, 6618,-28.9,-42.7,-39.1, 25, 34, 0.20,280,21.8
2026-03-22 23:35:11, -1.6269,54.9571, 432.4, 6629,-29.1,-42.7,-39.1, 26, 34, 0.20,280,21.7
2026-03-22 23:35:13, -1.6263,54.9571, 431.8, 6639,-29.2,-42.7,-39.1, 26, 34, 0.21,280,21.5
2026-03-22 23:35:15, -1.6257,54.9570, 431.3, 6648,-29.2,-42.8,-39.2, 26, 34, 0.20,280,21.4
2026-03-22 23:35:17, -1.6250,54.9569, 430.8, 6657,-29.3,-42.9,-39.2, 26, 34, 0.20,279,21.3
2026-03-22 23:35:19, -1.6244,54.9569, 430.1, 6667,-29.4,-42.9,-39.2, 26, 35, 0.20,279,21.2
2026-03-22 23:35:21, -1.6237,54.9568, 429.5, 6677,-29.5,-42.9,-39.3, 26, 35, 0.20,279,21.1
2026-03-22 23:35:23, -1.6231,54.9567, 428.8, 6689,-29.6,-42.9,-39.3, 26, 35, 0.20,279,21.0
2026-03-22 23:35:25, -1.6225,54.9567, 428.0, 6701,-29.7,-42.9,-39.3, 27, 36, 0.20,278,21.0
2026-03-22 23:35:27, -1.6219,54.9566, 427.4, 6713,-29.8,-43.1,-39.4, 26, 35, 0.20,278,21.0
2026-03-22 23:35:29, -1.6212,54.9566, 426.8, 6723,-29.9,-43.2,-39.5, 26, 35, 0.20,278,20.9
2026-03-22 23:35:31, -1.6205,54.9566, 426.1, 6734,-29.9,-43.2,-39.5, 27, 36, 0.20,278,20.9
2026-03-22 23:35:33, -1.6198,54.9565, 425.4, 6746,-30.0,-43.2,-39.5, 27, 36, 0.20,278,20.9
2026-03-22 23:35:35, -1.6192,54.9565, 424.8, 6755,-30.1,-43.2,-39.5, 27, 36, 0.20,278,21.0
2026-03-22 23:35:37, -1.6186,54.9565, 424.3, 6764,-30.2,-43.2,-39.5, 27, 36, 0.20,278,21.0
2026-03-22 23:35:39, -1.6179,54.9564, 423.6, 6775,-30.3,-43.1,-39.5, 28, 37, 0.20,278,21.0
2026-03-22 23:35:41, -1.6173,54.9563, 422.9, 6787,-30.4,-43.1,-39.4, 28, 38, 0.20,279,21.0
2026-03-22 23:35:43, -1.6166,54.9563, 422.2, 6799,-30.5,-43.1,-39.4, 28, 38, 0.20,279,21.1
2026-03-22 23:35:45, -1.6159,54.9562, 421.5, 6810,-30.6,-43.1,-39.4, 29, 39, 0.20,279,21.1
2026-03-22 23:35:47, -1.6153,54.9562, 421.0, 6819,-30.7,-43.2,-39.5, 29, 39, 0.20,280,21.1
2026-03-22 23:35:49, -1.6146,54.9560, 420.3, 6832,-30.8,-43.1,-39.4, 29, 39, 0.20,280,21.1
2026-03-22 23:35:51, -1.6140,54.9560, 419.3, 6847,-31.0,-43.0,-39.3, 30, 40, 0.21,281,21.2
2026-03-22 23:35:53, -1.6134,54.9559, 418.6, 6861,-31.1,-43.1,-39.5, 30, 40, 0.20,281,21.2
2026-03-22 23:35:55, -1.6128,54.9558, 417.9, 6873,-31.2,-43.3,-39.6, 30, 40, 0.20,281,21.2
2026-03-22 23:35:57, -1.6122,54.9558, 417.1, 6886,-31.3,-43.2,-39.5, 30, 41, 0.20,282,21.1
2026-03-22 23:35:59, -1.6115,54.9557, 416.2, 6900,-31.5,-43.1,-39.5, 31, 42, 0.20,282,21.1
2026-03-22 23:36:01, -1.6108,54.9556, 415.4, 6914,-31.6,-43.1,-39.4, 31, 43, 0.21,282,21.0
2026-03-22 23:36:03, -1.6100,54.9555, 414.7, 6926,-31.7,-43.1,-39.4, 32, 43, 0.21,282,20.9
2026-03-22 23:36:05, -1.6094,54.9554, 414.0, 6938,-31.8,-43.2,-39.5, 32, 43, 0.20,283,20.8
2026-03-22 23:36:07, -1.6088,54.9553, 413.3, 6951,-32.0,-43.2,-39.5, 32, 44, 0.20,283,20.7
2026-03-22 23:36:09, -1.6082,54.9552, 412.5, 6963,-32.1,-43.1,-39.4, 33, 45, 0.21,283,20.6
2026-03-22 23:36:11, -1.6075,54.9551, 411.9, 6974,-32.2,-43.0,-39.3, 33, 46, 0.21,282,20.5
2026-03-22 23:36:13, -1.6070,54.9550, 411.3, 6985,-32.3,-43.0,-39.3, 34, 46, 0.21,282,20.4
2026-03-22 23:36:15, -1.6064,54.9549, 410.6, 6996,-32.4,-43.0,-39.4, 34, 47, 0.21,282,20.3
2026-03-22 23:36:17, -1.6059,54.9549, 410.0, 7007,-32.5,-43.0,-39.3, 34, 47, 0.21,282,20.2
2026-03-22 23:36:19, -1.6053,54.9549, 409.4, 7017,-32.6,-43.0,-39.3, 35, 48, 0.21,282,20.1
2026-03-22 23:36:21, -1.6046,54.9549, 408.8, 7027,-32.7,-42.9,-39.3, 35, 49, 0.21,281,20.0
2026-03-22 23:36:23, -1.6039,54.9548, 408.2, 7038,-32.8,-42.9,-39.2, 36, 50, 0.21,281,20.0
2026-03-22 23:36:25, -1.6033,54.9547, 407.4, 7051,-32.9,-42.7,-39.1, 37, 51, 0.22,281,19.9
2026-03-22 23:36:27, -1.6028,54.9546, 406.7, 7063,-33.0,-42.7,-39.1, 37, 51, 0.22,281,19.9
2026-03-22 23:36:29, -1.6023,54.9545, 405.9, 7077,-33.1,-42.7,-39.1, 38, 52, 0.22,282,19.9
2026-03-22 23:36:31, -1.6016,54.9544, 405.1, 7091,-33.2,-42.7,-39.1, 38, 53, 0.22,282,19.8
2026-03-22 23:36:33, -1.6009,54.9544, 404.3, 7105,-33.4,-42.7,-39.1, 39, 54, 0.22,282,19.7
2026-03-22 23:36:35, -1.6002,54.9543, 403.6, 7118,-33.5,-42.7,-39.0, 39, 55, 0.22,283,19.6
2026-03-22 23:36:37, -1.5996,54.9543, 402.7, 7132,-33.6,-42.6,-39.0, 40, 56, 0.22,284,19.4
2026-03-22 23:36:39, -1.5990,54.9542, 402.0, 7146,-33.7,-42.5,-38.9, 41, 57, 0.23,285,19.2
2026-03-22 23:36:41, -1.5984,54.9541, 401.1, 7160,-33.8,-42.3,-38.6, 42, 59, 0.23,286,19.0
2026-03-22 23:36:42, -1.5982,54.9541, 400.3, 7175,-34.0,-42.2,-38.6, 43, 60, 0.23,287,18.8
2026-03-22 23:36:43, -1.5978,54.9540, 400.0, 7180,-34.0,-42.3,-38.7, 43, 60, 0.23,288,18.7
2026-03-22 23:36:45, -1.5974,54.9539, 399.5, 7189,-34.1,-42.5,-38.9, 43, 59, 0.23,288,18.7
2026-03-22 23:36:47, -1.5970,54.9538, 398.8, 7201,-34.2,-42.7,-39.0, 42, 59, 0.22,289,18.5
2026-03-22 23:36:49, -1.5965,54.9536, 398.3, 7211,-34.3,-42.6,-39.0, 43, 60, 0.22,291,18.4
2026-03-22 23:36:51, -1.5959,54.9535, 397.6, 7222,-34.4,-42.4,-38.8, 44, 62, 0.23,292,18.4
2026-03-22 23:36:53, -1.5954,54.9534, 397.1, 7232,-34.5,-41.7,-38.1, 48, 67, 0.25,293,18.4
2026-03-22 23:36:55, -1.5950,54.9533, 396.4, 7243,-34.5,-41.1,-37.6, 51, 71, 0.26,294,18.5
2026-03-22 23:36:57, -1.5946,54.9531, 395.8, 7255,-34.6,-41.2,-37.6, 51, 72, 0.26,296,18.6
2026-03-22 23:36:59, -1.5941,54.9529, 395.2, 7265,-34.7,-41.3,-37.7, 51, 72, 0.26,297,18.7
2026-03-22 23:37:01, -1.5936,54.9527, 394.5, 7276,-34.8,-41.3,-37.7, 52, 73, 0.26,297,18.9
2026-03-22 23:37:03, -1.5929,54.9526, 394.0, 7286,-34.9,-41.4,-37.8, 52, 73, 0.26,298,19.0
2026-03-22 23:37:05, -1.5923,54.9524, 393.5, 7295,-35.0,-41.5,-37.9, 52, 73, 0.26,299,19.2
2026-03-22 23:37:07, -1.5916,54.9523, 392.9, 7305,-35.1,-41.5,-37.9, 52, 73, 0.26,300,19.3
2026-03-22 23:37:09, -1.5911,54.9520, 392.3, 7315,-35.1,-41.4,-37.9, 53, 74, 0.26,300,19.4
2026-03-22 23:37:11, -1.5906,54.9518, 391.7, 7326,-35.2,-41.4,-37.9, 53, 75, 0.26,301,19.5
2026-03-22 23:37:13, -1.5902,54.9516, 391.1, 7337,-35.2,-41.5,-37.9, 53, 75, 0.26,301,19.5
2026-03-22 23:37:15, -1.5897,54.9514, 390.5, 7348,-35.3,-41.6,-38.0, 53, 75, 0.26,302,19.5
2026-03-22 23:37:17, -1.5892,54.9513, 389.8, 7360,-35.5,-41.7,-38.1, 53, 75, 0.25,302,19.5
2026-03-22 23:37:19, -1.5887,54.9511, 389.3, 7370,-35.6,-41.7,-38.1, 54, 76, 0.26,303,19.4
2026-03-22 23:37:21, -1.5882,54.9509, 388.6, 7381,-35.7,-41.6,-38.0, 55, 77, 0.26,303,19.4
2026-03-22 23:37:23, -1.5877,54.9507, 387.9, 7394,-35.8,-41.5,-37.9, 56, 79, 0.26,304,19.3
2026-03-22 23:37:25, -1.5872,54.9505, 387.3, 7405,-35.9,-41.5,-37.9, 57, 80, 0.26,304,19.2
2026-03-22 23:37:27, -1.5867,54.9503, 386.7, 7415,-36.0,-41.4,-37.9, 57, 81, 0.26,305,19.1
2026-03-22 23:37:29, -1.5862,54.9501, 386.2, 7425,-36.0,-41.5,-37.9, 57, 81, 0.26,305,19.1
2026-03-22 23:37:31, -1.5857,54.9499, 385.6, 7436,-36.1,-41.6,-38.0, 57, 81, 0.26,305,19.0
2026-03-22 23:37:33, -1.5852,54.9497, 384.9, 7448,-36.3,-41.6,-38.0, 58, 82, 0.26,306,19.0
2026-03-22 23:37:35, -1.5848,54.9495, 384.2, 7460,-36.4,-41.6,-38.0, 58, 83, 0.26,306,18.9
2026-03-22 23:37:37, -1.5843,54.9493, 383.7, 7470,-36.4,-41.7,-38.1, 58, 83, 0.26,306,18.9
2026-03-22 23:37:39, -1.5838,54.9491, 383.2, 7480,-36.5,-41.8,-38.2, 58, 83, 0.25,306,18.9
2026-03-22 23:37:41, -1.5834,54.9489, 382.6, 7489,-36.6,-41.9,-38.3, 58, 82, 0.25,307,18.9
2026-03-22 23:37:43, -1.5829,54.9487, 382.1, 7499,-36.7,-41.9,-38.3, 58, 83, 0.25,307,18.9
2026-03-22 23:37:45, -1.5825,54.9485, 381.6, 7508,-36.8,-41.8,-38.2, 59, 85, 0.26,308,19.0
2026-03-22 23:37:47, -1.5820,54.9483, 381.1, 7517,-36.9,-41.8,-38.2, 60, 86, 0.26,308,19.0
2026-03-22 23:37:49, -1.5815,54.9481, 380.6, 7527,-36.9,-42.0,-38.4, 60, 85, 0.25,308,19.1
2026-03-22 23:37:51, -1.5810,54.9479, 380.0, 7538,-37.0,-42.1,-38.5, 59, 85, 0.25,309,19.3
2026-03-22 23:37:53, -1.5805,54.9477, 379.3, 7549,-37.1,-42.1,-38.5, 59, 85, 0.25,310,19.4
2026-03-22 23:37:55, -1.5800,54.9475, 378.7, 7561,-37.2,-42.2,-38.6, 60, 86, 0.25,310,19.6
2026-03-22 23:37:57, -1.5796,54.9473, 378.0, 7574,-37.3,-42.3,-38.7, 60, 86, 0.25,311,19.8
2026-03-22 23:37:59, -1.5792,54.9470, 377.3, 7586,-37.4,-42.4,-38.7, 60, 86, 0.24,311,20.0
2026-03-22 23:38:01, -1.5787,54.9467, 376.6, 7599,-37.4,-42.4,-38.8, 60, 86, 0.24,312,20.3
2026-03-22 23:38:03, -1.5783,54.9465, 376.0, 7611,-37.5,-42.5,-38.9, 60, 86, 0.24,313,20.5
2026-03-22 23:38:05, -1.5778,54.9462, 375.4, 7622,-37.6,-42.7,-39.1, 59, 85, 0.24,313,20.8
2026-03-22 23:38:07, -1.5774,54.9460, 374.7, 7634,-37.6,-42.8,-39.2, 58, 84, 0.23,313,21.1
2026-03-22 23:38:09, -1.5769,54.9457, 374.0, 7647,-37.7,-42.9,-39.2, 58, 84, 0.23,314,21.4
2026-03-22 23:38:11, -1.5763,54.9454, 373.3, 7659,-37.8,-43.0,-39.3, 59, 85, 0.23,314,21.7
2026-03-22 23:38:13, -1.5758,54.9451, 372.8, 7670,-37.9,-43.0,-39.3, 59, 85, 0.23,314,22.0
2026-03-22 23:38:15, -1.5753,54.9448, 372.3, 7679,-38.0,-43.0,-39.4, 59, 86, 0.23,315,22.3
2026-03-22 23:38:17, -1.5748,54.9445, 371.7, 7689,-38.0,-43.2,-39.5, 58, 85, 0.23,315,22.6
2026-03-22 23:38:19, -1.5743,54.9442, 371.1, 7701,-38.1,-43.3,-39.7, 58, 84, 0.22,315,22.8
2026-03-22 23:38:21, -1.5738,54.9440, 370.4, 7715,-38.2,-43.4,-39.7, 58, 84, 0.22,315,23.1
2026-03-22 23:38:23, -1.5733,54.9436, 369.5, 7729,-38.3,-43.5,-39.8, 58, 84, 0.22,315,23.3
2026-03-22 23:38:25, -1.5728,54.9433, 368.8, 7742,-38.4,-43.6,-39.9, 58, 84, 0.22,315,23.6
2026-03-22 23:38:27, -1.5722,54.9430, 368.3, 7753,-38.4,-43.8,-40.1, 57, 83, 0.21,316,23.8
2026-03-22 23:38:29, -1.5716,54.9427, 367.8, 7763,-38.4,-43.9,-40.2, 56, 82, 0.21,316,24.1
2026-03-22 23:38:31, -1.5711,54.9424, 367.1, 7775,-38.6,-44.1,-40.3, 56, 82, 0.21,316,24.3
2026-03-22 23:38:33, -1.5707,54.9421, 366.4, 7788,-38.6,-44.0,-40.3, 57, 83, 0.21,317,24.6
2026-03-22 23:38:35, -1.5701,54.9418, 365.7, 7802,-38.7,-44.1,-40.3, 57, 83, 0.21,317,24.8
2026-03-22 23:38:37, -1.5695,54.9415, 365.0, 7815,-38.8,-44.1,-40.3, 58, 84, 0.21,317,25.1
2026-03-22 23:38:39, -1.5690,54.9411, 364.3, 7827,-39.0,-44.1,-40.4, 58, 85, 0.21,318,25.4
2026-03-22 23:38:41, -1.5686,54.9408, 363.7, 7838,-39.1,-44.1,-40.4, 59, 86, 0.21,318,25.7
2026-03-22 23:38:43, -1.5680,54.9404, 363.2, 7847,-39.2,-44.2,-40.4, 59, 87, 0.21,319,26.0
2026-03-22 23:38:45, -1.5674,54.9400, 362.8, 7857,-39.3,-44.2,-40.4, 60, 88, 0.21,319,26.3
2026-03-22 23:38:47, -1.5669,54.9396, 362.1, 7870,-39.4,-44.2,-40.5, 60, 88, 0.21,319,26.5
2026-03-22 23:38:49, -1.5663,54.9393, 361.4, 7882,-39.5,-44.4,-40.7, 60, 88, 0.21,319,26.8
2026-03-22 23:38:51, -1.5658,54.9389, 361.0, 7891,-39.5,-44.5,-40.8, 59, 87, 0.20,319,27.1
2026-03-22 23:38:53, -1.5653,54.9385, 360.5, 7900,-39.6,-44.5,-40.8, 59, 87, 0.20,319,27.3
2026-03-22 23:38:55, -1.5648,54.9381, 359.9, 7911,-39.7,-44.6,-40.8, 60, 88, 0.20,319,27.5
2026-03-22 23:38:57, -1.5642,54.9377, 359.3, 7922,-39.8,-44.6,-40.9, 60, 88, 0.20,319,27.8
2026-03-22 23:38:59, -1.5636,54.9373, 358.7, 7934,-39.9,-44.7,-40.9, 60, 89, 0.20,318,27.9
2026-03-22 23:39:01, -1.5630,54.9370, 358.1, 7946,-39.9,-44.7,-40.9, 60, 89, 0.20,318,28.1
2026-03-22 23:39:03, -1.5624,54.9366, 357.4, 7960,-40.0,-44.8,-41.0, 60, 89, 0.20,318,28.3
2026-03-22 23:39:05, -1.5618,54.9362, 356.5, 7975,-40.1,-45.0,-41.2, 60, 89, 0.20,317,28.4
2026-03-22 23:39:07, -1.5611,54.9358, 355.9, 7987,-40.2,-45.2,-41.4, 59, 87, 0.19,317,28.6
2026-03-22 23:39:09, -1.5604,54.9355, 355.5, 7995,-40.2,-45.3,-41.5, 58, 87, 0.19,317,28.7
2026-03-22 23:39:11, -1.5598,54.9351, 355.0, 8004,-40.3,-45.3,-41.5, 59, 87, 0.19,316,28.8
2026-03-22 23:39:13, -1.5592,54.9347, 354.5, 8014,-40.4,-45.4,-41.6, 58, 87, 0.19,316,28.9
2026-03-22 23:39:15, -1.5586,54.9344, 353.8, 8027,-40.5,-45.5,-41.7, 59, 87, 0.19,316,28.9
2026-03-22 23:39:17, -1.5580,54.9340, 353.2, 8039,-40.6,-45.6,-41.8, 58, 87, 0.18,316,29.0
2026-03-22 23:39:19, -1.5573,54.9336, 352.6, 8051,-40.7,-45.8,-42.0, 58, 86, 0.18,316,29.0
2026-03-22 23:39:21, -1.5566,54.9332, 352.0, 8062,-40.8,-45.9,-42.1, 58, 86, 0.18,316,29.0
2026-03-22 23:39:23, -1.5560,54.9329, 351.4, 8073,-40.8,-46.0,-42.2, 58, 86, 0.18,316,29.1
2026-03-22 23:39:25, -1.5554,54.9325, 350.9, 8084,-40.9,-46.0,-42.2, 58, 86, 0.18,316,29.1
2026-03-22 23:39:27, -1.5548,54.9321, 350.4, 8094,-41.0,-46.1,-42.3, 58, 87, 0.18,316,29.1
2026-03-22 23:39:29, -1.5542,54.9317, 349.9, 8103,-41.1,-46.2,-42.3, 58, 87, 0.17,317,29.1
2026-03-22 23:39:31, -1.5536,54.9314, 349.4, 8112,-41.2,-46.2,-42.4, 58, 87, 0.17,317,29.2
2026-03-22 23:39:33, -1.5529,54.9310, 349.0, 8121,-41.3,-46.2,-42.4, 59, 88, 0.17,317,29.2
2026-03-22 23:39:35, -1.5523,54.9306, 348.5, 8131,-41.3,-46.1,-42.3, 60, 89, 0.18,317,29.3
2026-03-22 23:39:37, -1.5517,54.9302, 347.9, 8142,-41.4,-46.1,-42.3, 61, 91, 0.18,317,29.4
2026-03-22 23:39:39, -1.5511,54.9298, 347.3, 8154,-41.6,-46.1,-42.3, 61, 92, 0.18,317,29.5
2026-03-22 23:39:41, -1.5505,54.9294, 346.8, 8163,-41.6,-46.2,-42.4, 61, 92, 0.18,317,29.6
2026-03-22 23:39:43, -1.5499,54.9290, 346.3, 8174,-41.7,-46.4,-42.6, 60, 91, 0.17,317,29.8
2026-03-22 23:39:45, -1.5492,54.9286, 345.7, 8185,-41.8,-46.6,-42.7, 60, 90, 0.17,317,29.9
2026-03-22 23:39:47, -1.5486,54.9282, 345.2, 8195,-41.9,-46.7,-42.8, 60, 90, 0.17,317,30.1
2026-03-22 23:39:49, -1.5479,54.9278, 344.7, 8204,-42.0,-46.7,-42.9, 60, 90, 0.17,317,30.2
2026-03-22 23:39:51, -1.5472,54.9274, 344.2, 8214,-42.0,-46.7,-42.9, 60, 91, 0.17,317,30.4
2026-03-22 23:39:53, -1.5466,54.9271, 343.7, 8224,-42.1,-46.8,-42.9, 61, 91, 0.17,317,30.6
2026-03-22 23:39:55, -1.5460,54.9267, 343.2, 8234,-42.2,-46.8,-42.9, 61, 92, 0.17,316,30.8
2026-03-22 23:39:57, -1.5453,54.9263, 342.7, 8243,-42.3,-46.8,-42.9, 61, 93, 0.17,316,30.9
2026-03-22 23:39:59, -1.5446,54.9259, 342.2, 8254,-42.4,-46.8,-42.9, 62, 94, 0.17,316,31.1
2026-03-22 23:40:01, -1.5439,54.9254, 341.6, 8265,-42.5,-46.8,-42.9, 63, 95, 0.17,316,31.3
2026-03-22 23:40:03, -1.5432,54.9250, 341.1, 8276,-42.6,-46.9,-43.0, 63, 95, 0.17,316,31.4
2026-03-22 23:40:05, -1.5425,54.9246, 340.5, 8287,-42.7,-47.1,-43.3, 62, 94, 0.16,316,31.6
2026-03-22 23:40:07, -1.5418,54.9242, 339.9, 8300,-42.8,-47.4,-43.5, 61, 92, 0.16,316,31.7
2026-03-22 23:40:09, -1.5411,54.9238, 339.2, 8312,-42.9,-47.6,-43.7, 60, 91, 0.15,316,31.8
2026-03-22 23:40:11, -1.5404,54.9234, 338.7, 8322,-43.0,-47.7,-43.8, 60, 91, 0.15,316,31.9
2026-03-22 23:40:13, -1.5397,54.9230, 338.3, 8331,-43.1,-47.7,-43.8, 60, 91, 0.15,316,32.0
2026-03-22 23:40:15, -1.5390,54.9226, 337.9, 8339,-43.1,-47.8,-43.9, 60, 91, 0.15,316,32.1
2026-03-22 23:40:17, -1.5383,54.9221, 337.4, 8349,-43.2,-47.9,-43.9, 60, 92, 0.15,315,32.2
2026-03-22 23:40:19, -1.5376,54.9217, 336.9, 8358,-43.3,-47.9,-44.0, 61, 93, 0.15,315,32.2
2026-03-22 23:40:21, -1.5369,54.9213, 336.5, 8366,-43.4,-47.9,-44.0, 61, 93, 0.15,315,32.2
2026-03-22 23:40:23, -1.5362,54.9209, 336.1, 8375,-43.4,-48.0,-44.1, 61, 93, 0.15,315,32.3
2026-03-22 23:40:25, -1.5355,54.9205, 335.6, 8384,-43.5,-48.1,-44.1, 61, 93, 0.15,315,32.3
2026-03-22 23:40:27, -1.5348,54.9201, 335.2, 8393,-43.6,-48.1,-44.2, 61, 93, 0.15,315,32.2
2026-03-22 23:40:29, -1.5340,54.9197, 334.7, 8402,-43.7,-48.2,-44.3, 61, 93, 0.15,315,32.2
2026-03-22 23:40:31, -1.5333,54.9193, 334.3, 8412,-43.8,-48.3,-44.3, 61, 94, 0.15,315,32.2
2026-03-22 23:40:33, -1.5326,54.9189, 333.8, 8421,-43.8,-48.3,-44.4, 61, 93, 0.14,315,32.1
2026-03-22 23:40:35, -1.5319,54.9184, 333.4, 8429,-43.9,-48.4,-44.5, 61, 94, 0.14,315,32.0
2026-03-22 23:40:37, -1.5312,54.9180, 333.0, 8437,-44.0,-48.4,-44.5, 61, 94, 0.14,315,31.9
2026-03-22 23:40:39, -1.5305,54.9176, 332.5, 8446,-44.1,-48.5,-44.6, 62, 95, 0.14,315,31.9
2026-03-22 23:40:41, -1.5298,54.9172, 332.1, 8455,-44.2,-48.6,-44.6, 62, 95, 0.14,315,31.8
2026-03-22 23:40:43, -1.5291,54.9168, 331.7, 8464,-44.2,-48.6,-44.7, 61, 95, 0.14,315,31.6
2026-03-22 23:40:45, -1.5284,54.9164, 331.2, 8473,-44.3,-48.7,-44.8, 61, 94, 0.14,315,31.5
2026-03-22 23:40:47, -1.5277,54.9160, 330.8, 8482,-44.3,-48.8,-44.8, 61, 94, 0.14,315,31.4
2026-03-22 23:40:49, -1.5270,54.9157, 330.3, 8491,-44.4,-48.9,-44.9, 61, 93, 0.14,316,31.3
2026-03-22 23:40:51, -1.5264,54.9153, 329.9, 8499,-44.4,-49.1,-45.1, 60, 92, 0.13,316,31.2
2026-03-22 23:40:53, -1.5257,54.9148, 329.5, 8508,-44.5,-49.2,-45.2, 60, 92, 0.13,316,31.1
2026-03-22 23:40:55, -1.5250,54.9144, 329.0, 8518,-44.6,-49.2,-45.3, 60, 92, 0.13,316,31.0
2026-03-22 23:40:57, -1.5244,54.9140, 328.4, 8530,-44.7,-49.3,-45.3, 60, 93, 0.13,316,30.9
2026-03-22 23:40:59, -1.5237,54.9136, 327.9, 8540,-44.8,-49.3,-45.4, 60, 93, 0.13,316,30.8
2026-03-22 23:41:01, -1.5230,54.9132, 327.5, 8549,-44.9,-49.4,-45.5, 60, 93, 0.13,316,30.7
2026-03-22 23:41:03, -1.5224,54.9128, 327.1, 8557,-45.0,-49.5,-45.5, 60, 93, 0.13,317,30.6
2026-03-22 23:41:05, -1.5218,54.9124, 326.7, 8566,-45.0,-49.6,-45.6, 60, 93, 0.13,317,30.5
2026-03-22 23:41:07, -1.5211,54.9120, 326.2, 8575,-45.1,-49.7,-45.7, 60, 94, 0.13,317,30.4
2026-03-22 23:41:09, -1.5205,54.9116, 325.7, 8585,-45.2,-49.7,-45.7, 60, 94, 0.13,317,30.3
2026-03-22 23:41:11, -1.5199,54.9112, 325.3, 8595,-45.3,-49.8,-45.8, 60, 94, 0.13,317,30.3
2026-03-22 23:41:13, -1.5192,54.9109, 324.8, 8604,-45.3,-49.9,-45.9, 60, 94, 0.12,317,30.2
2026-03-22 23:41:15, -1.5186,54.9105, 324.4, 8613,-45.4,-49.9,-45.9, 60, 94, 0.12,318,30.2
2026-03-22 23:41:17, -1.5180,54.9100, 323.9, 8623,-45.4,-50.0,-45.9, 60, 94, 0.12,318,30.2
2026-03-22 23:41:19, -1.5174,54.9096, 323.4, 8632,-45.5,-50.0,-46.0, 60, 94, 0.12,318,30.1
2026-03-22 23:41:21, -1.5168,54.9092, 323.0, 8641,-45.5,-50.1,-46.1, 60, 94, 0.12,318,30.1
2026-03-22 23:41:23, -1.5161,54.9088, 322.5, 8651,-45.6,-50.2,-46.2, 60, 93, 0.12,318,30.1
2026-03-22 23:41:25, -1.5155,54.9084, 322.1, 8659,-45.7,-50.3,-46.3, 60, 93, 0.12,318,30.2
2026-03-22 23:41:27, -1.5149,54.9080, 321.7, 8667,-45.7,-50.4,-46.4, 59, 92, 0.12,318,30.2
2026-03-22 23:41:29, -1.5143,54.9076, 321.3, 8676,-45.8,-50.5,-46.5, 59, 92, 0.12,318,30.2
2026-03-22 23:41:31, -1.5136,54.9072, 320.9, 8685,-45.9,-50.6,-46.6, 59, 92, 0.12,318,30.3
2026-03-22 23:41:33, -1.5130,54.9068, 320.5, 8693,-45.9,-50.6,-46.6, 59, 93, 0.12,319,30.3
2026-03-22 23:41:35, -1.5124,54.9064, 320.1, 8702,-46.0,-50.6,-46.6, 60, 94, 0.12,319,30.3
2026-03-22 23:41:37, -1.5118,54.9060, 319.6, 8712,-46.1,-50.6,-46.6, 60, 94, 0.12,319,30.4
2026-03-22 23:41:39, -1.5112,54.9055, 319.1, 8721,-46.2,-50.7,-46.6, 60, 95, 0.12,319,30.4
2026-03-22 23:41:41, -1.5105,54.9051, 318.7, 8731,-46.3,-50.7,-46.7, 61, 95, 0.11,319,30.4
2026-03-22 23:41:43, -1.5099,54.9047, 318.2, 8740,-46.3,-50.8,-46.8, 60, 95, 0.11,319,30.4
2026-03-22 23:41:45, -1.5093,54.9043, 317.8, 8748,-46.4,-50.9,-46.9, 60, 94, 0.11,319,30.5
2026-03-22 23:41:47, -1.5086,54.9039, 317.4, 8757,-46.5,-51.1,-47.0, 60, 94, 0.11,319,30.5
2026-03-22 23:41:49, -1.5080,54.9035, 317.0, 8766,-46.5,-51.2,-47.1, 59, 93, 0.11,319,30.5
2026-03-22 23:41:51, -1.5074,54.9031, 316.5, 8775,-46.6,-51.3,-47.2, 59, 93, 0.11,319,30.5
2026-03-22 23:41:53, -1.5068,54.9027, 316.1, 8785,-46.7,-51.4,-47.3, 59, 93, 0.11,319,30.6
2026-03-22 23:41:55, -1.5062,54.9023, 315.6, 8794,-46.8,-51.5,-47.4, 59, 92, 0.11,318,30.6
2026-03-22 23:41:57, -1.5055,54.9019, 315.2, 8803,-46.8,-51.6,-47.5, 58, 92, 0.11,318,30.6
2026-03-22 23:41:59, -1.5049,54.9015, 314.8, 8812,-46.9,-51.7,-47.6, 58, 92, 0.10,318,30.6
2026-03-22 23:42:01, -1.5042,54.9010, 314.3, 8822,-47.0,-51.7,-47.7, 58, 92, 0.10,318,30.7
2026-03-22 23:42:03, -1.5036,54.9006, 313.9, 8831,-47.0,-51.8,-47.7, 58, 92, 0.10,318,30.7
2026-03-22 23:42:05, -1.5030,54.9002, 313.5, 8840,-47.1,-51.9,-47.8, 58, 92, 0.10,318,30.7
2026-03-22 23:42:07, -1.5023,54.8998, 313.0, 8849,-47.2,-51.9,-47.8, 58, 92, 0.10,318,30.7
2026-03-22 23:42:09, -1.5017,54.8994, 312.6, 8858,-47.3,-51.9,-47.9, 59, 93, 0.10,318,30.8
2026-03-22 23:42:11, -1.5010,54.8990, 312.2, 8867,-47.3,-52.0,-47.9, 59, 94, 0.10,318,30.8
2026-03-22 23:42:13, -1.5004,54.8986, 311.8, 8876,-47.4,-52.0,-47.9, 59, 94, 0.10,318,30.8
2026-03-22 23:42:15, -1.4997,54.8982, 311.3, 8885,-47.5,-52.0,-47.9, 59, 94, 0.10,318,30.9
2026-03-22 23:42:17, -1.4991,54.8978, 310.9, 8895,-47.5,-52.1,-48.0, 60, 95, 0.10,317,30.9
2026-03-22 23:42:19, -1.4985,54.8974, 310.4, 8904,-47.6,-52.2,-48.1, 60, 95, 0.10,317,30.9
2026-03-22 23:42:21, -1.4978,54.8969, 310.0, 8914,-47.7,-52.2,-48.1, 60, 95, 0.10,317,31.0
2026-03-22 23:42:23, -1.4972,54.8965, 309.5, 8923,-47.8,-52.3,-48.2, 60, 95, 0.10,317,31.0
2026-03-22 23:42:25, -1.4965,54.8961, 309.1, 8931,-47.8,-52.4,-48.3, 60, 95, 0.10,317,31.1
2026-03-22 23:42:27, -1.4958,54.8957, 308.7, 8940,-47.9,-52.4,-48.3, 60, 96, 0.10,317,31.2
2026-03-22 23:42:29, -1.4951,54.8953, 308.3, 8949,-48.0,-52.5,-48.4, 60, 96, 0.10,317,31.2
2026-03-22 23:42:31, -1.4944,54.8949, 307.9, 8959,-48.1,-52.5,-48.4, 60, 96, 0.10,317,31.3
2026-03-22 23:42:33, -1.4937,54.8945, 307.4, 8970,-48.2,-52.7,-48.5, 60, 96, 0.10,317,31.4
2026-03-22 23:42:35, -1.4931,54.8941, 306.9, 8980,-48.3,-52.8,-48.7, 59, 95, 0.09,317,31.5
2026-03-22 23:42:37, -1.4924,54.8937, 306.4, 8990,-48.3,-53.0,-48.8, 59, 94, 0.09,317,31.6
2026-03-22 23:42:39, -1.4917,54.8933, 305.9, 9001,-48.4,-53.1,-49.0, 58, 93, 0.09,317,31.7
2026-03-22 23:42:41, -1.4910,54.8929, 305.4, 9012,-48.5,-53.3,-49.2, 57, 92, 0.09,317,31.8
2026-03-22 23:42:43, -1.4904,54.8925, 304.9, 9022,-48.6,-53.5,-49.3, 57, 91, 0.09,317,31.9
2026-03-22 23:42:45, -1.4897,54.8920, 304.5, 9030,-48.7,-53.6,-49.4, 57, 91, 0.09,317,32.0
2026-03-22 23:42:47, -1.4890,54.8916, 304.2, 9038,-48.7,-53.7,-49.5, 56, 91, 0.09,317,32.1
2026-03-22 23:42:49, -1.4883,54.8912, 303.8, 9047,-48.8,-53.7,-49.6, 57, 91, 0.09,317,32.2
2026-03-22 23:42:51, -1.4876,54.8908, 303.3, 9056,-48.9,-53.8,-49.6, 57, 92, 0.08,317,32.3
2026-03-22 23:42:53, -1.4869,54.8903, 302.9, 9066,-48.9,-53.8,-49.6, 57, 92, 0.08,317,32.4
2026-03-22 23:42:55, -1.4862,54.8899, 302.4, 9076,-49.0,-53.8,-49.6, 58, 93, 0.08,317,32.5
2026-03-22 23:42:57, -1.4855,54.8895, 302.0, 9086,-49.1,-53.8,-49.6, 58, 93, 0.08,317,32.6
2026-03-22 23:42:59, -1.4848,54.8891, 301.6, 9095,-49.2,-53.9,-49.7, 58, 94, 0.08,317,32.7
2026-03-22 23:43:01, -1.4841,54.8886, 301.1, 9104,-49.2,-53.9,-49.8, 58, 94, 0.08,317,32.8
2026-03-22 23:43:03, -1.4834,54.8882, 300.7, 9113,-49.3,-54.0,-49.8, 58, 94, 0.08,317,32.8
2026-03-22 23:43:04, -1.4830,54.8880, 300.3, 9123,-49.4,-54.1,-49.9, 58, 94, 0.08,317,32.9
2026-03-22 23:43:05, -1.4827,54.8878, 300.0, 9129,-49.4,-54.1,-49.9, 58, 94, 0.08,317,32.9
2026-03-22 23:43:07, -1.4820,54.8873, 299.8, 9133,-49.5,-54.1,-49.9, 58, 94, 0.08,317,33.0
2026-03-22 23:43:09, -1.4813,54.8869, 299.3, 9144,-49.5,-54.2,-50.0, 58, 94, 0.08,317,33.1
2026-03-22 23:43:11, -1.4806,54.8865, 298.9, 9154,-49.6,-54.3,-50.1, 58, 94, 0.08,317,33.1
2026-03-22 23:43:13, -1.4799,54.8860, 298.4, 9163,-49.7,-54.4,-50.2, 58, 94, 0.08,317,33.2
2026-03-22 23:43:15, -1.4792,54.8856, 298.0, 9172,-49.7,-54.5,-50.3, 58, 94, 0.08,317,33.3
2026-03-22 23:43:17, -1.4785,54.8851, 297.6, 9182,-49.8,-54.6,-50.4, 58, 93, 0.08,317,33.4
2026-03-22 23:43:19, -1.4778,54.8847, 297.2, 9191,-49.9,-54.7,-50.5, 57, 93, 0.08,317,33.4
2026-03-22 23:43:21, -1.4771,54.8843, 296.7, 9200,-50.0,-54.7,-50.5, 58, 94, 0.08,317,33.5
2026-03-22 23:43:23, -1.4764,54.8838, 296.3, 9209,-50.1,-54.8,-50.6, 58, 94, 0.08,317,33.5
2026-03-22 23:43:25, -1.4756,54.8834, 295.9, 9218,-50.1,-54.8,-50.6, 58, 94, 0.08,317,33.6
2026-03-22 23:43:27, -1.4749,54.8829, 295.5, 9227,-50.2,-54.9,-50.7, 58, 95, 0.08,317,33.6
2026-03-22 23:43:29, -1.4742,54.8825, 295.1, 9237,-50.3,-54.9,-50.7, 58, 94, 0.08,318,33.6
2026-03-22 23:43:31, -1.4735,54.8820, 294.7, 9246,-50.3,-55.0,-50.8, 58, 95, 0.08,318,33.6
2026-03-22 23:43:33, -1.4728,54.8816, 294.2, 9256,-50.4,-55.1,-50.9, 58, 95, 0.07,318,33.6
2026-03-22 23:43:35, -1.4721,54.8811, 293.8, 9264,-50.5,-55.2,-50.9, 58, 94, 0.07,318,33.6
2026-03-22 23:43:37, -1.4714,54.8807, 293.4, 9273,-50.6,-55.2,-51.0, 58, 94, 0.07,318,33.6
2026-03-22 23:43:39, -1.4707,54.8803, 293.0, 9284,-50.6,-55.3,-51.1, 58, 94, 0.07,318,33.6
2026-03-22 23:43:41, -1.4700,54.8798, 292.5, 9293,-50.7,-55.4,-51.2, 58, 94, 0.07,318,33.6
2026-03-22 23:43:43, -1.4693,54.8793, 292.1, 9303,-50.8,-55.5,-51.3, 57, 94, 0.07,318,33.5
2026-03-22 23:43:45, -1.4686,54.8789, 291.7, 9312,-50.9,-55.6,-51.4, 57, 94, 0.07,319,33.5
2026-03-22 23:43:47, -1.4679,54.8784, 291.2, 9323,-50.9,-55.8,-51.5, 57, 93, 0.07,319,33.5
2026-03-22 23:43:49, -1.4673,54.8780, 290.7, 9333,-51.0,-55.8,-51.6, 57, 93, 0.07,319,33.5
2026-03-22 23:43:51, -1.4666,54.8775, 290.3, 9343,-51.1,-55.9,-51.7, 57, 93, 0.07,319,33.4
2026-03-22 23:43:53, -1.4660,54.8771, 289.8, 9355,-51.2,-56.0,-51.8, 57, 94, 0.07,319,33.4
2026-03-22 23:43:55, -1.4653,54.8766, 289.2, 9368,-51.4,-56.2,-51.9, 57, 93, 0.07,319,33.4
2026-03-22 23:43:57, -1.4646,54.8762, 288.7, 9380,-51.5,-56.4,-52.1, 56, 92, 0.07,319,33.3
2026-03-22 23:43:59, -1.4639,54.8757, 288.2, 9391,-51.6,-56.6,-52.4, 55, 91, 0.06,319,33.3
2026-03-22 23:44:01, -1.4632,54.8753, 287.7, 9401,-51.7,-56.9,-52.6, 54, 89, 0.06,319,33.3
2026-03-22 23:44:03, -1.4625,54.8748, 287.3, 9410,-51.8,-57.1,-52.8, 53, 88, 0.06,319,33.3
2026-03-22 23:44:05, -1.4619,54.8743, 286.9, 9420,-51.9,-57.1,-52.9, 53, 88, 0.06,319,33.3
2026-03-22 23:44:07, -1.4612,54.8739, 286.5, 9429,-52.0,-57.2,-52.9, 54, 89, 0.06,319,33.3
2026-03-22 23:44:09, -1.4606,54.8734, 286.1, 9438,-52.0,-57.2,-52.9, 54, 90, 0.06,319,33.3
2026-03-22 23:44:11, -1.4599,54.8730, 285.7, 9448,-52.1,-57.1,-52.8, 55, 92, 0.06,319,33.4
2026-03-22 23:44:13, -1.4592,54.8725, 285.2, 9457,-52.2,-57.1,-52.8, 56, 93, 0.06,320,33.4
2026-03-22 23:44:15, -1.4585,54.8721, 284.8, 9467,-52.3,-57.1,-52.9, 56, 93, 0.06,320,33.5
2026-03-22 23:44:17, -1.4578,54.8716, 284.4, 9476,-52.4,-57.2,-52.9, 56, 94, 0.06,320,33.6
2026-03-22 23:44:19, -1.4572,54.8712, 284.0, 9485,-52.5,-57.2,-52.9, 57, 95, 0.06,320,33.7
2026-03-22 23:44:21, -1.4565,54.8707, 283.6, 9495,-52.6,-57.3,-53.0, 57, 95, 0.06,320,33.9
2026-03-22 23:44:23, -1.4558,54.8703, 283.1, 9507,-52.7,-57.4,-53.1, 57, 95, 0.06,320,34.0
2026-03-22 23:44:25, -1.4551,54.8698, 282.5, 9520,-52.8,-57.5,-53.2, 57, 95, 0.06,321,34.2
2026-03-22 23:44:27, -1.4545,54.8693, 281.9, 9534,-52.9,-57.7,-53.4, 56, 94, 0.06,321,34.4
2026-03-22 23:44:29, -1.4539,54.8688, 281.2, 9548,-53.0,-57.9,-53.6, 55, 93, 0.06,321,34.7
2026-03-22 23:44:31, -1.4532,54.8683, 280.7, 9560,-53.1,-58.2,-53.8, 55, 91, 0.05,321,34.9
2026-03-22 23:44:33, -1.4525,54.8678, 280.2, 9573,-53.2,-58.4,-54.0, 54, 90, 0.05,322,35.2
2026-03-22 23:44:35, -1.4517,54.8673, 279.6, 9587,-53.3,-58.5,-54.2, 53, 89, 0.05,322,35.5
2026-03-22 23:44:37, -1.4510,54.8668, 278.9, 9601,-53.4,-58.7,-54.3, 53, 89, 0.05,322,35.8
2026-03-22 23:44:39, -1.4504,54.8663, 278.4, 9614,-53.5,-58.8,-54.4, 53, 89, 0.05,322,36.1
2026-03-22 23:44:41, -1.4498,54.8658, 277.9, 9625,-53.6,-58.8,-54.5, 53, 90, 0.05,322,36.5
2026-03-22 23:44:43, -1.4492,54.8653, 277.4, 9638,-53.8,-58.9,-54.5, 54, 91, 0.05,323,36.8
2026-03-22 23:44:45, -1.4485,54.8647, 276.8, 9651,-53.8,-58.9,-54.6, 54, 91, 0.05,323,37.2
2026-03-22 23:44:47, -1.4478,54.8641, 276.1, 9665,-54.0,-59.1,-54.7, 54, 91, 0.05,323,37.5
2026-03-22 23:44:49, -1.4469,54.8636, 275.6, 9678,-54.0,-59.2,-54.8, 54, 91, 0.05,323,37.8
2026-03-22 23:44:51, -1.4461,54.8631, 275.2, 9689,-54.1,-59.2,-54.9, 54, 91, 0.05,323,38.1
2026-03-22 23:44:53, -1.4453,54.8625, 274.7, 9700,-54.2,-59.3,-55.0, 54, 91, 0.05,324,38.4
2026-03-22 23:44:55, -1.4445,54.8619, 274.2, 9711,-54.3,-59.4,-55.1, 54, 91, 0.05,324,38.7
2026-03-22 23:44:57, -1.4439,54.8613, 273.8, 9721,-54.4,-59.5,-55.1, 54, 91, 0.05,324,38.9
2026-03-22 23:44:59, -1.4433,54.8607, 273.3, 9732,-54.5,-59.5,-55.2, 54, 92, 0.05,324,39.2
2026-03-22 23:45:01, -1.4427,54.8601, 272.8, 9744,-54.6,-59.7,-55.3, 54, 92, 0.05,324,39.5
2026-03-22 23:45:03, -1.4421,54.8596, 272.3, 9755,-54.7,-59.8,-55.4, 54, 91, 0.05,325,39.7
2026-03-22 23:45:05, -1.4414,54.8591, 271.9, 9766,-54.7,-59.8,-55.4, 54, 91, 0.05,325,40.0
2026-03-22 23:45:07, -1.4406,54.8585, 271.4, 9777,-54.8,-59.9,-55.6, 53, 91, 0.04,325,40.2
2026-03-22 23:45:09, -1.4398,54.8579, 270.9, 9788,-54.9,-60.0,-55.7, 53, 91, 0.04,325,40.4
2026-03-22 23:45:11, -1.4391,54.8572, 270.3, 9802,-55.0,-60.1,-55.7, 53, 91, 0.04,325,40.6
2026-03-22 23:45:13, -1.4384,54.8565, 269.6, 9818,-55.2,-60.2,-55.9, 54, 92, 0.04,325,40.8
2026-03-22 23:45:15, -1.4376,54.8559, 269.2, 9829,-55.2,-60.2,-55.9, 54, 92, 0.04,325,41.0
2026-03-22 23:45:17, -1.4367,54.8554, 268.8, 9838,-55.3,-60.3,-55.9, 54, 92, 0.04,325,41.1
2026-03-22 23:45:19, -1.4360,54.8548, 268.5, 9846,-55.3,-60.4,-56.0, 53, 91, 0.04,326,41.1
2026-03-22 23:45:21, -1.4353,54.8541, 268.1, 9855,-55.4,-60.5,-56.1, 53, 90, 0.04,326,41.1
2026-03-22 23:45:23, -1.4346,54.8535, 267.7, 9864,-55.4,-60.6,-56.2, 52, 89, 0.04,326,41.1
2026-03-22 23:45:25, -1.4339,54.8529, 267.4, 9873,-55.4,-60.7,-56.3, 52, 89, 0.04,326,41.0
2026-03-22 23:45:27, -1.4332,54.8523, 267.0, 9881,-55.5,-60.7,-56.3, 52, 89, 0.04,326,40.8
2026-03-22 23:45:29, -1.4325,54.8516, 266.6, 9890,-55.5,-60.7,-56.3, 52, 90, 0.04,326,40.6
2026-03-22 23:45:31, -1.4318,54.8510, 266.3, 9898,-55.6,-60.7,-56.3, 53, 91, 0.04,327,40.4
2026-03-22 23:45:33, -1.4311,54.8504, 265.9, 9907,-55.7,-60.5,-56.1, 55, 94, 0.04,327,40.1
2026-03-22 23:45:35, -1.4305,54.8498, 265.6, 9916,-55.7,-60.3,-55.9, 57, 98, 0.04,327,39.8
2026-03-22 23:45:37, -1.4298,54.8492, 265.2, 9924,-55.7,-60.0,-55.6, 60,102, 0.05,327,39.5
2026-03-22 23:45:39, -1.4292,54.8486, 264.9, 9933,-55.8,-59.6,-55.2, 63,108, 0.05,327,39.2
2026-03-22 23:45:41, -1.4285,54.8481, 264.4, 9942,-55.7,-59.2,-54.8, 65,112, 0.05,327,38.9
2026-03-22 23:45:43, -1.4279,54.8475, 264.1, 9951,-55.6,-58.9,-54.5, 67,115, 0.05,327,38.6
2026-03-22 23:45:45, -1.4272,54.8469, 263.7, 9960,-55.6,-58.8,-54.4, 68,116, 0.05,326,38.4
2026-03-22 23:45:47, -1.4266,54.8464, 263.3, 9969,-55.6,-59.0,-54.6, 66,114, 0.05,326,38.1
2026-03-22 23:45:49, -1.4259,54.8458, 263.0, 9978,-55.6,-59.3,-55.0, 63,109, 0.05,326,37.9
2026-03-22 23:45:51, -1.4253,54.8453, 262.6, 9986,-55.6,-59.8,-55.5, 60,102, 0.05,326,37.7
2026-03-22 23:45:53, -1.4246,54.8447, 262.3, 9995,-55.6,-60.4,-56.0, 56, 95, 0.04,325,37.5
2026-03-22 23:45:55, -1.4240,54.8442, 261.8,10006,-55.7,-61.0,-56.5, 52, 89, 0.04,325,37.3
2026-03-22 23:45:57, -1.4233,54.8436, 261.3,10018,-55.8,-61.5,-57.1, 49, 84, 0.04,325,37.1
2026-03-22 23:45:59, -1.4226,54.8431, 260.9,10029,-55.9,-62.1,-57.7, 46, 79, 0.04,325,37.0
2026-03-22 23:46:01, -1.4218,54.8425, 260.4,10041,-55.9,-62.6,-58.2, 43, 74, 0.03,324,36.8
2026-03-22 23:46:03, -1.4212,54.8420, 259.9,10052,-55.9,-63.2,-58.8, 40, 69, 0.03,324,36.6
2026-03-22 23:46:05, -1.4206,54.8415, 259.5,10062,-55.9,-63.9,-59.4, 37, 63, 0.03,324,36.5
2026-03-22 23:46:07, -1.4200,54.8410, 259.1,10071,-56.0,-64.6,-60.1, 34, 58, 0.03,324,36.3
2026-03-22 23:46:09, -1.4194,54.8405, 258.7,10082,-56.0,-65.3,-60.7, 31, 53, 0.02,324,36.1
2026-03-22 23:46:11, -1.4187,54.8400, 258.2,10094,-56.1,-65.9,-61.3, 29, 50, 0.02,323,35.9
2026-03-22 23:46:13, -1.4179,54.8394, 257.8,10105,-56.2,-66.4,-61.9, 27, 47, 0.02,323,35.7
2026-03-22 23:46:15, -1.4172,54.8389, 257.5,10113,-56.3,-66.8,-62.3, 26, 45, 0.02,323,35.5
2026-03-22 23:46:17, -1.4165,54.8384, 257.1,10121,-56.3,-67.2,-62.6, 25, 43, 0.02,323,35.3
2026-03-22 23:46:19, -1.4159,54.8379, 256.7,10130,-56.3,-67.5,-62.9, 24, 41, 0.02,322,35.0
2026-03-22 23:46:21, -1.4153,54.8374, 256.4,10139,-56.3,-67.8,-63.2, 23, 39, 0.02,322,34.8
2026-03-22 23:46:23, -1.4147,54.8370, 256.0,10148,-56.4,-68.1,-63.5, 22, 38, 0.02,322,34.6
2026-03-22 23:46:25, -1.4140,54.8365, 255.6,10158,-56.4,-68.4,-63.8, 21, 37, 0.02,321,34.4
2026-03-22 23:46:27, -1.4133,54.8360, 255.2,10168,-56.5,-68.8,-64.2, 20, 35, 0.01,321,34.2
2026-03-22 23:46:29, -1.4126,54.8355, 254.8,10178,-56.5,-69.2,-64.6, 19, 33, 0.01,321,34.1
2026-03-22 23:46:31, -1.4120,54.8351, 254.4,10188,-56.6,-69.7,-65.1, 18, 31, 0.01,320,34.0
2026-03-22 23:46:33, -1.4113,54.8346, 254.1,10196,-56.6,-70.3,-65.6, 17, 29, 0.01,320,33.9
2026-03-22 23:46:35, -1.4106,54.8342, 253.8,10205,-56.6,-70.9,-66.2, 15, 27, 0.01,320,33.8
2026-03-22 23:46:37, -1.4099,54.8338, 253.4,10213,-56.6,-71.5,-66.8, 14, 24, 0.01,319,33.9
2026-03-22 23:46:39, -1.4093,54.8333, 253.0,10223,-56.6,-72.0,-67.3, 13, 23, 0.01,319,33.9
2026-03-22 23:46:41, -1.4086,54.8329, 252.6,10233,-56.6,-72.4,-67.7, 12, 21, 0.01,319,34.1
2026-03-22 23:46:43, -1.4078,54.8324, 252.2,10242,-56.5,-72.7,-68.1, 12, 20, 0.01,319,34.2
2026-03-22 23:46:45, -1.4072,54.8320, 251.9,10252,-56.5,-73.0,-68.4, 11, 19, 0.01,319,34.4
2026-03-22 23:46:47, -1.4064,54.8315, 251.4,10263,-56.6,-73.3,-68.6, 11, 19, 0.01,319,34.7
2026-03-22 23:46:49, -1.4057,54.8311, 251.0,10273,-56.6,-73.5,-68.8, 11, 18, 0.01,319,35.0
2026-03-22 23:46:51, -1.4049,54.8306, 250.7,10282,-56.6,-73.6,-68.9, 10, 18, 0.01,319,35.3
2026-03-22 23:46:52, -1.4044,54.8302, 250.3,10292,-56.5,-73.6,-68.9, 10, 18, 0.01,320,35.6
2026-03-22 23:46:53, -1.4042,54.8301, 250.0,10299,-56.3,-73.5,-68.8, 10, 17, 0.01,320,35.6
2026-03-22 23:46:55, -1.4035,54.8296, 249.9,10302,-56.2,-73.5,-68.8, 10, 17, 0.01,320,36.0
2026-03-22 23:46:57, -1.4028,54.8291, 249.5,10312,-55.9,-73.3,-68.6, 10, 17, 0.01,320,36.3
2026-03-22 23:46:59, -1.4020,54.8285, 249.1,10322,-55.8,-73.3,-68.6, 10, 17, 0.01,321,36.6
2026-03-22 23:47:01, -1.4013,54.8280, 248.7,10332,-55.7,-73.2,-68.5, 10, 17, 0.01,321,36.9
2026-03-22 23:47:03, -1.4006,54.8275, 248.3,10343,-55.7,-73.2,-68.5, 10, 17, 0.01,321,37.1
2026-03-22 23:47:05, -1.3999,54.8269, 247.9,10353,-55.6,-73.2,-68.5, 10, 17, 0.01,322,37.4
2026-03-22 23:47:07, -1.3992,54.8264, 247.5,10363,-55.7,-73.1,-68.4, 10, 17, 0.01,322,37.6
2026-03-22 23:47:09, -1.3985,54.8259, 247.1,10374,-55.7,-73.1,-68.4, 10, 17, 0.01,322,37.7
2026-03-22 23:47:11, -1.3977,54.8253, 246.7,10385,-55.7,-73.0,-68.3, 10, 18, 0.01,322,37.9
2026-03-22 23:47:13, -1.3970,54.8248, 246.2,10395,-55.8,-72.9,-68.3, 10, 18, 0.01,323,38.0
2026-03-22 23:47:15, -1.3962,54.8242, 245.9,10405,-55.8,-72.9,-68.2, 11, 18, 0.01,323,38.1
2026-03-22 23:47:17, -1.3955,54.8237, 245.6,10414,-55.9,-72.8,-68.2, 11, 18, 0.01,323,38.2
2026-03-22 23:47:19, -1.3948,54.8231, 245.2,10423,-55.9,-72.8,-68.1, 11, 19, 0.01,324,38.2
2026-03-22 23:47:21, -1.3942,54.8226, 244.9,10431,-55.9,-72.8,-68.1, 11, 19, 0.01,324,38.3
2026-03-22 23:47:23, -1.3935,54.8220, 244.5,10440,-56.0,-72.8,-68.2, 11, 19, 0.01,324,38.4
2026-03-22 23:47:25, -1.3928,54.8214, 244.1,10450,-56.0,-72.9,-68.2, 11, 19, 0.01,324,38.5
2026-03-22 23:47:27, -1.3921,54.8209, 243.7,10461,-56.0,-72.9,-68.2, 11, 19, 0.01,325,38.5
2026-03-22 23:47:29, -1.3914,54.8203, 243.4,10470,-56.0,-72.9,-68.2, 11, 19, 0.01,325,38.6
2026-03-22 23:47:31, -1.3908,54.8197, 243.0,10480,-56.1,-72.9,-68.2, 11, 19, 0.01,325,38.7
2026-03-22 23:47:33, -1.3901,54.8192, 242.6,10490,-56.1,-73.0,-68.3, 11, 19, 0.01,325,38.8
2026-03-22 23:47:35, -1.3894,54.8186, 242.3,10499,-56.1,-73.0,-68.3, 11, 18, 0.01,325,38.8
2026-03-22 23:47:37, -1.3887,54.8180, 241.9,10508,-56.2,-73.1,-68.4, 11, 18, 0.01,326,38.8
2026-03-22 23:47:39, -1.3881,54.8174, 241.5,10519,-56.1,-73.1,-68.4, 11, 18, 0.01,326,38.8
2026-03-22 23:47:41, -1.3874,54.8168, 241.1,10529,-56.1,-73.1,-68.4, 11, 18, 0.01,326,38.8
2026-03-22 23:47:43, -1.3867,54.8162, 240.8,10539,-56.1,-73.1,-68.5, 11, 18, 0.01,326,38.7
2026-03-22 23:47:45, -1.3860,54.8156, 240.4,10549,-56.2,-73.2,-68.5, 10, 18, 0.01,326,38.6
2026-03-22 23:47:47, -1.3853,54.8150, 240.0,10559,-56.2,-73.2,-68.5, 11, 18, 0.01,326,38.4
2026-03-22 23:47:49, -1.3847,54.8145, 239.5,10571,-56.3,-73.2,-68.6, 11, 18, 0.01,326,38.2
2026-03-22 23:47:51, -1.3840,54.8139, 239.2,10581,-56.4,-73.2,-68.6, 11, 18, 0.01,326,38.0
2026-03-22 23:47:53, -1.3834,54.8133, 238.8,10591,-56.5,-73.3,-68.6, 11, 19, 0.01,326,37.8
2026-03-22 23:47:55, -1.3827,54.8128, 238.3,10604,-56.5,-73.3,-68.6, 11, 19, 0.01,326,37.5
2026-03-22 23:47:57, -1.3820,54.8122, 237.8,10618,-56.6,-73.3,-68.6, 11, 19, 0.01,326,37.2
2026-03-22 23:47:59, -1.3815,54.8117, 237.2,10632,-56.7,-73.3,-68.6, 11, 19, 0.01,325,37.0
2026-03-22 23:48:01, -1.3809,54.8112, 236.7,10647,-56.8,-73.4,-68.7, 11, 19, 0.01,325,36.7
2026-03-22 23:48:03, -1.3804,54.8106, 236.2,10661,-56.9,-73.4,-68.8, 11, 19, 0.01,325,36.5
2026-03-22 23:48:05, -1.3797,54.8101, 235.6,10675,-57.1,-73.5,-68.8, 11, 19, 0.01,325,36.2
2026-03-22 23:48:07, -1.3790,54.8096, 235.2,10687,-57.2,-73.5,-68.9, 11, 20, 0.01,324,36.0
2026-03-22 23:48:09, -1.3782,54.8091, 234.9,10696,-57.3,-73.5,-68.9, 11, 20, 0.01,324,35.8
2026-03-22 23:48:11, -1.3775,54.8086, 234.6,10704,-57.3,-73.5,-68.9, 11, 20, 0.01,324,35.7
2026-03-22 23:48:13, -1.3769,54.8081, 234.2,10712,-57.4,-73.5,-68.9, 12, 20, 0.01,324,35.5
2026-03-22 23:48:15, -1.3763,54.8075, 233.9,10722,-57.5,-73.5,-68.8, 12, 20, 0.01,323,35.3
2026-03-22 23:48:17, -1.3756,54.8070, 233.5,10731,-57.6,-73.5,-68.9, 12, 21, 0.01,323,35.2
2026-03-22 23:48:19, -1.3750,54.8066, 233.1,10742,-57.7,-73.5,-68.8, 12, 21, 0.01,323,35.1
2026-03-22 23:48:21, -1.3743,54.8061, 232.8,10752,-57.6,-73.4,-68.8, 12, 21, 0.01,322,34.9
2026-03-22 23:48:23, -1.3736,54.8056, 232.4,10762,-57.6,-73.4,-68.7, 12, 21, 0.01,322,34.8
2026-03-22 23:48:25, -1.3730,54.8051, 232.0,10772,-57.7,-73.4,-68.7, 12, 21, 0.01,322,34.7
2026-03-22 23:48:27, -1.3724,54.8046, 231.7,10781,-57.8,-73.5,-68.8, 12, 21, 0.01,322,34.5
2026-03-22 23:48:29, -1.3717,54.8041, 231.3,10791,-57.8,-73.6,-68.9, 12, 21, 0.01,321,34.4
2026-03-22 23:48:31, -1.3710,54.8036, 231.0,10801,-57.9,-73.7,-69.0, 12, 21, 0.01,321,34.3
2026-03-22 23:48:33, -1.3704,54.8032, 230.6,10812,-57.9,-73.8,-69.1, 12, 21, 0.01,321,34.1
2026-03-22 23:48:35, -1.3697,54.8027, 230.3,10821,-57.9,-73.9,-69.2, 12, 21, 0.01,321,34.0
2026-03-22 23:48:37, -1.3690,54.8022, 229.9,10829,-58.0,-74.1,-69.4, 11, 20, 0.01,320,33.9
2026-03-22 23:48:39, -1.3683,54.8017, 229.6,10839,-58.0,-74.2,-69.5, 11, 20, 0.01,320,33.7
2026-03-22 23:48:41, -1.3676,54.8013, 229.3,10848,-58.0,-74.4,-69.7, 11, 19, 0.01,320,33.6
2026-03-22 23:48:43, -1.3669,54.8009, 229.0,10856,-58.0,-74.5,-69.8, 11, 19, 0.01,320,33.5
2026-03-22 23:48:45, -1.3663,54.8004, 228.6,10865,-57.9,-74.6,-69.9, 11, 19, 0.01,319,33.4
2026-03-22 23:48:47, -1.3656,54.8000, 228.3,10874,-57.9,-74.7,-70.0, 10, 18, 0.01,319,33.3
2026-03-22 23:48:49, -1.3649,54.7995, 228.0,10883,-57.8,-74.8,-70.1, 10, 18, 0.01,319,33.2
2026-03-22 23:48:51, -1.3643,54.7991, 227.7,10892,-57.8,-74.8,-70.1, 10, 18, 0.01,319,33.1
2026-03-22 23:48:53, -1.3636,54.7987, 227.3,10901,-57.7,-74.8,-70.1, 10, 18, 0.01,319,33.1
2026-03-22 23:48:55, -1.3629,54.7982, 227.0,10911,-57.8,-74.8,-70.1, 10, 18, 0.01,319,33.0
2026-03-22 23:48:57, -1.3622,54.7978, 226.6,10922,-57.9,-74.9,-70.2, 10, 18, 0.01,319,33.1
2026-03-22 23:48:59, -1.3615,54.7973, 226.2,10932,-57.9,-74.9,-70.2, 10, 18, 0.01,319,33.1
2026-03-22 23:49:01, -1.3609,54.7969, 225.9,10941,-57.9,-74.9,-70.2, 10, 18, 0.01,319,33.2
2026-03-22 23:49:03, -1.3603,54.7964, 225.6,10949,-58.0,-74.8,-70.1, 10, 18, 0.01,319,33.3
2026-03-22 23:49:05, -1.3596,54.7960, 225.3,10957,-58.0,-74.8,-70.1, 10, 18, 0.01,319,33.4
2026-03-22 23:49:07, -1.3589,54.7955, 225.0,10966,-58.0,-74.8,-70.1, 10, 18, 0.01,319,33.6
2026-03-22 23:49:09, -1.3583,54.7951, 224.7,10974,-58.0,-74.9,-70.2, 10, 18, 0.01,319,33.8
2026-03-22 23:49:11, -1.3575,54.7946, 224.4,10984,-58.1,-74.9,-70.2, 10, 18, 0.01,319,34.0
2026-03-22 23:49:13, -1.3568,54.7941, 224.0,10994,-58.1,-74.9,-70.2, 10, 18, 0.01,319,34.2
2026-03-22 23:49:15, -1.3561,54.7937, 223.6,11004,-58.2,-74.9,-70.2, 10, 18, 0.01,319,34.4
2026-03-22 23:49:17, -1.3554,54.7932, 223.4,11012,-58.2,-74.9,-70.2, 10, 18, 0.01,319,34.7
2026-03-22 23:49:19, -1.3547,54.7927, 223.0,11022,-58.2,-75.0,-70.3, 10, 18, 0.01,319,34.9
2026-03-22 23:49:21, -1.3540,54.7923, 222.7,11032,-58.3,-75.0,-70.3, 10, 18, 0.01,319,35.1
2026-03-22 23:49:23, -1.3533,54.7918, 222.3,11042,-58.3,-75.0,-70.3, 10, 18, 0.01,319,35.3
2026-03-22 23:49:25, -1.3526,54.7913, 221.9,11052,-58.4,-75.1,-70.4, 10, 18, 0.01,319,35.5
2026-03-22 23:49:27, -1.3518,54.7908, 221.7,11060,-58.4,-75.2,-70.5, 10, 18, 0.01,319,35.7
2026-03-22 23:49:29, -1.3511,54.7903, 221.4,11069,-58.4,-75.2,-70.5, 10, 18, 0.01,318,35.9
2026-03-22 23:49:31, -1.3503,54.7898, 221.1,11077,-58.4,-75.2,-70.5, 10, 18, 0.01,318,36.1
2026-03-22 23:49:33, -1.3496,54.7893, 220.8,11086,-58.3,-75.2,-70.5, 10, 18, 0.01,318,36.2
2026-03-22 23:49:35, -1.3488,54.7888, 220.5,11095,-58.3,-75.3,-70.6, 10, 18, 0.01,318,36.4
2026-03-22 23:49:37, -1.3481,54.7883, 220.1,11104,-58.3,-75.3,-70.6, 10, 18, 0.01,317,36.5
2026-03-22 23:49:39, -1.3473,54.7878, 219.8,11113,-58.4,-75.4,-70.7, 10, 18, 0.01,317,36.6
2026-03-22 23:49:41, -1.3465,54.7874, 219.5,11122,-58.4,-75.4,-70.7, 10, 17, 0.01,317,36.8
2026-03-22 23:49:43, -1.3457,54.7869, 219.2,11132,-58.4,-75.5,-70.8, 10, 17, 0.01,317,36.9
2026-03-22 23:49:45, -1.3449,54.7864, 218.8,11142,-58.4,-75.5,-70.8, 10, 17, 0.01,316,37.0
2026-03-22 23:49:47, -1.3441,54.7860, 218.5,11152,-58.4,-75.5,-70.8, 10, 17, 0.01,316,37.2
2026-03-22 23:49:49, -1.3433,54.7855, 218.2,11160,-58.5,-75.6,-70.9, 10, 17, 0.01,316,37.3
2026-03-22 23:49:51, -1.3425,54.7850, 217.9,11169,-58.5,-75.7,-70.9, 10, 17, 0.01,316,37.5
2026-03-22 23:49:53, -1.3417,54.7845, 217.6,11178,-58.5,-75.7,-71.0, 10, 17, 0.01,315,37.6
2026-03-22 23:49:55, -1.3408,54.7840, 217.2,11187,-58.6,-75.8,-71.1, 10, 17, 0.01,315,37.8
2026-03-22 23:49:57, -1.3400,54.7835, 216.9,11196,-58.7,-75.9,-71.1, 10, 17, 0.01,315,38.0
2026-03-22 23:49:59, -1.3392,54.7831, 216.6,11205,-58.7,-75.9,-71.2, 10, 17, 0.01,315,38.1
2026-03-22 23:50:01, -1.3383,54.7826, 216.3,11213,-58.8,-76.0,-71.3, 10, 17, 0.01,315,38.3
2026-03-22 23:50:03, -1.3375,54.7821, 216.0,11223,-58.8,-76.1,-71.4,  9, 17, 0.01,315,38.5
2026-03-22 23:50:05, -1.3366,54.7816, 215.7,11233,-58.8,-76.2,-71.4,  9, 17, 0.01,315,38.7
2026-03-22 23:50:07, -1.3357,54.7811, 215.3,11242,-58.8,-76.2,-71.5,  9, 16, 0.01,315,38.9
2026-03-22 23:50:09, -1.3348,54.7806, 215.1,11250,-58.9,-76.3,-71.6,  9, 16, 0.01,315,39.0
2026-03-22 23:50:11, -1.3339,54.7801, 214.7,11260,-58.9,-76.4,-71.6,  9, 16, 0.01,315,39.2
2026-03-22 23:50:13, -1.3331,54.7796, 214.4,11268,-58.7,-76.3,-71.6,  9, 16, 0.01,315,39.3
2026-03-22 23:50:15, -1.3322,54.7791, 214.1,11277,-58.6,-76.3,-71.6,  9, 16, 0.01,315,39.4
2026-03-22 23:50:17, -1.3314,54.7786, 213.8,11286,-58.6,-76.4,-71.6,  9, 16, 0.01,315,39.5
2026-03-22 23:50:19, -1.3305,54.7781, 213.5,11296,-58.7,-76.4,-71.7,  9, 16, 0.01,314,39.5
2026-03-22 23:50:21, -1.3296,54.7776, 213.2,11306,-58.8,-76.5,-71.8,  9, 16, 0.01,314,39.5
2026-03-22 23:50:23, -1.3287,54.7771, 212.8,11316,-58.8,-76.6,-71.9,  9, 15, 0.01,314,39.5
2026-03-22 23:50:25, -1.3278,54.7766, 212.5,11326,-58.8,-76.7,-72.0,  9, 15, 0.01,314,39.4
2026-03-22 23:50:27, -1.3269,54.7761, 212.2,11335,-58.9,-76.8,-72.1,  9, 15, 0.01,314,39.2
2026-03-22 23:50:29, -1.3261,54.7756, 211.9,11343,-58.9,-76.9,-72.2,  8, 15, 0.01,314,39.0
2026-03-22 23:50:31, -1.3252,54.7751, 211.6,11353,-59.0,-77.1,-72.3,  8, 15, 0.01,314,38.8
2026-03-22 23:50:33, -1.3243,54.7746, 211.1,11365,-59.0,-77.3,-72.6,  8, 14, 0.01,314,38.5
2026-03-22 23:50:35, -1.3234,54.7741, 210.8,11378,-59.1,-77.5,-72.8,  8, 14, 0.01,314,38.2
2026-03-22 23:50:37, -1.3226,54.7737, 210.3,11392,-59.0,-77.8,-73.0,  8, 13, 0.00,314,37.9
2026-03-22 23:50:39, -1.3218,54.7732, 209.7,11407,-58.8,-77.8,-73.1,  7, 13, 0.00,314,37.5
2026-03-22 23:50:41, -1.3210,54.7728, 209.3,11419,-58.8,-78.1,-73.4,  7, 12, 0.00,314,37.1
2026-03-22 23:50:43, -1.3200,54.7724, 208.9,11432,-58.6,-78.2,-73.5,  7, 12, 0.00,314,36.7
2026-03-22 23:50:45, -1.3192,54.7719, 208.4,11448,-58.5,-78.5,-73.7,  6, 11, 0.00,313,36.3
2026-03-22 23:50:47, -1.3184,54.7715, 207.9,11463,-58.5,-78.7,-74.0,  6, 11, 0.00,313,35.8
2026-03-22 23:50:49, -1.3178,54.7711, 207.5,11476,-58.5,-78.9,-74.1,  6, 11, 0.00,313,35.4
2026-03-22 23:50:51, -1.3170,54.7706, 207.1,11487,-58.6,-79.1,-74.3,  6, 10, 0.00,313,35.0
2026-03-22 23:50:53, -1.3162,54.7701, 206.8,11497,-58.7,-79.3,-74.5,  6, 10, 0.00,313,34.7
2026-03-22 23:50:55, -1.3154,54.7697, 206.4,11507,-58.7,-79.4,-74.6,  6, 10, 0.00,313,34.3
2026-03-22 23:50:57, -1.3147,54.7693, 206.1,11517,-58.8,-79.5,-74.7,  6, 10, 0.00,313,34.0
2026-03-22 23:50:59, -1.3139,54.7690, 205.8,11526,-58.8,-79.5,-74.8,  6, 10, 0.00,313,33.7
2026-03-22 23:51:01, -1.3132,54.7686, 205.5,11535,-58.8,-79.6,-74.8,  6, 10, 0.00,313,33.4
2026-03-22 23:51:03, -1.3124,54.7682, 205.2,11544,-58.8,-79.6,-74.8,  6, 10, 0.00,313,33.2
2026-03-22 23:51:05, -1.3117,54.7678, 204.9,11553,-58.8,-79.6,-74.9,  6, 10, 0.00,313,33.0
2026-03-22 23:51:07, -1.3109,54.7674, 204.6,11562,-58.8,-79.6,-74.8,  6, 10, 0.00,313,32.8
2026-03-22 23:51:09, -1.3102,54.7670, 204.3,11571,-58.8,-79.5,-74.8,  6, 10, 0.00,313,32.6
2026-03-22 23:51:11, -1.3094,54.7666, 204.0,11580,-58.8,-79.5,-74.7,  6, 10, 0.00,313,32.4
2026-03-22 23:51:13, -1.3087,54.7662, 203.7,11590,-58.8,-79.5,-74.7,  6, 10, 0.00,312,32.2
2026-03-22 23:51:15, -1.3080,54.7658, 203.4,11600,-58.9,-79.5,-74.8,  6, 10, 0.00,312,32.0
2026-03-22 23:51:17, -1.3073,54.7654, 203.0,11611,-59.0,-79.6,-74.8,  6, 10, 0.00,312,31.8
2026-03-22 23:51:19, -1.3065,54.7650, 202.7,11622,-59.0,-79.6,-74.8,  6, 10, 0.00,312,31.6
2026-03-22 23:51:21, -1.3058,54.7647, 202.3,11634,-59.0,-79.6,-74.9,  6, 10, 0.00,312,31.4
2026-03-22 23:51:23, -1.3051,54.7643, 201.9,11646,-59.0,-79.7,-74.9,  6, 10, 0.00,312,31.2
2026-03-22 23:51:25, -1.3044,54.7639, 201.6,11655,-58.9,-79.6,-74.9,  6, 10, 0.00,311,30.9
2026-03-22 23:51:27, -1.3037,54.7635, 201.3,11665,-58.8,-79.6,-74.9,  6, 10, 0.00,311,30.7
2026-03-22 23:51:29, -1.3030,54.7632, 201.0,11675,-58.8,-79.7,-74.9,  5, 10, 0.00,311,30.4
2026-03-22 23:51:31, -1.3023,54.7629, 200.8,11682,-58.9,-79.8,-75.0,  5, 10, 0.00,311,30.1
2026-03-22 23:51:33, -1.3016,54.7625, 200.5,11692,-58.9,-79.8,-75.1,  5, 10, 0.00,310,29.9
2026-03-22 23:51:34, -1.3013,54.7624, 200.1,11702,-58.9,-79.9,-75.2,  5,  9, 0.00,310,29.7
2026-03-22 23:51:35, -1.3009,54.7622, 200.0,11706,-58.9,-79.9,-75.2,  5,  9, 0.00,309,29.4
2026-03-22 23:51:37, -1.3002,54.7619, 199.9,11711,-59.0,-80.0,-75.2,  5,  9, 0.00,309,29.4
2026-03-22 23:51:39, -1.2995,54.7615, 199.5,11721,-59.0,-80.1,-75.3,  5,  9, 0.00,309,29.2
2026-03-22 23:51:41, -1.2988,54.7612, 199.2,11731,-59.0,-80.1,-75.3,  5,  9, 0.00,309,29.1
2026-03-22 23:51:43, -1.2981,54.7609, 198.9,11739,-59.0,-80.2,-75.4,  5,  9, 0.00,308,28.9
2026-03-22 23:51:45, -1.2974,54.7606, 198.7,11746,-59.1,-80.2,-75.5,  5,  9, 0.00,308,28.8
2026-03-22 23:51:47, -1.2967,54.7603, 198.5,11753,-59.1,-80.3,-75.5,  5,  9, 0.00,308,28.7
2026-03-22 23:51:49, -1.2960,54.7600, 198.3,11760,-59.1,-80.3,-75.6,  5,  9, 0.00,308,28.6
2026-03-22 23:51:51, -1.2953,54.7597, 198.0,11769,-59.1,-80.4,-75.6,  5,  9, 0.00,308,28.5
2026-03-22 23:51:53, -1.2946,54.7594, 197.7,11778,-59.0,-80.3,-75.6,  5,  9, 0.00,308,28.5
2026-03-22 23:51:55, -1.2939,54.7591, 197.4,11788,-58.9,-80.3,-75.6,  5,  9, 0.00,308,28.5
2026-03-22 23:51:57, -1.2932,54.7588, 197.0,11798,-58.9,-80.4,-75.7,  5,  9, 0.00,308,28.5
2026-03-22 23:51:59, -1.2925,54.7585, 196.8,11806,-58.9,-80.6,-75.8,  5,  9, 0.00,308,28.5
2026-03-22 23:52:01, -1.2918,54.7582, 196.6,11814,-59.0,-80.7,-76.0,  5,  8, 0.00,308,28.6
2026-03-22 23:52:03, -1.2911,54.7579, 196.3,11824,-59.0,-80.8,-76.1,  5,  8, 0.00,309,28.7
2026-03-22 23:52:05, -1.2904,54.7576, 195.9,11834,-58.9,-80.9,-76.2,  5,  8, 0.00,309,28.8
2026-03-22 23:52:07, -1.2897,54.7572, 195.7,11842,-58.9,-81.0,-76.3,  4,  8, 0.00,309,28.9
2026-03-22 23:52:09, -1.2890,54.7569, 195.4,11851,-58.7,-81.1,-76.3,  4,  8, 0.00,310,29.0
2026-03-22 23:52:11, -1.2884,54.7566, 195.2,11859,-58.6,-81.1,-76.4,  4,  7, 0.00,310,29.2
2026-03-22 23:52:13, -1.2877,54.7562, 194.9,11867,-58.5,-81.2,-76.4,  4,  7, 0.00,311,29.3
2026-03-22 23:52:15, -1.2870,54.7559, 194.6,11876,-58.3,-81.2,-76.4,  4,  7, 0.00,311,29.4
2026-03-22 23:52:17, -1.2863,54.7555, 194.4,11885,-58.2,-81.3,-76.5,  4,  7, 0.00,311,29.5
2026-03-22 23:52:19, -1.2856,54.7551, 194.1,11894,-58.2,-81.4,-76.7,  4,  7, 0.00,312,29.6
2026-03-22 23:52:21, -1.2849,54.7548, 193.8,11902,-58.2,-81.6,-76.8,  4,  7, 0.00,312,29.7
2026-03-22 23:52:23, -1.2842,54.7544, 193.6,11910,-58.1,-81.7,-76.9,  4,  6, 0.00,312,29.7
2026-03-22 23:52:25, -1.2835,54.7540, 193.3,11919,-58.0,-81.7,-77.0,  4,  6, 0.00,313,29.7
2026-03-22 23:52:27, -1.2828,54.7536, 193.0,11927,-57.9,-81.8,-77.0,  4,  6, 0.00,313,29.6
2026-03-22 23:52:29, -1.2822,54.7532, 192.8,11936,-57.8,-81.9,-77.1,  3,  6, 0.00,313,29.5
2026-03-22 23:52:31, -1.2815,54.7528, 192.5,11944,-57.7,-81.9,-77.2,  3,  6, 0.00,313,29.3
2026-03-22 23:52:33, -1.2808,54.7525, 192.3,11953,-57.5,-82.0,-77.2,  3,  6, 0.00,313,29.1
2026-03-22 23:52:35, -1.2802,54.7521, 192.0,11963,-57.5,-82.1,-77.3,  3,  6, 0.00,313,28.9
2026-03-22 23:52:37, -1.2796,54.7518, 191.7,11973,-57.4,-82.2,-77.4,  3,  5, 0.00,313,28.6
2026-03-22 23:52:39, -1.2789,54.7514, 191.4,11982,-57.4,-82.3,-77.6,  3,  5, 0.00,313,28.4
2026-03-22 23:52:41, -1.2783,54.7511, 191.1,11991,-57.1,-82.3,-77.5,  3,  5, 0.00,313,28.1
2026-03-22 23:52:43, -1.2777,54.7508, 190.9,11999,-56.9,-82.2,-77.5,  3,  5, 0.00,313,27.8
2026-03-22 23:52:45, -1.2772,54.7505, 190.6,12008,-56.9,-82.3,-77.6,  3,  5, 0.00,313,27.6
2026-03-22 23:52:47, -1.2766,54.7501, 190.3,12017,-56.9,-82.4,-77.7,  3,  5, 0.00,313,27.4
2026-03-22 23:52:49, -1.2759,54.7498, 190.1,12026,-56.9,-82.5,-77.8,  3,  5, 0.00,312,27.1
2026-03-22 23:52:51, -1.2753,54.7495, 189.8,12035,-57.0,-82.7,-77.9,  3,  5, 0.00,312,26.9
2026-03-22 23:52:53, -1.2747,54.7492, 189.5,12045,-57.0,-82.8,-78.0,  3,  5, 0.00,312,26.8
2026-03-22 23:52:55, -1.2741,54.7489, 189.2,12055,-57.0,-82.9,-78.1,  3,  5, 0.00,312,26.6
2026-03-22 23:52:57, -1.2735,54.7485, 188.9,12064,-56.8,-82.8,-78.1,  3,  4, 0.00,311,26.4
2026-03-22 23:52:59, -1.2728,54.7482, 188.7,12073,-56.5,-82.7,-78.0,  3,  4, 0.00,311,26.2
2026-03-22 23:53:01, -1.2722,54.7479, 188.4,12081,-56.5,-82.8,-78.0,  3,  4, 0.00,311,26.0
2026-03-22 23:53:03, -1.2716,54.7476, 188.2,12090,-56.4,-82.8,-78.1,  2,  4, 0.00,310,25.9
2026-03-22 23:53:05, -1.2709,54.7473, 187.9,12099,-56.4,-82.9,-78.1,  2,  4, 0.00,310,25.7
2026-03-22 23:53:07, -1.2703,54.7471, 187.7,12107,-56.4,-83.0,-78.2,  2,  4, 0.00,309,25.5
2026-03-22 23:53:09, -1.2698,54.7468, 187.4,12116,-56.5,-83.0,-78.3,  2,  4, 0.00,309,25.3
2026-03-22 23:53:11, -1.2692,54.7465, 187.1,12126,-56.5,-83.0,-78.3,  2,  4, 0.00,309,25.1
2026-03-22 23:53:13, -1.2686,54.7463, 186.8,12135,-56.4,-83.0,-78.2,  2,  4, 0.00,308,24.9
2026-03-22 23:53:15, -1.2680,54.7460, 186.5,12145,-56.4,-83.0,-78.3,  2,  4, 0.00,308,24.7
2026-03-22 23:53:17, -1.2674,54.7458, 186.2,12155,-56.4,-83.0,-78.3,  2,  4, 0.00,307,24.5
2026-03-22 23:53:19, -1.2668,54.7455, 186.0,12164,-56.5,-83.0,-78.3,  2,  4, 0.00,307,24.3
2026-03-22 23:53:21, -1.2662,54.7452, 185.7,12174,-56.5,-83.0,-78.3,  2,  4, 0.00,306,24.1
2026-03-22 23:53:23, -1.2656,54.7450, 185.4,12183,-56.5,-83.0,-78.3,  2,  4, 0.00,306,23.9
2026-03-22 23:53:25, -1.2649,54.7447, 185.2,12191,-56.6,-83.0,-78.3,  2,  4, 0.00,305,23.7
2026-03-22 23:53:27, -1.2643,54.7445, 184.9,12202,-56.6,-83.0,-78.3,  2,  4, 0.00,305,23.5
2026-03-22 23:53:29, -1.2637,54.7443, 184.6,12212,-56.7,-83.0,-78.3,  2,  4, 0.00,304,23.4
2026-03-22 23:53:31, -1.2631,54.7440, 184.3,12220,-56.8,-83.1,-78.3,  2,  4, 0.00,303,23.2
2026-03-22 23:53:33, -1.2625,54.7438, 184.1,12229,-56.9,-83.1,-78.3,  3,  4, 0.00,303,23.0
2026-03-22 23:53:35, -1.2619,54.7436, 183.8,12238,-57.0,-83.1,-78.4,  3,  4, 0.00,302,22.8
2026-03-22 23:53:37, -1.2614,54.7434, 183.5,12249,-57.0,-83.2,-78.4,  3,  4, 0.00,302,22.7
2026-03-22 23:53:39, -1.2608,54.7432, 183.2,12260,-57.0,-83.2,-78.4,  3,  4, 0.00,301,22.5
2026-03-22 23:53:41, -1.2602,54.7430, 182.9,12269,-57.0,-83.1,-78.4,  3,  4, 0.00,301,22.4
2026-03-22 23:53:43, -1.2596,54.7428, 182.7,12277,-56.9,-83.1,-78.3,  3,  4, 0.00,300,22.3
2026-03-22 23:53:45, -1.2590,54.7426, 182.4,12286,-57.0,-83.1,-78.4,  3,  4, 0.00,300,22.2
2026-03-22 23:53:47, -1.2584,54.7424, 182.2,12295,-57.0,-83.2,-78.4,  3,  4, 0.00,300,22.1
2026-03-22 23:53:49, -1.2578,54.7422, 181.9,12304,-57.0,-83.2,-78.5,  2,  4, 0.00,300,22.0
2026-03-22 23:53:51, -1.2572,54.7421, 181.7,12313,-57.1,-83.3,-78.6,  2,  4, 0.00,299,21.9
2026-03-22 23:53:53, -1.2566,54.7419, 181.4,12323,-57.1,-83.4,-78.6,  2,  4, 0.00,299,21.9
2026-03-22 23:53:55, -1.2560,54.7417, 181.1,12331,-57.1,-83.4,-78.7,  2,  4, 0.00,299,21.8
2026-03-22 23:53:57, -1.2554,54.7415, 180.9,12340,-57.0,-83.4,-78.7,  2,  4, 0.00,299,21.8
2026-03-22 23:53:59, -1.2548,54.7413, 180.6,12350,-56.8,-83.4,-78.6,  2,  4, 0.00,299,21.8
2026-03-22 23:54:01, -1.2543,54.7411, 180.3,12359,-56.8,-83.4,-78.7,  2,  4, 0.00,299,21.8
2026-03-22 23:54:03, -1.2537,54.7409, 180.1,12369,-56.7,-83.5,-78.7,  2,  4, 0.00,300,21.8
2026-03-22 23:54:05, -1.2532,54.7407, 179.8,12377,-56.7,-83.5,-78.8,  2,  4, 0.00,300,21.8
2026-03-22 23:54:07, -1.2526,54.7406, 179.6,12386,-56.7,-83.6,-78.8,  2,  4, 0.00,300,21.8
2026-03-22 23:54:09, -1.2519,54.7404, 179.3,12396,-56.7,-83.6,-78.9,  2,  4, 0.00,300,21.8
2026-03-22 23:54:11, -1.2513,54.7402, 179.0,12406,-56.7,-83.7,-78.9,  2,  4, 0.00,300,21.9
2026-03-22 23:54:13, -1.2507,54.7400, 178.8,12415,-56.7,-83.7,-78.9,  2,  4, 0.00,300,22.0
2026-03-22 23:54:15, -1.2502,54.7398, 178.5,12423,-56.7,-83.7,-78.9,  2,  4, 0.00,300,22.0
2026-03-22 23:54:17, -1.2496,54.7396, 178.3,12432,-56.6,-83.7,-78.9,  2,  4, 0.00,300,22.1
2026-03-22 23:54:19, -1.2490,54.7394, 178.0,12442,-56.7,-83.7,-79.0,  2,  4, 0.00,300,22.2
2026-03-22 23:54:21, -1.2484,54.7391, 177.7,12452,-56.7,-83.8,-79.0,  2,  4, 0.00,301,22.3
2026-03-22 23:54:23, -1.2478,54.7389, 177.4,12463,-56.6,-83.7,-78.9,  2,  4, 0.00,301,22.4
2026-03-22 23:54:25, -1.2472,54.7387, 177.1,12473,-56.5,-83.7,-78.9,  2,  4, 0.00,301,22.5
2026-03-22 23:54:27, -1.2466,54.7385, 176.9,12482,-56.6,-83.7,-79.0,  2,  4, 0.00,301,22.6
2026-03-22 23:54:29, -1.2460,54.7383, 176.6,12490,-56.5,-83.7,-79.0,  2,  4, 0.00,301,22.6
2026-03-22 23:54:31, -1.2454,54.7381, 176.4,12500,-56.6,-83.8,-79.0,  2,  4, 0.00,302,22.7
2026-03-22 23:54:33, -1.2448,54.7379, 176.0,12511,-56.6,-83.9,-79.1,  2,  4, 0.00,302,22.8
2026-03-22 23:54:35, -1.2442,54.7377, 175.8,12521,-56.7,-83.9,-79.2,  2,  4, 0.00,302,22.8
2026-03-22 23:54:37, -1.2436,54.7375, 175.6,12529,-56.8,-84.0,-79.3,  2,  4, 0.00,303,22.8
2026-03-22 23:54:39, -1.2430,54.7372, 175.3,12538,-56.8,-84.1,-79.4,  2,  4, 0.00,303,22.8
2026-03-22 23:54:41, -1.2424,54.7370, 175.0,12548,-56.8,-84.2,-79.4,  2,  4, 0.00,303,22.8
2026-03-22 23:54:43, -1.2418,54.7368, 174.7,12559,-56.6,-84.1,-79.4,  2,  4, 0.00,304,22.8
2026-03-22 23:54:45, -1.2412,54.7365, 174.4,12570,-56.5,-84.1,-79.3,  2,  4, 0.00,304,22.8
2026-03-22 23:54:47, -1.2406,54.7363, 174.1,12581,-56.4,-84.1,-79.3,  2,  3, 0.00,305,22.7
2026-03-22 23:54:49, -1.2401,54.7361, 173.9,12591,-56.3,-84.1,-79.3,  2,  3, 0.00,305,22.6
2026-03-22 23:54:51, -1.2395,54.7359, 173.6,12601,-56.3,-84.1,-79.4,  2,  3, 0.00,306,22.5
2026-03-22 23:54:53, -1.2389,54.7356, 173.3,12610,-56.2,-84.2,-79.4,  2,  3, 0.00,306,22.5
2026-03-22 23:54:55, -1.2384,54.7354, 173.1,12620,-56.2,-84.2,-79.4,  2,  3, 0.00,306,22.4
2026-03-22 23:54:57, -1.2378,54.7351, 172.8,12630,-56.2,-84.2,-79.4,  2,  3, 0.00,307,22.3
2026-03-22 23:54:59, -1.2373,54.7349, 172.6,12638,-56.1,-84.2,-79.4,  2,  3, 0.00,307,22.2
2026-03-22 23:55:01, -1.2368,54.7347, 172.3,12647,-56.2,-84.2,-79.4,  2,  3, 0.00,308,22.1
2026-03-22 23:55:03, -1.2363,54.7344, 172.0,12658,-56.2,-84.2,-79.5,  2,  3, 0.00,308,22.0
2026-03-22 23:55:05, -1.2358,54.7341, 171.8,12668,-56.2,-84.3,-79.5,  2,  3, 0.00,308,21.9
2026-03-22 23:55:07, -1.2352,54.7339, 171.5,12679,-56.2,-84.2,-79.5,  2,  3, 0.00,309,21.8
2026-03-22 23:55:09, -1.2347,54.7337, 171.1,12690,-56.3,-84.2,-79.5,  2,  3, 0.00,309,21.7
2026-03-22 23:55:11, -1.2342,54.7334, 170.9,12700,-56.3,-84.2,-79.5,  2,  3, 0.00,309,21.6
2026-03-22 23:55:13, -1.2337,54.7332, 170.6,12709,-56.4,-84.2,-79.5,  2,  3, 0.00,310,21.4
2026-03-22 23:55:15, -1.2331,54.7329, 170.4,12719,-56.4,-84.3,-79.5,  2,  3, 0.00,310,21.3
2026-03-22 23:55:17, -1.2326,54.7327, 170.1,12729,-56.5,-84.3,-79.6,  2,  3, 0.00,310,21.1
2026-03-22 23:55:19, -1.2321,54.7324, 169.9,12738,-56.6,-84.4,-79.6,  2,  3, 0.00,310,20.9
2026-03-22 23:55:21, -1.2317,54.7322, 169.6,12749,-56.7,-84.4,-79.7,  2,  3, 0.00,310,20.6
2026-03-22 23:55:23, -1.2312,54.7319, 169.3,12759,-56.8,-84.5,-79.7,  2,  3, 0.00,310,20.3
2026-03-22 23:55:25, -1.2307,54.7317, 169.0,12770,-56.8,-84.4,-79.7,  2,  3, 0.00,310,20.0
2026-03-22 23:55:27, -1.2302,54.7315, 168.7,12781,-56.7,-84.4,-79.6,  2,  3, 0.00,310,19.7
2026-03-22 23:55:29, -1.2297,54.7312, 168.4,12791,-56.8,-84.4,-79.7,  2,  3, 0.00,310,19.3
2026-03-22 23:55:31, -1.2293,54.7310, 168.2,12800,-56.8,-84.5,-79.7,  2,  3, 0.00,310,18.9
2026-03-22 23:55:33, -1.2289,54.7308, 167.9,12811,-56.9,-84.6,-79.8,  2,  3, 0.00,310,18.6
2026-03-22 23:55:35, -1.2285,54.7306, 167.6,12824,-57.0,-84.7,-79.9,  2,  3, 0.00,310,18.2
2026-03-22 23:55:37, -1.2281,54.7304, 167.3,12835,-57.0,-84.7,-79.9,  2,  3, 0.00,310,17.8
2026-03-22 23:55:39, -1.2277,54.7302, 167.0,12846,-56.9,-84.6,-79.8,  2,  3, 0.00,309,17.5
2026-03-22 23:55:41, -1.2273,54.7300, 166.7,12856,-56.8,-84.5,-79.8,  2,  3, 0.00,309,17.2
2026-03-22 23:55:43, -1.2269,54.7298, 166.5,12867,-56.8,-84.5,-79.8,  2,  3, 0.00,308,17.0
2026-03-22 23:55:45, -1.2266,54.7297, 166.1,12879,-56.7,-84.5,-79.7,  2,  3, 0.00,308,16.8
2026-03-22 23:55:47, -1.2262,54.7295, 165.8,12890,-56.6,-84.4,-79.6,  2,  3, 0.00,307,16.6
2026-03-22 23:55:49, -1.2258,54.7294, 165.6,12899,-56.7,-84.4,-79.7,  2,  3, 0.00,307,16.5
2026-03-22 23:55:51, -1.2253,54.7292, 165.4,12909,-56.8,-84.5,-79.7,  2,  3, 0.00,306,16.4
2026-03-22 23:55:53, -1.2249,54.7290, 165.0,12922,-56.8,-84.5,-79.8,  2,  3, 0.00,306,16.4
2026-03-22 23:55:55, -1.2245,54.7288, 164.7,12934,-56.9,-84.6,-79.8,  2,  3, 0.00,305,16.4
2026-03-22 23:55:57, -1.2241,54.7287, 164.4,12944,-57.0,-84.6,-79.9,  2,  3, 0.00,304,16.4
2026-03-22 23:55:59, -1.2237,54.7285, 164.1,12955,-57.1,-84.7,-79.9,  2,  3, 0.00,304,16.4
2026-03-22 23:56:01, -1.2232,54.7283, 163.9,12964,-57.2,-84.7,-80.0,  2,  4, 0.00,303,16.4
2026-03-22 23:56:03, -1.2228,54.7282, 163.7,12974,-57.3,-84.7,-80.0,  2,  4, 0.00,302,16.4
2026-03-22 23:56:05, -1.2223,54.7280, 163.4,12985,-57.4,-84.7,-80.0,  2,  4, 0.00,302,16.5
2026-03-22 23:56:07, -1.2219,54.7279, 163.1,12997,-57.5,-84.7,-80.0,  2,  4, 0.00,302,16.5
2026-03-22 23:56:09, -1.2215,54.7278, 162.8,13008,-57.5,-84.8,-80.0,  2,  4, 0.00,301,16.6
2026-03-22 23:56:11, -1.2211,54.7276, 162.5,13018,-57.6,-84.8,-80.0,  2,  4, 0.00,301,16.6
2026-03-22 23:56:13, -1.2206,54.7275, 162.3,13028,-57.7,-84.8,-80.1,  2,  4, 0.00,301,16.7
2026-03-22 23:56:15, -1.2201,54.7273, 162.0,13039,-57.8,-84.9,-80.1,  2,  4, 0.00,300,16.7
2026-03-22 23:56:17, -1.2196,54.7272, 161.7,13051,-57.9,-84.9,-80.1,  2,  4, 0.00,300,16.8
2026-03-22 23:56:19, -1.2192,54.7270, 161.4,13061,-57.9,-84.9,-80.2,  2,  4, 0.00,300,16.9
2026-03-22 23:56:21, -1.2188,54.7269, 161.2,13070,-57.8,-84.9,-80.1,  2,  4, 0.00,300,16.9
2026-03-22 23:56:23, -1.2184,54.7267, 160.9,13082,-57.6,-84.8,-80.0,  2,  4, 0.00,300,17.0
2026-03-22 23:56:25, -1.2179,54.7265, 160.6,13091,-57.5,-84.7,-79.9,  2,  4, 0.00,300,17.1
2026-03-22 23:56:27, -1.2174,54.7264, 160.5,13099,-57.5,-84.7,-80.0,  2,  4, 0.00,300,17.2
2026-03-22 23:56:29, -1.2169,54.7262, 160.1,13110,-57.5,-84.8,-80.0,  2,  4, 0.00,300,17.3
2026-03-22 23:56:31, -1.2164,54.7261, 159.9,13121,-57.5,-84.8,-80.1,  2,  4, 0.00,300,17.4
2026-03-22 23:56:33, -1.2160,54.7259, 159.7,13129,-57.5,-84.9,-80.1,  2,  4, 0.00,300,17.5
2026-03-22 23:56:35, -1.2155,54.7258, 159.5,13137,-57.5,-84.9,-80.2,  2,  4, 0.00,300,17.6
2026-03-22 23:56:37, -1.2151,54.7256, 159.3,13145,-57.4,-84.9,-80.1,  2,  3, 0.00,300,17.8
2026-03-22 23:56:39, -1.2146,54.7255, 159.0,13154,-57.2,-84.8,-80.1,  2,  3, 0.00,300,17.9
2026-03-22 23:56:41, -1.2141,54.7253, 158.8,13165,-57.2,-84.9,-80.1,  2,  3, 0.00,301,18.0
2026-03-22 23:56:43, -1.2136,54.7252, 158.5,13175,-57.0,-84.9,-80.1,  2,  3, 0.00,301,18.2
2026-03-22 23:56:45, -1.2131,54.7250, 158.3,13186,-56.6,-84.6,-79.9,  2,  3, 0.00,302,18.4
2026-03-22 23:56:47, -1.2126,54.7248, 158.0,13196,-56.5,-84.6,-79.9,  2,  3, 0.00,302,18.5
2026-03-22 23:56:49, -1.2121,54.7246, 157.8,13206,-56.5,-84.7,-79.9,  2,  3, 0.00,303,18.7
2026-03-22 23:56:51, -1.2116,54.7244, 157.5,13216,-56.4,-84.7,-80.0,  2,  3, 0.00,303,18.8
2026-03-22 23:56:53, -1.2111,54.7242, 157.2,13227,-56.3,-84.7,-79.9,  2,  3, 0.00,304,18.9
2026-03-22 23:56:55, -1.2106,54.7240, 157.0,13237,-56.2,-84.7,-79.9,  2,  3, 0.00,305,19.1
2026-03-22 23:56:57, -1.2102,54.7239, 156.8,13246,-56.1,-84.6,-79.8,  2,  3, 0.00,305,19.1
2026-03-22 23:56:59, -1.2097,54.7237, 156.6,13254,-56.1,-84.6,-79.9,  2,  3, 0.00,306,19.2
2026-03-22 23:57:01, -1.2092,54.7234, 156.3,13263,-56.2,-84.7,-79.9,  2,  3, 0.00,307,19.2
2026-03-22 23:57:03, -1.2087,54.7232, 156.2,13271,-56.3,-84.8,-80.0,  2,  3, 0.00,307,19.2
2026-03-22 23:57:05, -1.2082,54.7230, 155.9,13280,-56.4,-84.8,-80.1,  2,  3, 0.00,308,19.1
2026-03-22 23:57:07, -1.2077,54.7227, 155.6,13291,-56.4,-84.8,-80.1,  2,  3, 0.00,309,19.0
2026-03-22 23:57:09, -1.2073,54.7225, 155.4,13303,-56.4,-84.9,-80.1,  2,  3, 0.00,309,18.9
2026-03-22 23:57:11, -1.2069,54.7223, 155.1,13312,-56.4,-84.8,-80.1,  2,  3, 0.00,310,18.8
2026-03-22 23:57:13, -1.2064,54.7221, 154.9,13321,-56.3,-84.8,-80.0,  2,  3, 0.00,310,18.6
2026-03-22 23:57:15, -1.2060,54.7219, 154.7,13329,-56.2,-84.8,-80.0,  2,  3, 0.00,310,18.5
2026-03-22 23:57:17, -1.2056,54.7217, 154.5,13339,-56.2,-84.7,-80.0,  2,  3, 0.00,310,18.3
2026-03-22 23:57:19, -1.2052,54.7215, 154.2,13349,-56.1,-84.8,-80.0,  2,  3, 0.00,310,18.1
2026-03-22 23:57:21, -1.2048,54.7212, 154.0,13359,-56.1,-84.8,-80.0,  2,  3, 0.00,310,18.0
2026-03-22 23:57:23, -1.2044,54.7210, 153.8,13368,-56.1,-84.8,-80.1,  2,  3, 0.00,310,17.8
2026-03-22 23:57:25, -1.2041,54.7208, 153.6,13377,-56.2,-84.9,-80.2,  2,  3, 0.00,310,17.7
2026-03-22 23:57:27, -1.2037,54.7206, 153.4,13385,-56.1,-84.9,-80.2,  2,  3, 0.00,309,17.6
2026-03-22 23:57:29, -1.2032,54.7204, 153.2,13394,-55.9,-84.9,-80.1,  2,  3, 0.00,309,17.5
2026-03-22 23:57:31, -1.2028,54.7203, 152.9,13403,-55.7,-84.8,-80.0,  2,  3, 0.00,308,17.5
2026-03-22 23:57:33, -1.2024,54.7201, 152.7,13411,-55.3,-84.6,-79.9,  2,  3, 0.00,307,17.4
2026-03-22 23:57:35, -1.2019,54.7199, 152.5,13421,-55.2,-84.6,-79.8,  2,  3, 0.00,306,17.3
2026-03-22 23:57:37, -1.2014,54.7197, 152.3,13430,-55.1,-84.6,-79.8,  2,  3, 0.00,306,17.3
2026-03-22 23:57:39, -1.2010,54.7195, 152.1,13438,-55.2,-84.6,-79.9,  2,  3, 0.00,305,17.2
2026-03-22 23:57:41, -1.2005,54.7194, 151.8,13448,-55.2,-84.7,-79.9,  2,  3, 0.00,304,17.1
2026-03-22 23:57:43, -1.2001,54.7192, 151.7,13457,-55.3,-84.7,-80.0,  2,  3, 0.00,303,17.0
2026-03-22 23:57:45, -1.1996,54.7191, 151.4,13466,-55.3,-84.8,-80.0,  2,  3, 0.00,302,16.8
2026-03-22 23:57:47, -1.1992,54.7189, 151.2,13476,-55.4,-84.8,-80.1,  2,  3, 0.00,302,16.6
2026-03-22 23:57:49, -1.1987,54.7187, 151.0,13485,-55.5,-84.9,-80.1,  2,  3, 0.00,301,16.4
2026-03-22 23:57:51, -1.1983,54.7186, 150.7,13497,-55.5,-84.9,-80.1,  2,  3, 0.00,300,16.1
2026-03-22 23:57:53, -1.1978,54.7185, 150.4,13510,-55.6,-84.9,-80.2,  2,  3, 0.00,299,15.8
2026-03-22 23:57:54, -1.1976,54.7184, 150.1,13522,-55.5,-84.9,-80.2,  2,  3, 0.00,299,15.6
2026-03-22 23:57:55, -1.1974,54.7183, 150.0,13527,-55.5,-84.9,-80.2,  2,  3, 0.00,298,15.3
2026-03-22 23:57:57, -1.1970,54.7182, 149.8,13534,-55.5,-84.9,-80.1,  2,  3, 0.00,298,15.3
2026-03-22 23:57:59, -1.1966,54.7181, 149.5,13549,-55.1,-84.6,-79.9,  2,  3, 0.00,297,15.1
2026-03-22 23:58:01, -1.1963,54.7180, 149.1,13563,-54.8,-84.4,-79.6,  2,  3, 0.00,296,14.9
2026-03-22 23:58:03, -1.1959,54.7179, 148.9,13573,-54.8,-84.4,-79.7,  2,  3, 0.00,295,14.7
2026-03-22 23:58:05, -1.1956,54.7178, 148.7,13583,-54.9,-84.5,-79.8,  2,  3, 0.00,294,14.6
2026-03-22 23:58:07, -1.1952,54.7177, 148.4,13594,-54.9,-84.6,-79.8,  2,  3, 0.00,293,14.6
2026-03-22 23:58:09, -1.1947,54.7176, 148.2,13603,-54.8,-84.5,-79.7,  2,  3, 0.00,292,14.6
2026-03-22 23:58:11, -1.1943,54.7176, 148.0,13612,-54.8,-84.5,-79.7,  2,  3, 0.00,292,14.6
2026-03-22 23:58:13, -1.1938,54.7175, 147.8,13622,-54.7,-84.4,-79.7,  2,  3, 0.00,291,14.7
2026-03-22 23:58:15, -1.1934,54.7174, 147.6,13631,-54.6,-84.4,-79.6,  2,  3, 0.00,291,14.8
2026-03-22 23:58:17, -1.1929,54.7173, 147.4,13640,-54.6,-84.4,-79.6,  2,  3, 0.00,291,14.9
2026-03-22 23:58:19, -1.1925,54.7172, 147.1,13650,-54.7,-84.4,-79.6,  2,  3, 0.00,291,15.0
2026-03-22 23:58:21, -1.1920,54.7171, 146.9,13660,-54.7,-84.4,-79.6,  2,  3, 0.00,291,15.2
2026-03-22 23:58:23, -1.1916,54.7170, 146.7,13669,-54.7,-84.4,-79.6,  2,  3, 0.00,292,15.3
2026-03-22 23:58:25, -1.1912,54.7169, 146.5,13679,-54.7,-84.4,-79.6,  2,  3, 0.00,292,15.5
2026-03-22 23:58:27, -1.1907,54.7168, 146.2,13689,-54.8,-84.4,-79.7,  2,  3, 0.00,293,15.6
2026-03-22 23:58:29, -1.1903,54.7167, 146.0,13699,-54.8,-84.4,-79.7,  2,  3, 0.00,294,15.7
2026-03-22 23:58:31, -1.1898,54.7166, 145.8,13709,-54.8,-84.4,-79.7,  2,  3, 0.00,294,15.8
2026-03-22 23:58:33, -1.1894,54.7165, 145.5,13720,-54.8,-84.4,-79.6,  2,  3, 0.00,295,16.0
2026-03-22 23:58:35, -1.1889,54.7163, 145.3,13730,-54.8,-84.4,-79.6,  2,  3, 0.00,296,16.1
2026-03-22 23:58:37, -1.1885,54.7162, 145.1,13739,-54.8,-84.4,-79.6,  2,  3, 0.00,297,16.2
2026-03-22 23:58:39, -1.1880,54.7161, 144.9,13749,-54.8,-84.4,-79.7,  2,  3, 0.00,298,16.3
2026-03-22 23:58:41, -1.1876,54.7159, 144.6,13759,-54.8,-84.5,-79.7,  2,  3, 0.00,299,16.4
2026-03-22 23:58:43, -1.1871,54.7157, 144.4,13770,-54.8,-84.5,-79.7,  2,  3, 0.00,300,16.6
2026-03-22 23:58:45, -1.1866,54.7156, 144.2,13780,-54.8,-84.5,-79.8,  2,  3, 0.00,301,16.7
2026-03-22 23:58:47, -1.1862,54.7154, 144.0,13790,-54.9,-84.6,-79.8,  2,  3, 0.00,301,16.8
2026-03-22 23:58:49, -1.1858,54.7153, 143.7,13800,-54.9,-84.6,-79.9,  2,  3, 0.00,302,16.9
2026-03-22 23:58:51, -1.1854,54.7151, 143.5,13811,-54.9,-84.7,-79.9,  2,  3, 0.00,303,17.1
2026-03-22 23:58:53, -1.1850,54.7150, 143.2,13822,-54.8,-84.7,-79.9,  2,  3, 0.00,304,17.2
2026-03-22 23:58:55, -1.1845,54.7148, 143.0,13833,-54.7,-84.6,-79.9,  1,  3, 0.00,305,17.3
2026-03-22 23:58:57, -1.1841,54.7146, 142.8,13843,-54.6,-84.6,-79.8,  1,  3, 0.00,306,17.4
2026-03-22 23:58:59, -1.1836,54.7144, 142.5,13853,-54.6,-84.7,-79.9,  1,  3, 0.00,306,17.4
2026-03-22 23:59:01, -1.1832,54.7141, 142.3,13862,-54.6,-84.7,-79.9,  1,  2, 0.00,307,17.5
2026-03-22 23:59:03, -1.1827,54.7139, 142.1,13871,-54.6,-84.7,-80.0,  1,  2, 0.00,308,17.5
2026-03-22 23:59:05, -1.1823,54.7137, 141.9,13882,-54.5,-84.7,-80.0,  1,  2, 0.00,308,17.5
2026-03-22 23:59:07, -1.1819,54.7135, 141.6,13893,-54.3,-84.6,-79.9,  1,  2, 0.00,309,17.4
2026-03-22 23:59:09, -1.1814,54.7133, 141.4,13905,-54.0,-84.4,-79.7,  1,  2, 0.00,309,17.4
2026-03-22 23:59:11, -1.1810,54.7132, 141.1,13916,-54.0,-84.5,-79.7,  1,  2, 0.00,309,17.3
2026-03-22 23:59:13, -1.1806,54.7130, 140.9,13925,-53.9,-84.4,-79.7,  1,  2, 0.00,310,17.1
2026-03-22 23:59:15, -1.1802,54.7128, 140.7,13935,-53.9,-84.4,-79.6,  1,  2, 0.00,310,17.0
2026-03-22 23:59:17, -1.1798,54.7126, 140.5,13945,-53.8,-84.4,-79.6,  1,  2, 0.00,311,16.9
2026-03-22 23:59:19, -1.1795,54.7124, 140.3,13956,-53.9,-84.4,-79.6,  1,  2, 0.00,311,16.7
2026-03-22 23:59:21, -1.1791,54.7122, 140.0,13968,-53.9,-84.4,-79.7,  1,  2, 0.00,312,16.6
2026-03-22 23:59:23, -1.1787,54.7120, 139.8,13978,-53.9,-84.4,-79.7,  1,  2, 0.00,312,16.4
2026-03-22 23:59:25, -1.1783,54.7118, 139.6,13988,-53.9,-84.4,-79.6,  1,  2, 0.00,313,16.3
2026-03-22 23:59:27, -1.1780,54.7116, 139.3,13999,-54.0,-84.4,-79.7,  1,  2, 0.00,313,16.1
2026-03-22 23:59:29, -1.1776,54.7114, 139.1,14010,-54.0,-84.4,-79.6,  1,  2, 0.00,314,15.9
2026-03-22 23:59:31, -1.1773,54.7112, 138.9,14020,-54.0,-84.4,-79.6,  1,  2, 0.00,314,15.8
2026-03-22 23:59:33, -1.1770,54.7110, 138.7,14030,-54.1,-84.4,-79.6,  1,  2, 0.00,315,15.6
2026-03-22 23:59:35, -1.1767,54.7108, 138.4,14042,-54.0,-84.3,-79.6,  1,  2, 0.00,315,15.3
2026-03-22 23:59:37, -1.1763,54.7106, 138.1,14054,-54.0,-84.3,-79.5,  1,  2, 0.00,316,15.1
2026-03-22 23:59:39, -1.1760,54.7104, 137.9,14064,-54.0,-84.3,-79.5,  1,  2, 0.00,316,14.8
2026-03-22 23:59:41, -1.1757,54.7102, 137.7,14074,-54.1,-84.3,-79.5,  1,  2, 0.00,316,14.5
2026-03-22 23:59:43, -1.1754,54.7100, 137.5,14084,-54.1,-84.3,-79.5,  1,  2, 0.00,317,14.2
2026-03-22 23:59:45, -1.1751,54.7099, 137.3,14095,-54.1,-84.3,-79.6,  1,  2, 0.00,317,13.9
2026-03-22 23:59:47, -1.1748,54.7097, 137.0,14106,-54.1,-84.3,-79.6,  1,  2, 0.00,317,13.5
2026-03-22 23:59:49, -1.1746,54.7095, 136.8,14115,-54.2,-84.4,-79.6,  1,  2, 0.00,317,13.2
2026-03-22 23:59:51, -1.1743,54.7094, 136.6,14126,-54.1,-84.3,-79.6,  1,  2, 0.00,318,12.8
2026-03-22 23:59:53, -1.1741,54.7092, 136.3,14138,-54.1,-84.3,-79.6,  1,  2, 0.00,318,12.4
2026-03-22 23:59:55, -1.1738,54.7090, 136.1,14149,-54.2,-84.3,-79.6,  1,  3, 0.00,318,12.0
2026-03-22 23:59:57, -1.1735,54.7089, 135.8,14162,-54.2,-84.4,-79.6,  1,  3, 0.00,318,11.5
2026-03-22 23:59:59, -1.1733,54.7087, 135.6,14174,-54.2,-84.4,-79.6,  1,  3, 0.00,318,11.1
2026-03-23 00:00:01, -1.1731,54.7086, 135.3,14187,-54.3,-84.4,-79.6,  1,  3, 0.00,318,10.7
2026-03-23 00:00:03, -1.1730,54.7084, 135.0,14199,-54.3,-84.4,-79.6,  1,  3, 0.00,318,10.3
2026-03-23 00:00:05, -1.1728,54.7083, 134.8,14212,-54.3,-84.4,-79.6,  1,  3, 0.00,318, 9.9
2026-03-23 00:00:07, -1.1726,54.7082, 134.5,14226,-54.4,-84.4,-79.7,  2,  3, 0.00,317, 9.6
2026-03-23 00:00:09, -1.1725,54.7081, 134.2,14238,-54.5,-84.4,-79.6,  2,  3, 0.00,316, 9.2
2026-03-23 00:00:11, -1.1723,54.7080, 134.0,14248,-54.5,-84.4,-79.6,  2,  3, 0.00,315, 8.9
2026-03-23 00:00:13, -1.1721,54.7079, 133.8,14259,-54.6,-84.4,-79.7,  2,  3, 0.00,314, 8.7
2026-03-23 00:00:15, -1.1719,54.7078, 133.5,14273,-54.7,-84.4,-79.6,  2,  3, 0.00,313, 8.5
2026-03-23 00:00:17, -1.1717,54.7078, 133.2,14285,-54.8,-84.4,-79.7,  2,  3, 0.00,312, 8.3
2026-03-23 00:00:19, -1.1715,54.7076, 133.1,14294,-54.9,-84.4,-79.7,  2,  3, 0.00,311, 8.2
2026-03-23 00:00:21, -1.1714,54.7075, 132.8,14304,-55.0,-84.5,-79.7,  2,  3, 0.00,310, 8.1
2026-03-23 00:00:23, -1.1712,54.7074, 132.6,14316,-55.0,-84.5,-79.7,  2,  3, 0.00,308, 8.0
2026-03-23 00:00:25, -1.1710,54.7074, 132.3,14328,-55.1,-84.5,-79.7,  2,  3, 0.00,307, 8.0
2026-03-23 00:00:27, -1.1708,54.7073, 132.1,14340,-55.2,-84.5,-79.8,  2,  3, 0.00,306, 8.0
2026-03-23 00:00:29, -1.1705,54.7073, 131.9,14350,-55.3,-84.6,-79.8,  2,  3, 0.00,305, 8.0
2026-03-23 00:00:31, -1.1703,54.7072, 131.7,14359,-55.4,-84.6,-79.8,  2,  3, 0.00,305, 8.1
2026-03-23 00:00:33, -1.1701,54.7071, 131.5,14369,-55.5,-84.6,-79.9,  2,  3, 0.00,304, 8.2
2026-03-23 00:00:35, -1.1699,54.7070, 131.3,14379,-55.6,-84.6,-79.9,  2,  3, 0.00,304, 8.3
2026-03-23 00:00:37, -1.1697,54.7069, 131.1,14390,-55.7,-84.7,-79.9,  2,  3, 0.00,303, 8.5
2026-03-23 00:00:39, -1.1695,54.7069, 130.8,14400,-55.8,-84.7,-80.0,  2,  3, 0.00,303, 8.6
2026-03-23 00:00:41, -1.1693,54.7068, 130.6,14410,-55.9,-84.8,-80.0,  2,  3, 0.00,303, 8.8
2026-03-23 00:00:43, -1.1690,54.7067, 130.4,14420,-56.0,-84.8,-80.0,  2,  3, 0.00,302, 9.0
2026-03-23 00:00:45, -1.1688,54.7066, 130.2,14430,-56.0,-84.8,-80.1,  2,  3, 0.00,302, 9.2
2026-03-23 00:00:47, -1.1685,54.7065, 130.1,14439,-56.0,-84.8,-80.1,  2,  3, 0.00,302, 9.4
2026-03-23 00:00:49, -1.1683,54.7064, 129.9,14448,-56.0,-84.8,-80.1,  2,  3, 0.00,302, 9.6
2026-03-23 00:00:51, -1.1680,54.7063, 129.7,14457,-56.0,-84.8,-80.1,  2,  3, 0.00,302, 9.9
2026-03-23 00:00:53, -1.1678,54.7062, 129.5,14467,-56.0,-84.9,-80.1,  2,  3, 0.00,301,10.2
2026-03-23 00:00:55, -1.1675,54.7062, 129.3,14477,-56.0,-84.9,-80.2,  2,  3, 0.00,301,10.4
2026-03-23 00:00:57, -1.1672,54.7061, 129.1,14486,-56.1,-85.0,-80.2,  2,  3, 0.00,301,10.7
2026-03-23 00:00:59, -1.1669,54.7060, 128.9,14496,-56.1,-85.0,-80.3,  2,  3, 0.00,301,11.0
2026-03-23 00:01:01, -1.1666,54.7058, 128.7,14505,-56.0,-85.0,-80.3,  2,  3, 0.00,300,11.3
2026-03-23 00:01:03, -1.1663,54.7057, 128.5,14515,-56.0,-85.0,-80.3,  2,  3, 0.00,300,11.7
2026-03-23 00:01:05, -1.1659,54.7056, 128.3,14525,-56.0,-85.1,-80.3,  2,  3, 0.00,300,12.0
2026-03-23 00:01:07, -1.1656,54.7055, 128.1,14536,-56.1,-85.2,-80.4,  2,  3, 0.00,301,12.3
2026-03-23 00:01:09, -1.1652,54.7054, 127.9,14546,-56.1,-85.3,-80.5,  2,  3, 0.00,301,12.6
2026-03-23 00:01:11, -1.1649,54.7053, 127.7,14556,-56.2,-85.4,-80.6,  2,  3, 0.00,301,12.8
2026-03-23 00:01:13, -1.1645,54.7052, 127.5,14565,-56.2,-85.4,-80.7,  2,  3, 0.00,302,13.1
2026-03-23 00:01:15, -1.1641,54.7050, 127.3,14574,-56.1,-85.4,-80.6,  2,  3, 0.00,302,13.3
2026-03-23 00:01:17, -1.1637,54.7049, 127.1,14583,-55.9,-85.3,-80.6,  2,  3, 0.00,303,13.5
2026-03-23 00:01:19, -1.1634,54.7048, 126.9,14593,-55.7,-85.3,-80.5,  2,  3, 0.00,303,13.6
2026-03-23 00:01:21, -1.1630,54.7046, 126.7,14603,-55.7,-85.3,-80.5,  2,  3, 0.00,304,13.6
2026-03-23 00:01:23, -1.1627,54.7045, 126.5,14613,-55.6,-85.3,-80.5,  2,  3, 0.00,305,13.6
2026-03-23 00:01:25, -1.1623,54.7043, 126.3,14623,-55.6,-85.3,-80.6,  1,  3, 0.00,305,13.6
2026-03-23 00:01:27, -1.1619,54.7041, 126.2,14632,-55.6,-85.4,-80.6,  1,  3, 0.00,306,13.5
2026-03-23 00:01:29, -1.1616,54.7039, 126.0,14640,-55.6,-85.4,-80.6,  1,  3, 0.00,306,13.3
2026-03-23 00:01:31, -1.1613,54.7038, 125.8,14650,-55.6,-85.4,-80.6,  1,  3, 0.00,306,13.1
2026-03-23 00:01:33, -1.1610,54.7037, 125.6,14661,-55.5,-85.4,-80.7,  1,  2, 0.00,307,12.9
2026-03-23 00:01:35, -1.1607,54.7036, 125.4,14671,-55.4,-85.4,-80.6,  1,  2, 0.00,307,12.6
2026-03-23 00:01:37, -1.1604,54.7035, 125.2,14682,-55.2,-85.3,-80.6,  1,  2, 0.00,307,12.3
2026-03-23 00:01:39, -1.1601,54.7034, 125.0,14692,-55.0,-85.2,-80.4,  1,  2, 0.00,307,12.1
2026-03-23 00:01:41, -1.1599,54.7032, 124.8,14703,-54.9,-85.1,-80.4,  1,  2, 0.00,307,11.8
2026-03-23 00:01:43, -1.1596,54.7031, 124.6,14712,-54.9,-85.2,-80.4,  1,  2, 0.00,307,11.5
2026-03-23 00:01:45, -1.1593,54.7030, 124.4,14722,-54.9,-85.2,-80.4,  1,  2, 0.00,307,11.3
2026-03-23 00:01:47, -1.1591,54.7029, 124.2,14732,-54.9,-85.2,-80.5,  1,  2, 0.00,306,11.1
2026-03-23 00:01:49, -1.1588,54.7028, 124.0,14741,-55.0,-85.2,-80.5,  1,  2, 0.00,306,10.9
2026-03-23 00:01:51, -1.1586,54.7027, 123.8,14752,-55.1,-85.3,-80.5,  1,  2, 0.00,306,10.7
2026-03-23 00:01:53, -1.1583,54.7026, 123.6,14763,-55.1,-85.3,-80.5,  1,  2, 0.00,305,10.6
2026-03-23 00:01:55, -1.1581,54.7024, 123.4,14773,-55.2,-85.3,-80.5,  1,  2, 0.00,305,10.5
2026-03-23 00:01:57, -1.1578,54.7023, 123.2,14782,-55.2,-85.3,-80.5,  1,  2, 0.00,305,10.4
2026-03-23 00:01:59, -1.1575,54.7023, 123.0,14792,-55.3,-85.3,-80.5,  1,  2, 0.00,304,10.3
2026-03-23 00:02:01, -1.1573,54.7022, 122.9,14802,-55.4,-85.3,-80.5,  1,  3, 0.00,303,10.2
2026-03-23 00:02:03, -1.1570,54.7021, 122.7,14812,-55.5,-85.3,-80.5,  1,  3, 0.00,303,10.2
2026-03-23 00:02:05, -1.1567,54.7020, 122.5,14822,-55.6,-85.3,-80.5,  1,  3, 0.00,302,10.1
2026-03-23 00:02:07, -1.1565,54.7019, 122.3,14832,-55.6,-85.3,-80.5,  2,  3, 0.00,302,10.1
2026-03-23 00:02:09, -1.1562,54.7018, 122.1,14841,-55.7,-85.3,-80.5,  2,  3, 0.00,301,10.1
2026-03-23 00:02:11, -1.1559,54.7017, 121.9,14850,-55.8,-85.3,-80.5,  2,  3, 0.00,300,10.1
2026-03-23 00:02:13, -1.1557,54.7016, 121.7,14859,-55.9,-85.3,-80.6,  2,  3, 0.00,300,10.1
2026-03-23 00:02:15, -1.1554,54.7016, 121.6,14868,-56.0,-85.4,-80.6,  2,  3, 0.00,299,10.2
2026-03-23 00:02:17, -1.1552,54.7015, 121.4,14879,-56.0,-85.4,-80.6,  2,  3, 0.00,299,10.2
2026-03-23 00:02:19, -1.1549,54.7014, 121.2,14890,-56.1,-85.4,-80.7,  2,  3, 0.00,298,10.3
2026-03-23 00:02:21, -1.1546,54.7013, 121.0,14900,-56.2,-85.5,-80.7,  2,  3, 0.00,298,10.4
2026-03-23 00:02:23, -1.1543,54.7012, 120.8,14911,-56.2,-85.5,-80.7,  2,  3, 0.00,297,10.5
2026-03-23 00:02:25, -1.1540,54.7011, 120.6,14920,-56.3,-85.5,-80.8,  2,  3, 0.00,297,10.6
2026-03-23 00:02:27, -1.1537,54.7011, 120.4,14930,-56.4,-85.6,-80.8,  2,  3, 0.00,296,10.7
2026-03-23 00:02:29, -1.1534,54.7010, 120.2,14940,-56.4,-85.6,-80.8,  2,  3, 0.00,296,10.9
2026-03-23 00:02:31, -1.1531,54.7009, 120.0,14950,-56.4,-85.6,-80.8,  2,  3, 0.00,295,11.0
2026-03-23 00:02:33, -1.1528,54.7008, 119.8,14960,-56.5,-85.6,-80.8,  2,  3, 0.00,295,11.2
2026-03-23 00:02:35, -1.1524,54.7007, 119.7,14969,-56.5,-85.6,-80.9,  2,  3, 0.00,295,11.3
2026-03-23 00:02:37, -1.1521,54.7007, 119.5,14979,-56.6,-85.7,-80.9,  2,  3, 0.00,295,11.5
2026-03-23 00:02:39, -1.1518,54.7006, 119.3,14989,-56.7,-85.7,-80.9,  2,  3, 0.00,294,11.7
2026-03-23 00:02:41, -1.1515,54.7005, 119.1,15000,-56.7,-85.7,-81.0,  2,  3, 0.00,294,11.9
2026-03-23 00:02:43, -1.1512,54.7004, 118.9,15010,-56.8,-85.8,-81.0,  2,  3, 0.00,294,12.1
2026-03-23 00:02:45, -1.1508,54.7003, 118.7,15021,-56.9,-85.8,-81.1,  2,  3, 0.00,294,12.3
2026-03-23 00:02:47, -1.1504,54.7003, 118.5,15031,-56.9,-85.9,-81.1,  2,  3, 0.00,294,12.5
2026-03-23 00:02:49, -1.1500,54.7002, 118.3,15041,-57.0,-85.9,-81.2,  2,  3, 0.00,294,12.7
2026-03-23 00:02:51, -1.1496,54.7001, 118.1,15051,-57.0,-86.0,-81.2,  2,  3, 0.00,294,13.0
2026-03-23 00:02:53, -1.1492,54.7000, 118.0,15060,-57.0,-86.0,-81.2,  2,  3, 0.00,294,13.2
2026-03-23 00:02:55, -1.1489,54.6999, 117.8,15070,-57.0,-86.0,-81.2,  2,  3, 0.00,294,13.4
2026-03-23 00:02:57, -1.1485,54.6998, 117.6,15081,-57.0,-86.0,-81.2,  2,  3, 0.00,294,13.6
2026-03-23 00:02:59, -1.1481,54.6997, 117.4,15091,-57.0,-86.0,-81.2,  2,  3, 0.00,294,13.7
2026-03-23 00:03:01, -1.1477,54.6996, 117.2,15100,-57.0,-86.0,-81.3,  2,  3, 0.00,294,13.9
2026-03-23 00:03:03, -1.1473,54.6995, 117.0,15110,-57.1,-86.1,-81.3,  2,  3, 0.00,295,14.1
2026-03-23 00:03:05, -1.1469,54.6994, 116.8,15120,-57.1,-86.1,-81.3,  2,  3, 0.00,295,14.3
2026-03-23 00:03:07, -1.1465,54.6992, 116.7,15130,-57.1,-86.1,-81.3,  2,  3, 0.00,296,14.4
2026-03-23 00:03:09, -1.1460,54.6991, 116.5,15140,-57.1,-86.1,-81.3,  2,  3, 0.00,296,14.6
2026-03-23 00:03:11, -1.1456,54.6990, 116.3,15149,-57.2,-86.2,-81.4,  2,  3, 0.00,297,14.7
2026-03-23 00:03:13, -1.1452,54.6989, 116.1,15159,-57.2,-86.2,-81.5,  2,  3, 0.00,297,14.8
2026-03-23 00:03:15, -1.1448,54.6988, 115.9,15169,-57.2,-86.3,-81.5,  2,  3, 0.00,298,14.9
2026-03-23 00:03:17, -1.1444,54.6986, 115.7,15180,-57.2,-86.3,-81.5,  2,  3, 0.00,299,15.0
2026-03-23 00:03:19, -1.1440,54.6985, 115.6,15190,-57.1,-86.2,-81.5,  2,  3, 0.00,299,15.1
2026-03-23 00:03:21, -1.1436,54.6983, 115.4,15200,-57.1,-86.2,-81.5,  2,  3, 0.00,300,15.1
2026-03-23 00:03:23, -1.1432,54.6982, 115.2,15210,-57.0,-86.2,-81.4,  2,  3, 0.00,301,15.1
2026-03-23 00:03:25, -1.1427,54.6980, 115.0,15219,-57.0,-86.2,-81.4,  2,  3, 0.00,302,15.1
2026-03-23 00:03:27, -1.1423,54.6979, 114.8,15229,-57.0,-86.2,-81.4,  2,  3, 0.00,302,15.1
2026-03-23 00:03:29, -1.1420,54.6978, 114.7,15239,-57.1,-86.3,-81.5,  2,  3, 0.00,303,15.1
2026-03-23 00:03:31, -1.1416,54.6977, 114.5,15249,-57.2,-86.3,-81.6,  2,  3, 0.00,304,15.0
2026-03-23 00:03:33, -1.1412,54.6975, 114.3,15259,-57.2,-86.4,-81.6,  2,  3, 0.00,305,15.0
2026-03-23 00:03:35, -1.1408,54.6973, 114.1,15268,-57.1,-86.3,-81.5,  2,  3, 0.00,305,14.9
2026-03-23 00:03:37, -1.1405,54.6972, 114.0,15277,-57.0,-86.3,-81.5,  2,  3, 0.00,306,14.9
2026-03-23 00:03:39, -1.1402,54.6970, 113.8,15287,-57.0,-86.3,-81.5,  2,  3, 0.00,307,14.8
2026-03-23 00:03:41, -1.1398,54.6968, 113.6,15297,-56.9,-86.3,-81.5,  1,  3, 0.00,308,14.8
2026-03-23 00:03:43, -1.1395,54.6967, 113.5,15306,-56.9,-86.3,-81.5,  1,  3, 0.00,309,14.7
2026-03-23 00:03:45, -1.1391,54.6965, 113.3,15316,-56.8,-86.3,-81.5,  1,  3, 0.00,309,14.6
2026-03-23 00:03:47, -1.1387,54.6963, 113.1,15326,-56.8,-86.3,-81.6,  1,  3, 0.00,310,14.6
2026-03-23 00:03:49, -1.1384,54.6962, 112.9,15336,-56.8,-86.4,-81.6,  1,  3, 0.00,311,14.5
2026-03-23 00:03:51, -1.1381,54.6960, 112.8,15345,-56.7,-86.4,-81.6,  1,  2, 0.00,311,14.4
2026-03-23 00:03:53, -1.1378,54.6958, 112.6,15355,-56.6,-86.3,-81.6,  1,  2, 0.00,311,14.4
2026-03-23 00:03:55, -1.1375,54.6956, 112.4,15365,-56.4,-86.3,-81.5,  1,  2, 0.00,312,14.3
2026-03-23 00:03:57, -1.1372,54.6954, 112.2,15376,-56.4,-86.3,-81.5,  1,  2, 0.00,312,14.2
2026-03-23 00:03:59, -1.1368,54.6953, 112.0,15386,-56.3,-86.3,-81.5,  1,  2, 0.00,312,14.2
2026-03-23 00:04:01, -1.1365,54.6951, 111.9,15395,-56.0,-86.1,-81.4,  1,  2, 0.00,312,14.1
2026-03-23 00:04:03, -1.1362,54.6950, 111.7,15404,-55.8,-86.0,-81.2,  1,  2, 0.00,312,14.1
2026-03-23 00:04:05, -1.1359,54.6948, 111.5,15414,-55.7,-86.0,-81.2,  1,  2, 0.00,312,14.0
2026-03-23 00:04:07, -1.1356,54.6946, 111.4,15425,-55.8,-86.0,-81.2,  1,  2, 0.00,311,14.0
2026-03-23 00:04:09, -1.1352,54.6945, 111.2,15436,-55.8,-86.0,-81.2,  1,  2, 0.00,311,14.0
2026-03-23 00:04:11, -1.1349,54.6943, 111.0,15446,-55.9,-86.0,-81.3,  1,  2, 0.00,311,14.0
2026-03-23 00:04:13, -1.1345,54.6942, 110.8,15455,-56.0,-86.0,-81.3,  1,  2, 0.00,311,14.0
2026-03-23 00:04:15, -1.1342,54.6940, 110.7,15464,-56.1,-86.1,-81.3,  1,  2, 0.00,311,14.1
2026-03-23 00:04:17, -1.1339,54.6938, 110.5,15474,-56.2,-86.1,-81.3,  1,  2, 0.00,311,14.1
2026-03-23 00:04:19, -1.1336,54.6937, 110.3,15485,-56.3,-86.1,-81.3,  1,  2, 0.00,311,14.1
2026-03-23 00:04:21, -1.1333,54.6936, 110.1,15494,-56.3,-86.1,-81.3,  1,  2, 0.00,311,14.2
2026-03-23 00:04:23, -1.1329,54.6934, 110.0,15503,-56.4,-86.1,-81.4,  1,  2, 0.00,311,14.2
2026-03-23 00:04:25, -1.1325,54.6932, 109.8,15513,-56.5,-86.2,-81.4,  1,  3, 0.00,312,14.2
2026-03-23 00:04:27, -1.1322,54.6930, 109.7,15523,-56.6,-86.2,-81.4,  1,  3, 0.00,312,14.2
2026-03-23 00:04:29, -1.1319,54.6928, 109.5,15533,-56.7,-86.2,-81.4,  1,  3, 0.00,312,14.1
2026-03-23 00:04:31, -1.1316,54.6926, 109.3,15542,-56.6,-86.2,-81.4,  1,  3, 0.00,312,14.0
2026-03-23 00:04:33, -1.1312,54.6925, 109.2,15551,-56.6,-86.1,-81.4,  1,  3, 0.00,313,13.9
2026-03-23 00:04:35, -1.1309,54.6923, 109.0,15560,-56.6,-86.1,-81.4,  1,  3, 0.00,313,13.8
2026-03-23 00:04:37, -1.1306,54.6922, 108.9,15568,-56.7,-86.2,-81.4,  1,  3, 0.00,313,13.6
2026-03-23 00:04:39, -1.1303,54.6920, 108.7,15578,-56.8,-86.2,-81.5,  1,  3, 0.00,313,13.5
2026-03-23 00:04:41, -1.1300,54.6919, 108.5,15588,-56.8,-86.2,-81.5,  1,  3, 0.00,314,13.4
2026-03-23 00:04:43, -1.1298,54.6917, 108.3,15599,-56.7,-86.2,-81.4,  1,  3, 0.00,314,13.2
2026-03-23 00:04:45, -1.1295,54.6915, 108.2,15608,-56.5,-86.0,-81.3,  1,  3, 0.00,314,13.1
2026-03-23 00:04:47, -1.1293,54.6914, 108.0,15617,-56.4,-86.0,-81.2,  1,  3, 0.00,314,13.0
2026-03-23 00:04:49, -1.1290,54.6912, 107.9,15626,-56.4,-86.0,-81.2,  1,  3, 0.00,314,12.8
2026-03-23 00:04:51, -1.1287,54.6911, 107.8,15634,-56.4,-86.0,-81.2,  1,  3, 0.00,314,12.7
2026-03-23 00:04:53, -1.1284,54.6910, 107.6,15643,-56.4,-86.0,-81.2,  1,  3, 0.00,315,12.6
2026-03-23 00:04:55, -1.1281,54.6908, 107.4,15654,-56.5,-86.0,-81.3,  1,  3, 0.00,315,12.4
2026-03-23 00:04:57, -1.1278,54.6906, 107.2,15663,-56.5,-86.1,-81.3,  1,  3, 0.00,315,12.3
2026-03-23 00:04:59, -1.1275,54.6904, 107.1,15672,-56.5,-86.1,-81.3,  1,  3, 0.00,316,12.0
2026-03-23 00:05:01, -1.1273,54.6903, 107.0,15681,-56.5,-86.1,-81.3,  1,  3, 0.00,316,11.8
2026-03-23 00:05:03, -1.1270,54.6901, 106.8,15691,-56.4,-86.1,-81.3,  1,  3, 0.00,317,11.5
2026-03-23 00:05:05, -1.1267,54.6899, 106.6,15702,-56.5,-86.2,-81.4,  1,  2, 0.00,317,11.2
2026-03-23 00:05:07, -1.1264,54.6898, 106.3,15717,-56.5,-86.2,-81.4,  1,  2, 0.00,318,10.8
2026-03-23 00:05:09, -1.1262,54.6896, 106.1,15732,-56.4,-86.2,-81.4,  1,  2, 0.00,319,10.5
2026-03-23 00:05:11, -1.1261,54.6896, 105.8,15747,-55.9,-85.9,-81.1,  1,  2, 0.00,320,10.1
2026-03-23 00:05:13, -1.1260,54.6895, 105.6,15760,-56.0,-85.9,-81.1,  1,  2, 0.00,321, 9.7
2026-03-23 00:05:15, -1.1259,54.6893, 105.4,15772,-55.9,-85.9,-81.1,  1,  2, 0.00,322, 9.3
2026-03-23 00:05:17, -1.1258,54.6892, 105.3,15783,-55.8,-85.8,-81.0,  1,  2, 0.00,323, 8.9
2026-03-23 00:05:19, -1.1256,54.6891, 105.0,15795,-55.6,-85.6,-80.9,  1,  2, 0.00,324, 8.6
2026-03-23 00:05:21, -1.1255,54.6889, 104.9,15806,-55.6,-85.6,-80.8,  1,  2, 0.00,325, 8.2
2026-03-23 00:05:23, -1.1254,54.6888, 104.7,15817,-55.7,-85.6,-80.8,  1,  2, 0.00,325, 8.0
2026-03-23 00:05:25, -1.1252,54.6887, 104.5,15828,-55.8,-85.7,-80.9,  1,  2, 0.00,326, 7.7
2026-03-23 00:05:27, -1.1251,54.6887, 104.4,15837,-55.8,-85.6,-80.9,  1,  2, 0.00,326, 7.4
2026-03-23 00:05:29, -1.1250,54.6885, 104.2,15849,-55.8,-85.6,-80.8,  1,  3, 0.00,326, 7.2
2026-03-23 00:05:31, -1.1249,54.6884, 103.9,15863,-55.8,-85.5,-80.8,  1,  3, 0.00,325, 7.0
2026-03-23 00:05:33, -1.1248,54.6883, 103.7,15875,-55.9,-85.5,-80.8,  1,  3, 0.00,324, 6.8
2026-03-23 00:05:35, -1.1247,54.6882, 103.5,15887,-55.9,-85.5,-80.7,  2,  3, 0.00,323, 6.6
2026-03-23 00:05:37, -1.1246,54.6881, 103.3,15899,-56.0,-85.5,-80.7,  2,  3, 0.00,322, 6.5
2026-03-23 00:05:39, -1.1245,54.6880, 103.2,15908,-56.1,-85.5,-80.7,  2,  3, 0.00,320, 6.3
2026-03-23 00:05:41, -1.1244,54.6879, 103.0,15919,-56.2,-85.5,-80.8,  2,  3, 0.00,318, 6.2
2026-03-23 00:05:43, -1.1242,54.6879, 102.8,15931,-56.3,-85.5,-80.8,  2,  3, 0.00,315, 6.2
2026-03-23 00:05:45, -1.1240,54.6878, 102.6,15942,-56.4,-85.5,-80.7,  2,  3, 0.00,313, 6.1
2026-03-23 00:05:47, -1.1239,54.6878, 102.5,15953,-56.4,-85.5,-80.7,  2,  3, 0.00,311, 6.1
2026-03-23 00:05:49, -1.1238,54.6877, 102.3,15965,-56.5,-85.5,-80.7,  2,  3, 0.00,309, 6.2
2026-03-23 00:05:51, -1.1236,54.6876, 102.1,15976,-56.6,-85.5,-80.7,  2,  3, 0.00,308, 6.2
2026-03-23 00:05:53, -1.1234,54.6876, 102.0,15985,-56.7,-85.5,-80.7,  2,  3, 0.00,306, 6.4
2026-03-23 00:05:55, -1.1233,54.6875, 101.8,15994,-56.7,-85.5,-80.8,  2,  3, 0.00,305, 6.5
2026-03-23 00:05:57, -1.1231,54.6875, 101.6,16006,-56.8,-85.6,-80.8,  2,  3, 0.00,305, 6.7
2026-03-23 00:05:59, -1.1229,54.6874, 101.4,16017,-56.9,-85.6,-80.8,  2,  3, 0.00,304, 6.9
2026-03-23 00:06:01, -1.1227,54.6874, 101.3,16026,-57.0,-85.6,-80.9,  2,  3, 0.00,304, 7.1
2026-03-23 00:06:03, -1.1225,54.6873, 101.1,16036,-57.0,-85.6,-80.9,  2,  3, 0.00,304, 7.4
2026-03-23 00:06:05, -1.1223,54.6872, 100.9,16048,-57.0,-85.6,-80.9,  2,  3, 0.00,304, 7.6
2026-03-23 00:06:07, -1.1221,54.6871, 100.8,16059,-57.1,-85.7,-80.9,  2,  3, 0.00,304, 7.9
2026-03-23 00:06:09, -1.1220,54.6870, 100.6,16069,-57.1,-85.7,-80.9,  2,  3, 0.00,304, 8.1
2026-03-23 00:06:11, -1.1218,54.6869, 100.4,16081,-57.2,-85.7,-80.9,  2,  3, 0.00,304, 8.4
2026-03-23 00:06:13, -1.1215,54.6868, 100.2,16094,-57.3,-85.7,-81.0,  2,  3, 0.00,304, 8.6
2026-03-23 00:06:14, -1.1214,54.6868, 100.1,16103,-57.3,-85.8,-81.0,  2,  3, 0.00,303, 8.8
2026-03-23 00:06:15, -1.1212,54.6867, 100.0,16107,-57.3,-85.8,-81.0,  2,  3, 0.00,303, 8.8
2026-03-23 00:06:17, -1.1210,54.6867,  99.9,16111,-57.3,-85.8,-81.0,  2,  3, 0.00,303, 9.1
2026-03-23 00:06:19, -1.1207,54.6866,  99.8,16119,-57.4,-85.8,-81.0,  2,  3, 0.00,302, 9.3
2026-03-23 00:06:21, -1.1205,54.6865,  99.6,16130,-57.4,-85.8,-81.0,  2,  3, 0.00,302, 9.5
2026-03-23 00:06:23, -1.1203,54.6864,  99.5,16141,-57.5,-85.8,-81.0,  2,  3, 0.00,302, 9.7
2026-03-23 00:06:25, -1.1200,54.6863,  99.3,16152,-57.6,-85.9,-81.1,  2,  3, 0.00,301, 9.8
2026-03-23 00:06:27, -1.1197,54.6862,  99.1,16163,-57.7,-85.9,-81.2,  2,  3, 0.00,301,10.0
2026-03-23 00:06:29, -1.1194,54.6861,  98.9,16174,-57.7,-86.0,-81.2,  2,  3, 0.00,301,10.1
2026-03-23 00:06:31, -1.1191,54.6860,  98.8,16182,-57.8,-86.0,-81.3,  2,  3, 0.00,301,10.2
2026-03-23 00:06:33, -1.1188,54.6859,  98.7,16191,-57.8,-86.1,-81.3,  2,  3, 0.00,302,10.3
2026-03-23 00:06:35, -1.1185,54.6858,  98.5,16202,-57.9,-86.1,-81.4,  2,  3, 0.00,302,10.4
2026-03-23 00:06:37, -1.1182,54.6857,  98.4,16212,-57.8,-86.1,-81.4,  2,  3, 0.00,302,10.4
2026-03-23 00:06:39, -1.1180,54.6856,  98.2,16221,-57.7,-86.1,-81.3,  2,  3, 0.00,303,10.5
2026-03-23 00:06:41, -1.1177,54.6855,  98.1,16229,-57.7,-86.1,-81.3,  2,  3, 0.00,304,10.5
2026-03-23 00:06:43, -1.1175,54.6854,  97.9,16239,-57.6,-86.1,-81.3,  2,  3, 0.00,304,10.6
2026-03-23 00:06:45, -1.1172,54.6853,  97.8,16249,-57.6,-86.1,-81.4,  2,  3, 0.00,305,10.6
2026-03-23 00:06:47, -1.1170,54.6852,  97.6,16260,-57.6,-86.2,-81.4,  2,  3, 0.00,306,10.6
2026-03-23 00:06:49, -1.1167,54.6851,  97.5,16269,-57.6,-86.2,-81.5,  2,  3, 0.00,307,10.6
2026-03-23 00:06:51, -1.1164,54.6850,  97.3,16280,-57.5,-86.2,-81.4,  2,  3, 0.00,308,10.6
2026-03-23 00:06:53, -1.1162,54.6848,  97.2,16289,-57.4,-86.1,-81.4,  2,  3, 0.00,308,10.6
2026-03-23 00:06:55, -1.1159,54.6847,  97.0,16299,-57.1,-86.0,-81.2,  2,  3, 0.00,309,10.6
2026-03-23 00:06:57, -1.1157,54.6846,  96.9,16309,-56.9,-85.8,-81.1,  2,  3, 0.00,310,10.6
2026-03-23 00:06:59, -1.1154,54.6845,  96.7,16318,-56.8,-85.8,-81.0,  2,  3, 0.00,311,10.5
2026-03-23 00:07:01, -1.1151,54.6844,  96.6,16327,-56.9,-85.8,-81.1,  2,  3, 0.00,311,10.5
2026-03-23 00:07:03, -1.1149,54.6842,  96.4,16336,-56.9,-85.8,-81.1,  2,  3, 0.00,312,10.4
2026-03-23 00:07:05, -1.1147,54.6841,  96.3,16346,-56.9,-85.8,-81.1,  2,  3, 0.00,313,10.3
2026-03-23 00:07:07, -1.1145,54.6839,  96.1,16355,-56.9,-85.8,-81.1,  2,  3, 0.00,313,10.1
2026-03-23 00:07:09, -1.1142,54.6838,  96.0,16364,-56.9,-85.9,-81.1,  2,  3, 0.00,314,10.0
2026-03-23 00:07:11, -1.1140,54.6837,  95.9,16373,-57.0,-85.9,-81.1,  2,  3, 0.00,315, 9.9
2026-03-23 00:07:13, -1.1138,54.6836,  95.7,16382,-57.0,-85.9,-81.1,  2,  3, 0.00,315, 9.7
2026-03-23 00:07:15, -1.1137,54.6835,  95.6,16392,-57.0,-85.9,-81.1,  2,  3, 0.00,316, 9.6
2026-03-23 00:07:17, -1.1135,54.6834,  95.4,16402,-57.0,-85.9,-81.1,  2,  3, 0.00,316, 9.4
2026-03-23 00:07:19, -1.1133,54.6832,  95.3,16411,-57.0,-85.9,-81.1,  2,  3, 0.00,316, 9.2
2026-03-23 00:07:21, -1.1131,54.6831,  95.2,16421,-57.0,-85.8,-81.1,  2,  3, 0.00,316, 9.0
2026-03-23 00:07:23, -1.1129,54.6830,  95.0,16432,-57.0,-85.8,-81.1,  2,  3, 0.00,316, 8.9
2026-03-23 00:07:25, -1.1127,54.6829,  94.8,16442,-57.0,-85.9,-81.1,  2,  3, 0.00,316, 8.7
2026-03-23 00:07:27, -1.1125,54.6828,  94.7,16450,-57.1,-86.0,-81.2,  2,  3, 0.00,315, 8.5
2026-03-23 00:07:29, -1.1124,54.6827,  94.6,16460,-57.2,-86.0,-81.3,  2,  3, 0.00,315, 8.4
2026-03-23 00:07:31, -1.1122,54.6826,  94.4,16471,-57.1,-86.0,-81.2,  2,  3, 0.00,314, 8.3
2026-03-23 00:07:33, -1.1121,54.6825,  94.3,16481,-56.8,-85.8,-81.0,  2,  3, 0.00,313, 8.1
2026-03-23 00:07:35, -1.1119,54.6824,  94.1,16491,-56.5,-85.7,-80.9,  2,  3, 0.00,311, 8.1
2026-03-23 00:07:37, -1.1117,54.6823,  93.9,16502,-56.4,-85.6,-80.8,  2,  3, 0.00,310, 8.0
2026-03-23 00:07:39, -1.1115,54.6822,  93.8,16512,-56.4,-85.7,-80.9,  2,  3, 0.00,309, 8.0
2026-03-23 00:07:41, -1.1113,54.6822,  93.6,16521,-56.4,-85.7,-80.9,  2,  3, 0.00,308, 8.0
2026-03-23 00:07:43, -1.1111,54.6821,  93.5,16531,-56.4,-85.7,-81.0,  2,  3, 0.00,307, 8.1
2026-03-23 00:07:45, -1.1109,54.6820,  93.3,16543,-56.2,-85.6,-80.9,  2,  3, 0.00,306, 8.2
2026-03-23 00:07:47, -1.1107,54.6819,  93.2,16553,-56.2,-85.6,-80.8,  2,  3, 0.00,305, 8.3
2026-03-23 00:07:49, -1.1105,54.6819,  93.1,16562,-56.2,-85.6,-80.9,  2,  3, 0.00,305, 8.4
2026-03-23 00:07:51, -1.1103,54.6818,  92.9,16572,-56.2,-85.6,-80.9,  2,  3, 0.00,304, 8.6
2026-03-23 00:07:53, -1.1100,54.6817,  92.7,16583,-56.3,-85.7,-80.9,  2,  3, 0.00,304, 8.8
2026-03-23 00:07:55, -1.1098,54.6816,  92.6,16594,-56.3,-85.7,-80.9,  2,  3, 0.00,304, 9.0
2026-03-23 00:07:57, -1.1095,54.6815,  92.5,16603,-56.4,-85.7,-80.9,  2,  3, 0.00,304, 9.3
2026-03-23 00:07:59, -1.1093,54.6814,  92.3,16614,-56.4,-85.7,-81.0,  2,  3, 0.00,304, 9.5
2026-03-23 00:08:01, -1.1090,54.6813,  92.1,16624,-56.5,-85.7,-81.0,  2,  3, 0.00,304, 9.6
2026-03-23 00:08:03, -1.1088,54.6812,  92.0,16634,-56.5,-85.8,-81.0,  2,  3, 0.00,304, 9.8
2026-03-23 00:08:05, -1.1085,54.6811,  91.9,16645,-56.6,-85.8,-81.0,  2,  3, 0.00,304, 9.9
2026-03-23 00:08:07, -1.1083,54.6810,  91.7,16655,-56.6,-85.8,-81.0,  2,  3, 0.00,304,10.0
2026-03-23 00:08:09, -1.1079,54.6809,  91.6,16665,-56.6,-85.8,-81.1,  2,  3, 0.00,304,10.0
2026-03-23 00:08:11, -1.1076,54.6808,  91.4,16676,-56.6,-85.9,-81.1,  2,  3, 0.00,304,10.0
2026-03-23 00:08:13, -1.1073,54.6807,  91.2,16687,-56.6,-85.9,-81.1,  2,  3, 0.00,304,10.0
2026-03-23 00:08:15, -1.1070,54.6806,  91.1,16697,-56.6,-85.9,-81.2,  2,  3, 0.00,304, 9.9
2026-03-23 00:08:17, -1.1068,54.6805,  90.9,16708,-56.6,-86.0,-81.2,  2,  3, 0.00,304, 9.8
2026-03-23 00:08:19, -1.1066,54.6804,  90.8,16718,-56.5,-86.0,-81.2,  1,  3, 0.00,304, 9.6
2026-03-23 00:08:21, -1.1064,54.6803,  90.7,16727,-56.4,-86.0,-81.2,  1,  3, 0.00,305, 9.5
2026-03-23 00:08:23, -1.1062,54.6802,  90.5,16737,-56.3,-85.9,-81.2,  1,  3, 0.00,305, 9.4
2026-03-23 00:08:25, -1.1060,54.6801,  90.4,16745,-56.2,-86.0,-81.2,  1,  2, 0.00,306, 9.2
2026-03-23 00:08:27, -1.1058,54.6800,  90.3,16755,-56.1,-85.9,-81.2,  1,  2, 0.00,307, 9.1
2026-03-23 00:08:29, -1.1055,54.6800,  90.1,16765,-55.8,-85.8,-81.1,  1,  2, 0.00,308, 9.0
2026-03-23 00:08:31, -1.1053,54.6799,  90.0,16776,-55.6,-85.7,-81.0,  1,  2, 0.00,309, 8.9
2026-03-23 00:08:33, -1.1051,54.6798,  89.8,16788,-55.5,-85.7,-81.0,  1,  2, 0.00,310, 8.8
2026-03-23 00:08:35, -1.1049,54.6797,  89.7,16798,-55.4,-85.8,-81.0,  1,  2, 0.00,311, 8.8
2026-03-23 00:08:37, -1.1047,54.6795,  89.5,16807,-55.5,-85.8,-81.1,  1,  2, 0.00,312, 8.7
2026-03-23 00:08:39, -1.1045,54.6794,  89.4,16816,-55.4,-85.9,-81.1,  1,  2, 0.00,313, 8.7
2026-03-23 00:08:41, -1.1043,54.6793,  89.3,16826,-55.3,-85.8,-81.0,  1,  2, 0.00,315, 8.7
2026-03-23 00:08:43, -1.1042,54.6792,  89.1,16837,-55.1,-85.7,-80.9,  1,  2, 0.00,316, 8.8
2026-03-23 00:08:45, -1.1040,54.6791,  89.0,16848,-55.0,-85.6,-80.9,  1,  2, 0.00,317, 8.8
2026-03-23 00:08:47, -1.1038,54.6790,  88.8,16857,-55.0,-85.6,-80.9,  1,  2, 0.00,318, 8.8
2026-03-23 00:08:49, -1.1036,54.6788,  88.7,16866,-55.1,-85.6,-80.9,  1,  2, 0.00,320, 8.9
2026-03-23 00:08:51, -1.1034,54.6787,  88.6,16875,-55.1,-85.6,-80.9,  1,  2, 0.00,321, 9.0
2026-03-23 00:08:53, -1.1033,54.6786,  88.4,16886,-55.2,-85.6,-80.9,  1,  2, 0.00,322, 9.0
2026-03-23 00:08:55, -1.1031,54.6785,  88.3,16898,-55.3,-85.7,-80.9,  1,  2, 0.00,324, 9.1
2026-03-23 00:08:57, -1.1030,54.6784,  88.1,16907,-55.3,-85.7,-80.9,  1,  2, 0.00,325, 9.1
2026-03-23 00:08:59, -1.1028,54.6782,  88.0,16917,-55.4,-85.7,-80.9,  1,  2, 0.00,326, 9.1
2026-03-23 00:09:01, -1.1026,54.6781,  87.9,16928,-55.4,-85.6,-80.9,  1,  2, 0.00,327, 9.1
2026-03-23 00:09:03, -1.1025,54.6779,  87.7,16938,-55.5,-85.7,-80.9,  1,  2, 0.00,328, 9.1
2026-03-23 00:09:05, -1.1023,54.6778,  87.6,16948,-55.6,-85.7,-80.9,  1,  2, 0.00,329, 9.1
2026-03-23 00:09:07, -1.1022,54.6776,  87.4,16958,-55.6,-85.7,-81.0,  1,  2, 0.00,330, 9.0
2026-03-23 00:09:09, -1.1021,54.6774,  87.3,16969,-55.7,-85.7,-81.0,  1,  2, 0.00,331, 8.9
2026-03-23 00:09:11, -1.1020,54.6773,  87.1,16980,-55.7,-85.7,-81.0,  1,  2, 0.00,332, 8.8
2026-03-23 00:09:13, -1.1019,54.6772,  87.0,16990,-55.7,-85.7,-81.0,  1,  2, 0.00,332, 8.6
2026-03-23 00:09:15, -1.1018,54.6770,  86.9,16999,-55.7,-85.7,-81.0,  1,  2, 0.00,332, 8.4
2026-03-23 00:09:17, -1.1017,54.6769,  86.7,17009,-55.7,-85.8,-81.0,  1,  2, 0.00,332, 8.2
2026-03-23 00:09:19, -1.1016,54.6768,  86.6,17020,-55.6,-85.7,-81.0,  1,  2, 0.00,332, 7.9
2026-03-23 00:09:21, -1.1015,54.6767,  86.5,17030,-55.4,-85.6,-80.9,  1,  2, 0.00,331, 7.7
2026-03-23 00:09:23, -1.1013,54.6765,  86.3,17042,-55.3,-85.6,-80.8,  1,  2, 0.00,331, 7.4
2026-03-23 00:09:25, -1.1012,54.6764,  86.2,17053,-55.3,-85.6,-80.8,  1,  2, 0.00,330, 7.1
2026-03-23 00:09:27, -1.1011,54.6763,  86.0,17064,-55.3,-85.6,-80.8,  1,  2, 0.00,329, 6.9
2026-03-23 00:09:29, -1.1010,54.6762,  85.8,17075,-55.4,-85.7,-80.9,  1,  2, 0.00,327, 6.6
2026-03-23 00:09:31, -1.1009,54.6761,  85.7,17085,-55.5,-85.7,-80.9,  1,  2, 0.00,326, 6.4
2026-03-23 00:09:33, -1.1008,54.6761,  85.6,17095,-55.5,-85.7,-81.0,  1,  2, 0.00,325, 6.2
2026-03-23 00:09:35, -1.1007,54.6760,  85.4,17105,-55.6,-85.8,-81.0,  1,  2, 0.00,323, 6.0
2026-03-23 00:09:37, -1.1005,54.6759,  85.3,17116,-55.6,-85.8,-81.0,  1,  2, 0.00,322, 5.8
2026-03-23 00:09:39, -1.1004,54.6759,  85.2,17127,-55.6,-85.8,-81.0,  1,  2, 0.00,320, 5.7
2026-03-23 00:09:41, -1.1003,54.6758,  85.0,17138,-55.7,-85.8,-81.0,  1,  2, 0.00,319, 5.6
2026-03-23 00:09:43, -1.1002,54.6758,  84.9,17149,-55.7,-85.8,-81.0,  1,  2, 0.00,318, 5.5
2026-03-23 00:09:45, -1.1001,54.6757,  84.7,17161,-55.7,-85.8,-81.0,  1,  2, 0.00,316, 5.4
2026-03-23 00:09:47, -1.1000,54.6756,  84.6,17172,-55.7,-85.8,-81.0,  1,  2, 0.00,315, 5.4
2026-03-23 00:09:49, -1.0999,54.6755,  84.4,17182,-55.8,-85.8,-81.0,  1,  2, 0.00,313, 5.3
2026-03-23 00:09:51, -1.0998,54.6755,  84.3,17192,-55.9,-85.8,-81.0,  1,  2, 0.00,312, 5.3
2026-03-23 00:09:53, -1.0996,54.6754,  84.1,17203,-55.9,-85.8,-81.1,  1,  2, 0.00,310, 5.4
2026-03-23 00:09:55, -1.0995,54.6753,  84.0,17214,-56.0,-85.9,-81.1,  1,  2, 0.00,309, 5.4
2026-03-23 00:09:57, -1.0994,54.6753,  83.8,17225,-56.1,-85.9,-81.1,  1,  2, 0.00,307, 5.4
2026-03-23 00:09:59, -1.0993,54.6752,  83.7,17236,-56.2,-85.9,-81.2,  1,  3, 0.00,305, 5.5
2026-03-23 00:10:01, -1.0991,54.6752,  83.5,17248,-56.3,-85.9,-81.2,  1,  3, 0.00,304, 5.5
2026-03-23 00:10:03, -1.0989,54.6752,  83.4,17259,-56.3,-86.0,-81.2,  1,  3, 0.00,302, 5.6
2026-03-23 00:10:05, -1.0987,54.6751,  83.3,17269,-56.4,-86.0,-81.2,  1,  3, 0.00,300, 5.6
2026-03-23 00:10:07, -1.0986,54.6751,  83.2,17278,-56.4,-86.0,-81.2,  1,  3, 0.00,299, 5.7
2026-03-23 00:10:09, -1.0985,54.6750,  83.0,17288,-56.5,-86.0,-81.2,  1,  3, 0.00,298, 5.8
2026-03-23 00:10:11, -1.0983,54.6750,  82.9,17299,-56.5,-86.0,-81.2,  1,  3, 0.00,297, 5.9
2026-03-23 00:10:13, -1.0981,54.6750,  82.7,17309,-56.6,-86.0,-81.2,  2,  3, 0.00,296, 6.1
2026-03-23 00:10:15, -1.0979,54.6749,  82.6,17319,-56.7,-86.0,-81.3,  2,  3, 0.00,295, 6.2
2026-03-23 00:10:17, -1.0978,54.6749,  82.5,17330,-56.7,-86.0,-81.3,  2,  3, 0.00,295, 6.4
2026-03-23 00:10:19, -1.0976,54.6748,  82.3,17340,-56.8,-86.1,-81.3,  2,  3, 0.00,295, 6.6
2026-03-23 00:10:21, -1.0975,54.6748,  82.2,17351,-56.9,-86.1,-81.4,  2,  3, 0.00,295, 6.8
2026-03-23 00:10:23, -1.0973,54.6748,  82.0,17363,-57.0,-86.2,-81.4,  2,  3, 0.00,295, 7.0
2026-03-23 00:10:25, -1.0971,54.6747,  81.9,17374,-57.1,-86.2,-81.4,  2,  3, 0.00,295, 7.3
2026-03-23 00:10:27, -1.0968,54.6747,  81.8,17385,-57.1,-86.2,-81.5,  2,  3, 0.00,295, 7.5
2026-03-23 00:10:29, -1.0966,54.6746,  81.6,17397,-57.2,-86.2,-81.5,  2,  3, 0.00,295, 7.8
2026-03-23 00:10:31, -1.0963,54.6745,  81.5,17407,-57.2,-86.2,-81.5,  2,  3, 0.00,296, 8.0
2026-03-23 00:10:33, -1.0961,54.6744,  81.3,17418,-57.2,-86.2,-81.5,  2,  3, 0.00,296, 8.3
2026-03-23 00:10:35, -1.0959,54.6744,  81.2,17431,-57.3,-86.2,-81.5,  2,  3, 0.00,297, 8.6
2026-03-23 00:10:37, -1.0956,54.6743,  81.0,17442,-57.3,-86.2,-81.5,  2,  3, 0.00,297, 8.8
2026-03-23 00:10:39, -1.0953,54.6742,  80.9,17452,-57.4,-86.3,-81.5,  2,  3, 0.00,297, 9.0
2026-03-23 00:10:41, -1.0951,54.6741,  80.8,17464,-57.5,-86.3,-81.6,  2,  3, 0.00,298, 9.2
2026-03-23 00:10:43, -1.0948,54.6740,  80.6,17476,-57.5,-86.4,-81.6,  2,  3, 0.00,299, 9.4
2026-03-23 00:10:45, -1.0946,54.6740,  80.5,17486,-57.6,-86.4,-81.6,  2,  3, 0.00,299, 9.5
2026-03-23 00:10:47, -1.0943,54.6739,  80.3,17496,-57.6,-86.4,-81.7,  2,  3, 0.00,300, 9.6
2026-03-23 00:10:49, -1.0940,54.6738,  80.2,17507,-57.7,-86.5,-81.7,  2,  3, 0.00,300, 9.7
2026-03-23 00:10:51, -1.0937,54.6737,  80.1,17516,-57.8,-86.6,-81.8,  2,  3, 0.00,301, 9.8
2026-03-23 00:10:53, -1.0934,54.6736,  80.0,17525,-57.8,-86.6,-81.9,  2,  3, 0.00,301, 9.8
2026-03-23 00:10:55, -1.0932,54.6735,  79.9,17534,-57.9,-86.7,-82.0,  2,  3, 0.00,302, 9.8
2026-03-23 00:10:57, -1.0930,54.6734,  79.7,17544,-57.8,-86.7,-82.0,  2,  3, 0.00,302, 9.8
2026-03-23 00:10:59, -1.0927,54.6733,  79.6,17555,-57.6,-86.6,-81.9,  2,  3, 0.00,302, 9.7
2026-03-23 00:11:01, -1.0924,54.6732,  79.5,17564,-57.2,-86.4,-81.7,  2,  3, 0.00,302, 9.7
2026-03-23 00:11:03, -1.0922,54.6731,  79.3,17575,-57.1,-86.4,-81.7,  1,  3, 0.00,302, 9.6
2026-03-23 00:11:05, -1.0920,54.6730,  79.2,17585,-57.0,-86.4,-81.7,  1,  3, 0.00,301, 9.5
2026-03-23 00:11:07, -1.0918,54.6729,  79.1,17596,-56.8,-86.3,-81.6,  1,  3, 0.00,300, 9.4
2026-03-23 00:11:09, -1.0916,54.6728,  78.9,17609,-56.6,-86.2,-81.5,  1,  3, 0.00,299, 9.4
2026-03-23 00:11:11, -1.0913,54.6728,  78.8,17620,-56.6,-86.3,-81.5,  1,  2, 0.00,298, 9.3
2026-03-23 00:11:13, -1.0911,54.6727,  78.7,17629,-56.5,-86.3,-81.5,  1,  2, 0.00,297, 9.3
2026-03-23 00:11:15, -1.0908,54.6727,  78.5,17639,-56.5,-86.3,-81.5,  1,  2, 0.00,295, 9.3
2026-03-23 00:11:17, -1.0905,54.6726,  78.4,17651,-56.3,-86.2,-81.4,  1,  2, 0.00,294, 9.3
2026-03-23 00:11:19, -1.0902,54.6725,  78.3,17661,-56.3,-86.2,-81.4,  1,  2, 0.00,293, 9.4
2026-03-23 00:11:21, -1.0899,54.6725,  78.2,17670,-56.2,-86.2,-81.4,  1,  2, 0.00,292, 9.4
2026-03-23 00:11:23, -1.0897,54.6724,  78.0,17680,-56.1,-86.1,-81.3,  1,  2, 0.00,291, 9.5
2026-03-23 00:11:25, -1.0894,54.6724,  77.9,17692,-56.0,-86.0,-81.2,  1,  2, 0.00,291, 9.6
2026-03-23 00:11:27, -1.0891,54.6724,  77.8,17702,-56.0,-86.0,-81.2,  1,  2, 0.00,290, 9.6
2026-03-23 00:11:29, -1.0888,54.6723,  77.6,17713,-56.0,-86.0,-81.2,  1,  2, 0.00,291, 9.7
2026-03-23 00:11:31, -1.0885,54.6722,  77.5,17723,-55.9,-85.9,-81.2,  1,  2, 0.00,291, 9.7
2026-03-23 00:11:33, -1.0882,54.6722,  77.4,17734,-56.0,-85.9,-81.2,  1,  2, 0.00,291, 9.7
2026-03-23 00:11:35, -1.0879,54.6721,  77.2,17745,-56.0,-85.9,-81.2,  1,  2, 0.00,292, 9.7
2026-03-23 00:11:37, -1.0876,54.6720,  77.1,17756,-56.0,-85.9,-81.1,  1,  2, 0.00,293, 9.7
2026-03-23 00:11:39, -1.0874,54.6720,  77.0,17766,-56.0,-85.9,-81.1,  1,  2, 0.00,294, 9.6
2026-03-23 00:11:41, -1.0871,54.6719,  76.9,17777,-56.0,-85.9,-81.1,  1,  2, 0.00,295, 9.6
2026-03-23 00:11:43, -1.0868,54.6718,  76.7,17788,-56.1,-85.9,-81.1,  1,  2, 0.00,296, 9.5
2026-03-23 00:11:45, -1.0865,54.6717,  76.6,17800,-56.2,-85.9,-81.2,  1,  2, 0.00,297, 9.5
2026-03-23 00:11:47, -1.0863,54.6717,  76.5,17810,-56.2,-85.9,-81.2,  1,  3, 0.00,299, 9.4
2026-03-23 00:11:49, -1.0861,54.6716,  76.3,17821,-56.2,-85.9,-81.2,  1,  3, 0.00,300, 9.3
2026-03-23 00:11:51, -1.0859,54.6715,  76.2,17831,-56.2,-85.9,-81.1,  1,  3, 0.00,301, 9.3
2026-03-23 00:11:53, -1.0857,54.6714,  76.1,17842,-56.2,-85.8,-81.1,  1,  3, 0.00,302, 9.2
2026-03-23 00:11:55, -1.0854,54.6713,  76.0,17852,-56.2,-85.8,-81.1,  1,  3, 0.00,303, 9.2
2026-03-23 00:11:57, -1.0852,54.6712,  75.8,17864,-56.1,-85.8,-81.0,  1,  3, 0.00,303, 9.2
2026-03-23 00:11:59, -1.0849,54.6711,  75.7,17875,-56.1,-85.7,-81.0,  1,  3, 0.00,304, 9.1
2026-03-23 00:12:01, -1.0847,54.6710,  75.6,17886,-56.2,-85.8,-81.0,  1,  3, 0.00,305, 9.1
2026-03-23 00:12:03, -1.0845,54.6709,  75.4,17896,-56.2,-85.9,-81.1,  1,  3, 0.00,306, 9.0
2026-03-23 00:12:05, -1.0843,54.6709,  75.3,17906,-56.3,-85.9,-81.2,  1,  3, 0.00,307, 9.0
2026-03-23 00:12:07, -1.0840,54.6708,  75.2,17918,-56.4,-86.0,-81.2,  1,  3, 0.00,308, 8.9
2026-03-23 00:12:09, -1.0838,54.6707,  75.0,17931,-56.4,-86.0,-81.2,  1,  3, 0.00,309, 8.8
2026-03-23 00:12:11, -1.0835,54.6706,  74.9,17942,-56.4,-86.0,-81.2,  1,  3, 0.00,309, 8.7
2026-03-23 00:12:13, -1.0833,54.6705,  74.8,17953,-56.4,-86.0,-81.3,  1,  3, 0.00,310, 8.6
2026-03-23 00:12:15, -1.0832,54.6703,  74.6,17964,-56.4,-86.0,-81.3,  1,  3, 0.00,312, 8.4
2026-03-23 00:12:17, -1.0830,54.6702,  74.5,17974,-56.4,-86.0,-81.2,  1,  3, 0.00,313, 8.2
2026-03-23 00:12:19, -1.0828,54.6701,  74.4,17986,-56.3,-85.9,-81.2,  1,  3, 0.00,314, 8.1
2026-03-23 00:12:21, -1.0827,54.6701,  74.2,17998,-56.2,-85.9,-81.1,  1,  3, 0.00,315, 7.9
2026-03-23 00:12:23, -1.0825,54.6700,  74.1,18010,-56.2,-85.9,-81.2,  1,  3, 0.00,316, 7.7
2026-03-23 00:12:25, -1.0824,54.6698,  74.0,18020,-56.3,-86.0,-81.2,  1,  3, 0.00,317, 7.6
2026-03-23 00:12:27, -1.0823,54.6697,  73.8,18031,-56.4,-86.0,-81.2,  1,  3, 0.00,318, 7.4
2026-03-23 00:12:29, -1.0821,54.6696,  73.7,18042,-56.4,-86.0,-81.3,  1,  3, 0.00,319, 7.3
2026-03-23 00:12:31, -1.0820,54.6696,  73.6,18052,-56.4,-86.0,-81.2,  1,  3, 0.00,320, 7.1
2026-03-23 00:12:33, -1.0818,54.6695,  73.5,18063,-56.4,-86.0,-81.2,  1,  3, 0.00,320, 7.1
2026-03-23 00:12:35, -1.0817,54.6694,  73.3,18075,-56.4,-86.0,-81.2,  1,  3, 0.00,321, 7.0
2026-03-23 00:12:37, -1.0816,54.6693,  73.2,18087,-56.5,-86.0,-81.2,  1,  3, 0.00,322, 6.9
2026-03-23 00:12:39, -1.0815,54.6692,  73.1,18098,-56.5,-85.9,-81.2,  1,  3, 0.00,322, 6.9
2026-03-23 00:12:41, -1.0814,54.6691,  72.9,18108,-56.4,-85.9,-81.1,  2,  3, 0.00,323, 6.8
2026-03-23 00:12:43, -1.0813,54.6690,  72.8,18119,-56.4,-85.9,-81.1,  2,  3, 0.00,323, 6.8
2026-03-23 00:12:45, -1.0811,54.6689,  72.7,18130,-56.5,-85.9,-81.1,  2,  3, 0.00,324, 6.8
2026-03-23 00:12:47, -1.0810,54.6688,  72.6,18140,-56.6,-85.9,-81.2,  2,  3, 0.00,324, 6.7
2026-03-23 00:12:49, -1.0808,54.6687,  72.4,18151,-56.7,-86.0,-81.2,  2,  3, 0.00,324, 6.6
2026-03-23 00:12:51, -1.0807,54.6686,  72.3,18162,-56.8,-86.1,-81.3,  2,  3, 0.00,324, 6.5
2026-03-23 00:12:53, -1.0806,54.6685,  72.2,18173,-56.9,-86.1,-81.3,  2,  3, 0.00,324, 6.3
2026-03-23 00:12:55, -1.0805,54.6684,  72.1,18184,-56.9,-86.1,-81.3,  2,  3, 0.00,324, 6.1
2026-03-23 00:12:57, -1.0804,54.6683,  71.9,18196,-56.9,-86.1,-81.4,  2,  3, 0.00,324, 5.9
2026-03-23 00:12:59, -1.0803,54.6682,  71.8,18208,-57.0,-86.2,-81.4,  2,  3, 0.00,323, 5.7
2026-03-23 00:13:01, -1.0802,54.6681,  71.7,18218,-57.1,-86.2,-81.4,  2,  3, 0.00,323, 5.4
2026-03-23 00:13:03, -1.0801,54.6681,  71.6,18230,-57.1,-86.2,-81.5,  2,  3, 0.00,322, 5.1
2026-03-23 00:13:05, -1.0800,54.6680,  71.4,18241,-57.1,-86.2,-81.5,  2,  3, 0.00,321, 4.8
2026-03-23 00:13:07, -1.0800,54.6680,  71.3,18253,-57.1,-86.2,-81.4,  2,  3, 0.00,319, 4.5
2026-03-23 00:13:09, -1.0799,54.6679,  71.2,18265,-57.1,-86.2,-81.4,  2,  3, 0.00,317, 4.3
2026-03-23 00:13:11, -1.0798,54.6679,  71.0,18276,-57.0,-86.1,-81.4,  2,  3, 0.00,315, 4.0
2026-03-23 00:13:13, -1.0797,54.6679,  70.9,18287,-57.1,-86.2,-81.4,  2,  3, 0.00,313, 3.8
2026-03-23 00:13:15, -1.0796,54.6678,  70.8,18299,-57.1,-86.1,-81.4,  2,  3, 0.00,310, 3.7
2026-03-23 00:13:17, -1.0796,54.6678,  70.7,18311,-57.1,-86.1,-81.4,  2,  3, 0.00,308, 3.5
2026-03-23 00:13:19, -1.0795,54.6678,  70.5,18322,-57.2,-86.2,-81.4,  2,  3, 0.00,305, 3.4
2026-03-23 00:13:21, -1.0794,54.6678,  70.4,18333,-57.3,-86.2,-81.4,  2,  3, 0.00,302, 3.4
2026-03-23 00:13:23, -1.0794,54.6677,  70.3,18344,-57.4,-86.2,-81.5,  2,  3, 0.00,299, 3.4
2026-03-23 00:13:25, -1.0793,54.6677,  70.2,18355,-57.5,-86.3,-81.5,  2,  3, 0.00,296, 3.4
2026-03-23 00:13:26, -1.0792,54.6677,  70.0,18366,-57.6,-86.3,-81.5,  2,  3, 0.00,294, 3.5
2026-03-23 00:13:27, -1.0792,54.6677,  70.0,18369,-57.6,-86.3,-81.6,  2,  3, 0.00,292, 3.6
2026-03-23 00:13:29, -1.0791,54.6676,  69.9,18377,-57.7,-86.3,-81.6,  2,  3, 0.00,292, 3.6
2026-03-23 00:13:31, -1.0789,54.6676,  69.8,18388,-57.8,-86.4,-81.6,  2,  3, 0.00,291, 3.7
2026-03-23 00:13:33, -1.0788,54.6677,  69.7,18398,-57.9,-86.4,-81.6,  2,  3, 0.00,290, 3.9
2026-03-23 00:13:35, -1.0787,54.6677,  69.6,18408,-57.9,-86.4,-81.7,  2,  3, 0.00,289, 4.0
2026-03-23 00:13:37, -1.0786,54.6676,  69.4,18420,-58.0,-86.5,-81.7,  2,  3, 0.00,288, 4.2
2026-03-23 00:13:39, -1.0785,54.6676,  69.3,18432,-58.1,-86.5,-81.7,  2,  3, 0.00,288, 4.4
2026-03-23 00:13:41, -1.0783,54.6675,  69.2,18443,-58.1,-86.5,-81.7,  2,  3, 0.00,288, 4.5
2026-03-23 00:13:43, -1.0781,54.6675,  69.1,18453,-58.2,-86.5,-81.7,  2,  3, 0.00,288, 4.7
2026-03-23 00:13:45, -1.0780,54.6675,  69.0,18463,-58.3,-86.5,-81.7,  2,  3, 0.00,288, 4.9
2026-03-23 00:13:47, -1.0778,54.6675,  68.8,18474,-58.3,-86.5,-81.7,  2,  3, 0.00,288, 5.0
2026-03-23 00:13:49, -1.0777,54.6675,  68.7,18485,-58.4,-86.5,-81.8,  2,  3, 0.00,288, 5.2
2026-03-23 00:13:51, -1.0776,54.6674,  68.6,18497,-58.5,-86.6,-81.8,  2,  3, 0.00,288, 5.4
2026-03-23 00:13:53, -1.0774,54.6674,  68.5,18508,-58.5,-86.6,-81.8,  2,  3, 0.00,288, 5.5
2026-03-23 00:13:55, -1.0772,54.6673,  68.4,18518,-58.6,-86.6,-81.9,  2,  3, 0.00,288, 5.6
2026-03-23 00:13:57, -1.0771,54.6673,  68.2,18528,-58.6,-86.7,-81.9,  2,  3, 0.00,288, 5.8
2026-03-23 00:13:59, -1.0769,54.6673,  68.1,18539,-58.7,-86.8,-82.0,  2,  3, 0.00,288, 5.8
2026-03-23 00:14:01, -1.0767,54.6673,  68.0,18549,-58.8,-86.8,-82.1,  2,  3, 0.00,289, 5.9
2026-03-23 00:14:03, -1.0765,54.6672,  67.9,18559,-58.8,-86.9,-82.1,  2,  3, 0.00,289, 6.0
2026-03-23 00:14:05, -1.0763,54.6672,  67.8,18569,-58.9,-87.0,-82.2,  2,  3, 0.00,290, 6.0
2026-03-23 00:14:07, -1.0761,54.6671,  67.7,18580,-58.8,-87.0,-82.3,  2,  3, 0.00,291, 6.0
2026-03-23 00:14:09, -1.0759,54.6671,  67.6,18590,-58.7,-87.0,-82.3,  2,  3, 0.00,292, 5.9
2026-03-23 00:14:11, -1.0757,54.6671,  67.5,18601,-58.7,-87.1,-82.3,  2,  3, 0.00,293, 5.8
2026-03-23 00:14:13, -1.0755,54.6670,  67.3,18612,-58.6,-87.1,-82.4,  2,  3, 0.00,294, 5.7
2026-03-23 00:14:15, -1.0754,54.6670,  67.2,18622,-58.4,-87.0,-82.3,  2,  3, 0.00,296, 5.5
2026-03-23 00:14:17, -1.0753,54.6670,  67.1,18633,-58.1,-86.9,-82.1,  2,  3, 0.00,297, 5.3
2026-03-23 00:14:19, -1.0751,54.6669,  67.0,18642,-57.9,-86.8,-82.1,  2,  3, 0.00,299, 5.1
2026-03-23 00:14:21, -1.0750,54.6669,  66.9,18652,-57.9,-86.9,-82.1,  2,  3, 0.00,301, 4.9
2026-03-23 00:14:23, -1.0749,54.6668,  66.8,18663,-57.9,-87.0,-82.2,  2,  3, 0.00,303, 4.6
2026-03-23 00:14:25, -1.0748,54.6667,  66.7,18674,-57.8,-86.9,-82.2,  1,  3, 0.00,305, 4.4
2026-03-23 00:14:27, -1.0747,54.6667,  66.6,18684,-57.7,-86.9,-82.1,  1,  3, 0.00,307, 4.2
2026-03-23 00:14:29, -1.0746,54.6667,  66.5,18693,-57.7,-86.9,-82.1,  1,  3, 0.00,309, 3.9
2026-03-23 00:14:31, -1.0746,54.6666,  66.4,18703,-57.7,-86.9,-82.1,  1,  3, 0.00,311, 3.7
2026-03-23 00:14:33, -1.0745,54.6666,  66.3,18714,-57.6,-86.9,-82.1,  1,  3, 0.00,313, 3.5
2026-03-23 00:14:35, -1.0744,54.6666,  66.1,18725,-57.6,-86.8,-82.0,  1,  3, 0.00,315, 3.3
2026-03-23 00:14:37, -1.0744,54.6665,  66.0,18736,-57.6,-86.8,-82.0,  1,  3, 0.00,317, 3.1
2026-03-23 00:14:39, -1.0743,54.6665,  65.9,18748,-57.6,-86.8,-82.1,  1,  3, 0.00,319, 3.0
2026-03-23 00:14:41, -1.0743,54.6664,  65.8,18760,-57.6,-86.8,-82.1,  1,  3, 0.00,320, 2.8
2026-03-23 00:14:43, -1.0743,54.6664,  65.7,18770,-57.6,-86.8,-82.0,  1,  3, 0.00,321, 2.7
2026-03-23 00:14:45, -1.0743,54.6664,  65.6,18779,-57.5,-86.7,-82.0,  1,  3, 0.00,321, 2.5
2026-03-23 00:14:47, -1.0742,54.6664,  65.5,18790,-57.5,-86.7,-81.9,  1,  3, 0.00,321, 2.4
2026-03-23 00:14:49, -1.0742,54.6663,  65.3,18802,-57.5,-86.7,-81.9,  1,  3, 0.00,321, 2.3
2026-03-23 00:14:51, -1.0741,54.6662,  65.2,18812,-57.5,-86.6,-81.9,  2,  3, 0.00,320, 2.2
2026-03-23 00:14:53, -1.0740,54.6662,  65.1,18822,-57.5,-86.6,-81.9,  2,  3, 0.00,318, 2.1
2026-03-23 00:14:55, -1.0740,54.6662,  65.0,18833,-57.5,-86.6,-81.9,  2,  3, 0.00,316, 2.0
2026-03-23 00:14:57, -1.0740,54.6662,  64.9,18844,-57.5,-86.6,-81.9,  2,  3, 0.00,312, 1.9
2026-03-23 00:14:59, -1.0740,54.6662,  64.8,18854,-57.5,-86.6,-81.8,  2,  3, 0.00,308, 1.8
2026-03-23 00:15:01, -1.0739,54.6662,  64.7,18863,-57.5,-86.6,-81.8,  2,  3, 0.00,302, 1.7
2026-03-23 00:15:03, -1.0739,54.6662,  64.6,18875,-57.5,-86.6,-81.8,  2,  3, 0.00,296, 1.6
2026-03-23 00:15:05, -1.0738,54.6662,  64.5,18886,-57.6,-86.6,-81.9,  2,  3, 0.00,290, 1.6
2026-03-23 00:15:07, -1.0738,54.6662,  64.3,18899,-57.7,-86.7,-81.9,  2,  3, 0.00,282, 1.6
2026-03-23 00:15:09, -1.0737,54.6662,  64.2,18909,-57.8,-86.7,-82.0,  2,  3, 0.00,275, 1.6
2026-03-23 00:15:11, -1.0737,54.6662,  64.1,18919,-57.9,-86.8,-82.0,  2,  3, 0.00,268, 1.6
2026-03-23 00:15:13, -1.0736,54.6662,  64.1,18928,-57.9,-86.8,-82.1,  2,  3, 0.00,262, 1.7
2026-03-23 00:15:15, -1.0735,54.6662,  63.9,18939,-58.0,-86.8,-82.1,  2,  3, 0.00,257, 1.8
2026-03-23 00:15:17, -1.0735,54.6662,  63.8,18949,-58.0,-86.9,-82.1,  2,  3, 0.00,253, 1.9
2026-03-23 00:15:19, -1.0734,54.6662,  63.7,18961,-58.1,-87.0,-82.2,  2,  3, 0.00,250, 2.0
2026-03-23 00:15:21, -1.0734,54.6662,  63.6,18974,-58.2,-87.0,-82.3,  2,  3, 0.00,248, 2.1
2026-03-23 00:15:23, -1.0734,54.6663,  63.5,18986,-58.2,-87.0,-82.3,  2,  3, 0.00,247, 2.3
2026-03-23 00:15:25, -1.0733,54.6663,  63.4,18996,-57.9,-86.8,-82.1,  2,  3, 0.00,246, 2.4
2026-03-23 00:15:27, -1.0732,54.6663,  63.3,19006,-57.6,-86.6,-81.9,  2,  3, 0.00,246, 2.4
2026-03-23 00:15:29, -1.0731,54.6663,  63.2,19015,-57.5,-86.6,-81.8,  2,  3, 0.00,246, 2.5
2026-03-23 00:15:31, -1.0730,54.6663,  63.1,19025,-57.6,-86.6,-81.9,  2,  3, 0.00,247, 2.6
2026-03-23 00:15:33, -1.0729,54.6664,  62.9,19038,-57.6,-86.6,-81.9,  2,  3, 0.00,248, 2.6
2026-03-23 00:15:35, -1.0728,54.6664,  62.8,19050,-57.7,-86.7,-81.9,  2,  3, 0.00,249, 2.6
2026-03-23 00:15:37, -1.0728,54.6664,  62.7,19059,-57.8,-86.7,-81.9,  2,  3, 0.00,251, 2.7
2026-03-23 00:15:39, -1.0727,54.6665,  62.7,19067,-57.8,-86.7,-82.0,  2,  3, 0.00,253, 2.7
2026-03-23 00:15:41, -1.0726,54.6664,  62.5,19079,-57.9,-86.7,-82.0,  2,  3, 0.00,255, 2.7
2026-03-23 00:15:43, -1.0725,54.6664,  62.4,19090,-58.0,-86.7,-82.0,  2,  3, 0.00,257, 2.6
2026-03-23 00:15:45, -1.0724,54.6664,  62.3,19102,-58.1,-86.8,-82.0,  2,  3, 0.00,260, 2.6
2026-03-23 00:15:47, -1.0724,54.6664,  62.2,19112,-58.1,-86.8,-82.0,  2,  3, 0.00,263, 2.6
2026-03-23 00:15:49, -1.0723,54.6665,  62.1,19123,-58.2,-86.8,-82.0,  2,  3, 0.00,266, 2.6
2026-03-23 00:15:51, -1.0723,54.6665,  62.0,19135,-58.3,-86.8,-82.0,  2,  3, 0.00,269, 2.6
2026-03-23 00:15:53, -1.0722,54.6666,  61.9,19148,-58.4,-86.8,-82.1,  2,  3, 0.00,272, 2.6
2026-03-23 00:15:55, -1.0721,54.6665,  61.7,19159,-58.5,-86.9,-82.1,  2,  3, 0.00,275, 2.6
2026-03-23 00:15:57, -1.0720,54.6665,  61.7,19169,-58.5,-86.9,-82.1,  2,  3, 0.00,277, 2.6
2026-03-23 00:15:59, -1.0719,54.6664,  61.5,19180,-58.6,-86.9,-82.2,  2,  3, 0.00,280, 2.6
2026-03-23 00:16:01, -1.0718,54.6664,  61.4,19190,-58.7,-86.9,-82.2,  2,  3, 0.00,281, 2.7
2026-03-23 00:16:03, -1.0717,54.6664,  61.3,19201,-58.7,-87.0,-82.2,  2,  3, 0.00,283, 2.7
2026-03-23 00:16:05, -1.0716,54.6664,  61.2,19213,-58.8,-87.0,-82.2,  2,  3, 0.00,283, 2.7
2026-03-23 00:16:07, -1.0716,54.6664,  61.1,19224,-58.9,-87.1,-82.3,  2,  3, 0.00,283, 2.7
2026-03-23 00:16:09, -1.0715,54.6664,  61.0,19233,-58.9,-87.1,-82.4,  2,  3, 0.00,283, 2.6
2026-03-23 00:16:11, -1.0714,54.6664,  60.9,19244,-58.9,-87.1,-82.4,  2,  3, 0.00,281, 2.6
2026-03-23 00:16:13, -1.0713,54.6663,  60.8,19258,-58.9,-87.1,-82.4,  2,  3, 0.00,279, 2.6
2026-03-23 00:16:15, -1.0713,54.6663,  60.7,19270,-58.8,-87.1,-82.3,  2,  3, 0.00,275, 2.5
2026-03-23 00:16:17, -1.0712,54.6663,  60.6,19281,-58.7,-87.1,-82.3,  2,  3, 0.00,271, 2.5
2026-03-23 00:16:19, -1.0711,54.6664,  60.4,19294,-58.8,-87.1,-82.4,  2,  3, 0.00,267, 2.4
2026-03-23 00:16:21, -1.0710,54.6664,  60.3,19304,-58.7,-87.1,-82.4,  2,  3, 0.00,262, 2.4
2026-03-23 00:16:23, -1.0710,54.6664,  60.3,19311,-58.7,-87.1,-82.3,  2,  3, 0.00,257, 2.5
2026-03-23 00:16:25, -1.0709,54.6664,  60.2,19322,-58.7,-87.1,-82.4,  2,  3, 0.00,252, 2.5
2026-03-23 00:16:27, -1.0709,54.6664,  60.0,19335,-58.8,-87.2,-82.5,  2,  3, 0.00,247, 2.6
2026-03-23 00:16:29, -1.0708,54.6664,  59.9,19345,-58.8,-87.3,-82.5,  2,  3, 0.00,244, 2.7
2026-03-23 00:16:31, -1.0707,54.6665,  59.9,19356,-58.8,-87.3,-82.5,  2,  3, 0.00,241, 2.7
2026-03-23 00:16:33, -1.0707,54.6665,  59.7,19368,-58.8,-87.3,-82.5,  2,  3, 0.00,239, 2.8
2026-03-23 00:16:35, -1.0706,54.6666,  59.6,19378,-58.8,-87.3,-82.5,  2,  3, 0.00,238, 2.8
2026-03-23 00:16:37, -1.0705,54.6666,  59.5,19387,-58.8,-87.3,-82.5,  2,  3, 0.00,238, 2.9
2026-03-23 00:16:39, -1.0704,54.6667,  59.4,19399,-58.7,-87.2,-82.5,  2,  3, 0.00,238, 2.9
2026-03-23 00:16:41, -1.0703,54.6667,  59.3,19410,-58.7,-87.2,-82.5,  2,  3, 0.00,239, 2.9
2026-03-23 00:16:43, -1.0702,54.6668,  59.2,19422,-58.7,-87.2,-82.5,  2,  3, 0.00,241, 2.8
2026-03-23 00:16:45, -1.0702,54.6668,  59.1,19433,-58.8,-87.2,-82.5,  2,  3, 0.00,244, 2.7
2026-03-23 00:16:47, -1.0701,54.6668,  59.0,19445,-58.7,-87.2,-82.5,  2,  3, 0.00,247, 2.7
2026-03-23 00:16:49, -1.0701,54.6668,  58.9,19456,-58.8,-87.3,-82.5,  2,  3, 0.00,251, 2.6
2026-03-23 00:16:51, -1.0700,54.6668,  58.8,19466,-58.9,-87.3,-82.5,  2,  3, 0.00,255, 2.5
2026-03-23 00:16:53, -1.0699,54.6668,  58.7,19477,-58.9,-87.3,-82.6,  2,  3, 0.00,259, 2.4
2026-03-23 00:16:55, -1.0698,54.6668,  58.6,19487,-58.9,-87.3,-82.6,  2,  3, 0.00,264, 2.4
2026-03-23 00:16:57, -1.0697,54.6668,  58.5,19499,-58.9,-87.3,-82.6,  2,  3, 0.00,269, 2.3
2026-03-23 00:16:59, -1.0696,54.6668,  58.4,19512,-58.9,-87.3,-82.6,  2,  3, 0.00,273, 2.2
2026-03-23 00:17:01, -1.0696,54.6668,  58.3,19523,-58.9,-87.3,-82.6,  2,  3, 0.00,278, 2.2
2026-03-23 00:17:03, -1.0695,54.6668,  58.2,19534,-58.8,-87.3,-82.5,  2,  3, 0.00,282, 2.2
2026-03-23 00:17:05, -1.0695,54.6668,  58.1,19543,-58.8,-87.3,-82.5,  2,  3, 0.00,286, 2.1
2026-03-23 00:17:07, -1.0694,54.6668,  58.0,19551,-58.9,-87.3,-82.6,  2,  3, 0.00,290, 2.1
2026-03-23 00:17:09, -1.0694,54.6668,  57.9,19563,-58.9,-87.4,-82.6,  2,  3, 0.00,293, 2.1
2026-03-23 00:17:11, -1.0693,54.6667,  57.8,19575,-58.9,-87.4,-82.6,  2,  3, 0.00,296, 2.0
2026-03-23 00:17:13, -1.0693,54.6667,  57.7,19587,-58.9,-87.4,-82.6,  2,  3, 0.00,298, 2.0
2026-03-23 00:17:15, -1.0692,54.6667,  57.6,19600,-58.7,-87.3,-82.5,  2,  3, 0.00,301, 2.0
2026-03-23 00:17:17, -1.0692,54.6666,  57.5,19611,-58.7,-87.3,-82.5,  2,  3, 0.00,303, 1.9
2026-03-23 00:17:19, -1.0691,54.6666,  57.4,19622,-58.8,-87.3,-82.6,  2,  3, 0.00,304, 1.9
2026-03-23 00:17:21, -1.0690,54.6666,  57.2,19633,-58.9,-87.4,-82.6,  2,  3, 0.00,306, 1.8
2026-03-23 00:17:23, -1.0690,54.6666,  57.2,19642,-59.0,-87.5,-82.7,  2,  3, 0.00,307, 1.8
2026-03-23 00:17:25, -1.0689,54.6666,  57.1,19652,-58.9,-87.4,-82.7,  2,  3, 0.00,307, 1.7
2026-03-23 00:17:27, -1.0689,54.6666,  57.0,19661,-58.9,-87.5,-82.7,  2,  3, 0.00,308, 1.6
2026-03-23 00:17:29, -1.0689,54.6665,  56.9,19670,-58.9,-87.5,-82.7,  2,  3, 0.00,308, 1.5
2026-03-23 00:17:31, -1.0689,54.6665,  56.8,19684,-58.9,-87.5,-82.7,  2,  3, 0.00,308, 1.4
2026-03-23 00:17:33, -1.0688,54.6665,  56.7,19698,-58.8,-87.4,-82.7,  2,  3, 0.00,307, 1.3
2026-03-23 00:17:35, -1.0688,54.6664,  56.6,19708,-58.8,-87.5,-82.7,  2,  3, 0.00,306, 1.2
2026-03-23 00:17:37, -1.0687,54.6664,  56.5,19721,-58.8,-87.5,-82.7,  2,  3, 0.00,305, 1.1
2026-03-23 00:17:39, -1.0687,54.6665,  56.4,19733,-58.8,-87.5,-82.7,  2,  3, 0.00,302, 1.0
2026-03-23 00:17:41, -1.0687,54.6665,  56.2,19743,-58.7,-87.5,-82.7,  2,  3, 0.00,298, 0.9
2026-03-23 00:17:43, -1.0687,54.6665,  56.2,19753,-58.5,-87.4,-82.6,  2,  3, 0.00,293, 0.8
2026-03-23 00:17:45, -1.0687,54.6665,  56.0,19766,-58.4,-87.3,-82.5,  2,  3, 0.00,287, 0.8
2026-03-23 00:17:47, -1.0687,54.6665,  56.0,19777,-58.4,-87.4,-82.6,  1,  3, 0.00,281, 0.8
2026-03-23 00:17:49, -1.0687,54.6665,  55.8,19789,-58.4,-87.3,-82.6,  1,  3, 0.00,274, 0.8
2026-03-23 00:17:51, -1.0687,54.6665,  55.7,19799,-58.4,-87.4,-82.6,  1,  3, 0.00,267, 0.9
2026-03-23 00:17:53, -1.0687,54.6665,  55.7,19808,-58.5,-87.4,-82.6,  2,  3, 0.00,262, 1.0
2026-03-23 00:17:55, -1.0686,54.6665,  55.6,19820,-58.6,-87.4,-82.6,  2,  3, 0.00,258, 1.1
2026-03-23 00:17:57, -1.0686,54.6665,  55.5,19829,-58.6,-87.4,-82.6,  2,  3, 0.00,256, 1.2
2026-03-23 00:17:59, -1.0686,54.6665,  55.4,19841,-58.6,-87.4,-82.6,  2,  3, 0.00,253, 1.3
2026-03-23 00:18:01, -1.0685,54.6665,  55.3,19856,-58.5,-87.3,-82.5,  2,  3, 0.00,252, 1.5
2026-03-23 00:18:03, -1.0684,54.6665,  55.1,19869,-58.6,-87.3,-82.5,  2,  3, 0.00,251, 1.6
2026-03-23 00:18:05, -1.0684,54.6665,  55.1,19878,-58.6,-87.3,-82.5,  2,  3, 0.00,250, 1.7
2026-03-23 00:18:07, -1.0683,54.6666,  55.0,19887,-58.7,-87.3,-82.5,  2,  3, 0.00,249, 1.9
2026-03-23 00:18:09, -1.0683,54.6666,  54.9,19900,-58.7,-87.3,-82.5,  2,  3, 0.00,249, 2.0
2026-03-23 00:18:11, -1.0682,54.6666,  54.7,19912,-58.8,-87.3,-82.6,  2,  3, 0.00,250, 2.1
2026-03-23 00:18:13, -1.0681,54.6666,  54.7,19922,-58.9,-87.4,-82.6,  2,  3, 0.00,250, 2.2
2026-03-23 00:18:15, -1.0681,54.6666,  54.6,19934,-59.0,-87.4,-82.6,  2,  3, 0.00,251, 2.3
2026-03-23 00:18:17, -1.0680,54.6666,  54.5,19946,-59.1,-87.4,-82.7,  2,  3, 0.00,252, 2.4
2026-03-23 00:18:19, -1.0679,54.6667,  54.4,19956,-59.2,-87.5,-82.7,  2,  3, 0.00,253, 2.5
2026-03-23 00:18:21, -1.0678,54.6667,  54.3,19965,-59.3,-87.5,-82.8,  2,  3, 0.00,255, 2.5
2026-03-23 00:18:23, -1.0677,54.6667,  54.2,19974,-59.3,-87.6,-82.8,  2,  3, 0.00,256, 2.6
2026-03-23 00:18:25, -1.0677,54.6667,  54.1,19985,-59.3,-87.6,-82.8,  2,  3, 0.00,258, 2.6
2026-03-23 00:18:27, -1.0676,54.6667,  54.0,19999,-59.3,-87.5,-82.8,  2,  3, 0.00,259, 2.5
2026-03-23 00:18:29, -1.0675,54.6667,  53.9,20013,-59.2,-87.5,-82.8,  2,  3, 0.00,261, 2.5
2026-03-23 00:18:31, -1.0674,54.6667,  53.8,20023,-59.3,-87.6,-82.8,  2,  3, 0.00,262, 2.4
2026-03-23 00:18:33, -1.0672,54.6667,  53.8,20029,-59.2,-87.5,-82.8,  2,  3, 0.00,262, 2.4
2026-03-23 00:18:35, -1.0671,54.6667,  53.7,20038,-59.2,-87.5,-82.8,  2,  3, 0.00,262, 2.3
2026-03-23 00:18:37, -1.0671,54.6667,  53.6,20050,-59.1,-87.5,-82.8,  2,  3, 0.00,262, 2.1
2026-03-23 00:18:39, -1.0671,54.6667,  53.5,20064,-59.1,-87.5,-82.8,  2,  3, 0.00,260, 2.0
2026-03-23 00:18:41, -1.0671,54.6667,  53.3,20077,-59.1,-87.5,-82.8,  2,  3, 0.00,258, 1.9
2026-03-23 00:18:43, -1.0670,54.6667,  53.2,20088,-59.1,-87.5,-82.7,  2,  3, 0.00,255, 1.8
2026-03-23 00:18:45, -1.0670,54.6667,  53.2,20096,-59.1,-87.5,-82.7,  2,  3, 0.00,250, 1.7
2026-03-23 00:18:47, -1.0669,54.6667,  53.1,20107,-59.2,-87.5,-82.8,  2,  3, 0.00,245, 1.6
2026-03-23 00:18:49, -1.0669,54.6667,  53.0,20118,-59.2,-87.5,-82.8,  2,  3, 0.00,240, 1.6
2026-03-23 00:18:51, -1.0669,54.6668,  52.9,20129,-59.3,-87.6,-82.8,  2,  3, 0.00,235, 1.6
2026-03-23 00:18:53, -1.0669,54.6668,  52.8,20142,-59.3,-87.6,-82.8,  2,  3, 0.00,231, 1.7
2026-03-23 00:18:55, -1.0669,54.6668,  52.7,20156,-59.4,-87.6,-82.8,  2,  3, 0.00,227, 1.8
2026-03-23 00:18:57, -1.0669,54.6669,  52.6,20166,-59.5,-87.6,-82.9,  2,  3, 0.00,226, 1.9
2026-03-23 00:18:59, -1.0668,54.6669,  52.5,20173,-59.5,-87.7,-82.9,  2,  3, 0.00,225, 2.0
2026-03-23 00:19:01, -1.0667,54.6669,  52.4,20185,-59.6,-87.7,-82.9,  2,  3, 0.00,225, 2.1
2026-03-23 00:19:03, -1.0667,54.6669,  52.3,20197,-59.6,-87.7,-82.9,  2,  3, 0.00,225, 2.2
2026-03-23 00:19:05, -1.0666,54.6670,  52.2,20208,-59.7,-87.7,-83.0,  2,  3, 0.00,227, 2.3
2026-03-23 00:19:07, -1.0666,54.6670,  52.1,20222,-59.6,-87.7,-82.9,  2,  3, 0.00,228, 2.4
2026-03-23 00:19:09, -1.0665,54.6671,  52.0,20233,-59.5,-87.5,-82.8,  2,  3, 0.00,230, 2.5
2026-03-23 00:19:11, -1.0665,54.6671,  52.0,20241,-59.6,-87.6,-82.8,  2,  3, 0.00,232, 2.6
2026-03-23 00:19:13, -1.0664,54.6671,  51.9,20252,-59.6,-87.6,-82.8,  2,  3, 0.00,234, 2.7
2026-03-23 00:19:15, -1.0663,54.6671,  51.7,20267,-59.7,-87.6,-82.9,  2,  3, 0.00,237, 2.8
2026-03-23 00:19:17, -1.0662,54.6672,  51.7,20276,-59.8,-87.7,-82.9,  2,  3, 0.00,239, 2.8
2026-03-23 00:19:19, -1.0662,54.6672,  51.6,20286,-59.9,-87.7,-83.0,  2,  3, 0.00,242, 2.9
2026-03-23 00:19:21, -1.0661,54.6673,  51.5,20298,-60.0,-87.8,-83.0,  2,  3, 0.00,245, 2.9
2026-03-23 00:19:23, -1.0660,54.6673,  51.4,20307,-60.0,-87.9,-83.1,  2,  3, 0.00,248, 3.0
2026-03-23 00:19:25, -1.0659,54.6673,  51.4,20315,-60.1,-87.9,-83.1,  2,  3, 0.00,251, 3.0
2026-03-23 00:19:27, -1.0658,54.6673,  51.2,20328,-60.1,-87.9,-83.2,  2,  3, 0.00,255, 3.1
2026-03-23 00:19:29, -1.0657,54.6673,  51.1,20343,-60.2,-88.0,-83.2,  2,  3, 0.00,259, 3.1
2026-03-23 00:19:31, -1.0656,54.6673,  51.0,20353,-60.2,-88.0,-83.3,  2,  3, 0.00,263, 3.2
2026-03-23 00:19:33, -1.0655,54.6673,  51.0,20361,-60.2,-88.1,-83.3,  2,  3, 0.00,267, 3.3
2026-03-23 00:19:35, -1.0654,54.6674,  50.9,20374,-60.2,-88.1,-83.3,  2,  3, 0.00,272, 3.3
2026-03-23 00:19:37, -1.0652,54.6674,  50.8,20386,-60.2,-88.1,-83.4,  2,  3, 0.00,276, 3.4
2026-03-23 00:19:39, -1.0651,54.6673,  50.7,20396,-60.1,-88.1,-83.3,  2,  3, 0.00,279, 3.5
2026-03-23 00:19:41, -1.0650,54.6673,  50.6,20408,-59.8,-87.9,-83.1,  2,  3, 0.00,282, 3.5
2026-03-23 00:19:43, -1.0649,54.6673,  50.5,20417,-59.7,-87.9,-83.1,  2,  3, 0.00,285, 3.6
2026-03-23 00:19:45, -1.0648,54.6672,  50.4,20428,-59.7,-87.9,-83.1,  2,  3, 0.00,287, 3.7
2026-03-23 00:19:47, -1.0647,54.6672,  50.3,20440,-59.7,-87.9,-83.1,  2,  3, 0.00,289, 3.7
2026-03-23 00:19:49, -1.0646,54.6671,  50.3,20448,-59.7,-88.0,-83.2,  2,  3, 0.00,290, 3.7
2026-03-23 00:19:51, -1.0645,54.6671,  50.2,20457,-59.8,-88.0,-83.3,  2,  3, 0.00,291, 3.7
2026-03-23 00:19:53, -1.0644,54.6671,  50.1,20469,-59.9,-88.1,-83.3,  2,  3, 0.00,291, 3.7
2026-03-23 00:19:53, -1.0644,54.6671,  50.0,20482,-60.0,-88.2,-83.4,  2,  3, 0.00,291, 3.7
2026-03-23 00:19:55, -1.0643,54.6670,  50.0,20482,-60.0,-88.2,-83.4,  2,  3, 0.00,291, 3.7
2026-03-23 00:19:57, -1.0642,54.6670,  49.9,20495,-60.0,-88.2,-83.4,  2,  3, 0.00,291, 3.7
2026-03-23 00:19:59, -1.0641,54.6670,  49.8,20503,-59.9,-88.2,-83.4,  2,  3, 0.00,291, 3.7
2026-03-23 00:20:01, -1.0640,54.6670,  49.8,20512,-59.8,-88.1,-83.3,  2,  3, 0.00,291, 3.7
2026-03-23 00:20:03, -1.0639,54.6670,  49.7,20523,-59.8,-88.1,-83.3,  2,  3, 0.00,291, 3.7
2026-03-23 00:20:05, -1.0638,54.6670,  49.6,20535,-59.8,-88.1,-83.3,  2,  3, 0.00,292, 3.7
2026-03-23 00:20:07, -1.0636,54.6670,  49.5,20546,-59.8,-88.1,-83.3,  2,  3, 0.00,294, 3.8
2026-03-23 00:20:09, -1.0635,54.6670,  49.4,20557,-59.8,-88.1,-83.4,  2,  3, 0.00,296, 3.8
2026-03-23 00:20:11, -1.0634,54.6670,  49.3,20568,-59.9,-88.2,-83.4,  2,  3, 0.00,298, 3.9
2026-03-23 00:20:13, -1.0633,54.6669,  49.2,20581,-59.8,-88.1,-83.4,  2,  3, 0.00,301, 4.0
2026-03-23 00:20:15, -1.0632,54.6669,  49.1,20594,-59.6,-88.0,-83.2,  2,  3, 0.00,304, 4.1
2026-03-23 00:20:17, -1.0631,54.6668,  49.0,20604,-59.5,-87.9,-83.1,  2,  3, 0.00,307, 4.2
2026-03-23 00:20:19, -1.0630,54.6667,  49.0,20614,-59.5,-87.9,-83.1,  2,  3, 0.00,310, 4.3
2026-03-23 00:20:21, -1.0629,54.6667,  48.8,20627,-59.6,-87.9,-83.1,  2,  3, 0.00,312, 4.5
2026-03-23 00:20:23, -1.0628,54.6666,  48.8,20637,-59.7,-87.9,-83.2,  2,  3, 0.00,314, 4.6
2026-03-23 00:20:25, -1.0627,54.6665,  48.7,20648,-59.7,-87.9,-83.2,  2,  3, 0.00,316, 4.6
2026-03-23 00:20:27, -1.0626,54.6665,  48.6,20658,-59.7,-87.9,-83.2,  2,  3, 0.00,317, 4.7
2026-03-23 00:20:29, -1.0625,54.6664,  48.5,20669,-59.8,-87.9,-83.2,  2,  3, 0.00,318, 4.6
2026-03-23 00:20:31, -1.0624,54.6664,  48.4,20681,-59.9,-88.0,-83.2,  2,  3, 0.00,318, 4.6
2026-03-23 00:20:33, -1.0624,54.6662,  48.3,20692,-60.0,-88.0,-83.3,  2,  3, 0.00,317, 4.5
2026-03-23 00:20:35, -1.0623,54.6661,  48.3,20702,-60.1,-88.1,-83.3,  2,  3, 0.00,316, 4.3
2026-03-23 00:20:37, -1.0622,54.6661,  48.2,20715,-60.2,-88.1,-83.4,  2,  3, 0.00,314, 4.2
2026-03-23 00:20:39, -1.0621,54.6660,  48.0,20729,-60.3,-88.2,-83.4,  2,  3, 0.00,311, 4.0
2026-03-23 00:20:41, -1.0620,54.6660,  48.0,20740,-60.4,-88.3,-83.5,  2,  3, 0.00,308, 3.8
2026-03-23 00:20:43, -1.0619,54.6660,  47.9,20750,-60.5,-88.3,-83.6,  2,  3, 0.00,305, 3.6
2026-03-23 00:20:45, -1.0618,54.6660,  47.8,20762,-60.4,-88.3,-83.6,  2,  3, 0.00,301, 3.4
2026-03-23 00:20:47, -1.0617,54.6660,  47.7,20774,-60.3,-88.3,-83.5,  2,  3, 0.00,296, 3.2
2026-03-23 00:20:49, -1.0616,54.6660,  47.7,20782,-60.2,-88.2,-83.5,  2,  3, 0.00,292, 3.0
2026-03-23 00:20:51, -1.0615,54.6660,  47.6,20794,-60.1,-88.3,-83.5,  2,  3, 0.00,289, 2.9
2026-03-23 00:20:53, -1.0614,54.6660,  47.4,20808,-60.1,-88.3,-83.6,  2,  3, 0.00,286, 2.8
2026-03-23 00:20:55, -1.0613,54.6660,  47.4,20816,-60.0,-88.4,-83.6,  2,  3, 0.00,285, 2.8
2026-03-23 00:20:57, -1.0613,54.6660,  47.3,20824,-60.0,-88.4,-83.7,  2,  3, 0.00,284, 2.7
2026-03-23 00:20:59, -1.0612,54.6660,  47.2,20835,-59.9,-88.5,-83.7,  1,  3, 0.00,285, 2.7
2026-03-23 00:21:01, -1.0612,54.6660,  47.1,20848,-59.7,-88.4,-83.7,  1,  3, 0.00,287, 2.8
2026-03-23 00:21:03, -1.0611,54.6660,  47.1,20860,-59.4,-88.3,-83.5,  1,  3, 0.00,289, 2.8
2026-03-23 00:21:05, -1.0610,54.6660,  47.0,20871,-59.1,-88.2,-83.4,  1,  3, 0.00,292, 2.9
2026-03-23 00:21:07, -1.0609,54.6659,  46.9,20884,-59.0,-88.2,-83.4,  1,  2, 0.00,296, 3.1
2026-03-23 00:21:09, -1.0608,54.6659,  46.8,20896,-59.0,-88.2,-83.5,  1,  2, 0.00,299, 3.2
2026-03-23 00:21:11, -1.0608,54.6658,  46.7,20906,-58.9,-88.2,-83.5,  1,  2, 0.00,301, 3.5
2026-03-23 00:21:13, -1.0607,54.6658,  46.6,20917,-58.8,-88.2,-83.4,  1,  2, 0.00,303, 3.7
2026-03-23 00:21:15, -1.0606,54.6657,  46.5,20929,-58.6,-88.2,-83.4,  1,  2, 0.00,305, 3.9
2026-03-23 00:21:17, -1.0605,54.6657,  46.5,20940,-58.5,-88.1,-83.3,  1,  2, 0.00,307, 4.1
2026-03-23 00:21:19, -1.0603,54.6656,  46.4,20948,-58.4,-88.0,-83.3,  1,  2, 0.00,308, 4.4
2026-03-23 00:21:21, -1.0602,54.6656,  46.3,20956,-58.3,-88.0,-83.2,  1,  2, 0.00,309, 4.6
2026-03-23 00:21:23, -1.0600,54.6655,  46.3,20967,-58.3,-87.9,-83.2,  1,  2, 0.00,310, 4.7
2026-03-23 00:21:25, -1.0599,54.6655,  46.2,20979,-58.2,-87.9,-83.1,  1,  2, 0.00,312, 4.8
2026-03-23 00:21:27, -1.0598,54.6654,  46.1,20991,-58.2,-87.9,-83.1,  1,  2, 0.00,314, 4.9
2026-03-23 00:21:29, -1.0597,54.6654,  46.0,21006,-58.2,-87.9,-83.2,  1,  2, 0.00,316, 4.9
2026-03-23 00:21:31, -1.0595,54.6653,  45.9,21015,-58.2,-87.9,-83.2,  1,  2, 0.00,318, 4.9
2026-03-23 00:21:33, -1.0594,54.6652,  45.8,21024,-58.2,-87.9,-83.2,  1,  2, 0.00,321, 4.8
2026-03-23 00:21:35, -1.0593,54.6651,  45.8,21034,-58.2,-87.9,-83.2,  1,  2, 0.00,324, 4.7
2026-03-23 00:21:37, -1.0592,54.6650,  45.7,21047,-58.1,-87.9,-83.1,  1,  2, 0.00,328, 4.6
2026-03-23 00:21:39, -1.0592,54.6649,  45.6,21059,-58.0,-87.8,-83.0,  1,  2, 0.00,332, 4.4
2026-03-23 00:21:41, -1.0592,54.6649,  45.5,21068,-57.8,-87.7,-82.9,  1,  2, 0.00,337, 4.3
2026-03-23 00:21:43, -1.0591,54.6648,  45.5,21078,-57.8,-87.7,-82.9,  1,  2, 0.00,343, 4.2
2026-03-23 00:21:45, -1.0591,54.6647,  45.4,21089,-57.8,-87.7,-82.9,  1,  2, 0.00,349, 4.1
2026-03-23 00:21:47, -1.0591,54.6647,  45.3,21102,-57.8,-87.7,-82.9,  1,  2, 0.00,356, 4.0
2026-03-23 00:21:49, -1.0591,54.6646,  45.2,21116,-57.7,-87.7,-82.9,  1,  2, 0.00,  3, 3.9
2026-03-23 00:21:51, -1.0591,54.6645,  45.1,21129,-57.7,-87.7,-82.9,  1,  2, 0.00, 11, 3.9
2026-03-23 00:21:53, -1.0592,54.6645,  45.0,21139,-57.6,-87.6,-82.8,  1,  2, 0.00, 18, 4.0
2026-03-23 00:21:55, -1.0593,54.6644,  44.9,21151,-57.4,-87.4,-82.6,  1,  2, 0.00, 25, 4.1
2026-03-23 00:21:57, -1.0594,54.6643,  44.8,21164,-57.3,-87.3,-82.6,  1,  2, 0.00, 31, 4.2
2026-03-23 00:21:59, -1.0595,54.6642,  44.8,21176,-57.4,-87.4,-82.6,  1,  2, 0.00, 37, 4.4
2026-03-23 00:22:01, -1.0596,54.6642,  44.7,21188,-57.4,-87.4,-82.7,  1,  2, 0.00, 42, 4.5
2026-03-23 00:22:03, -1.0597,54.6641,  44.6,21200,-57.5,-87.4,-82.7,  1,  2, 0.00, 46, 4.7
2026-03-23 00:22:05, -1.0598,54.6641,  44.5,21213,-57.5,-87.4,-82.7,  1,  2, 0.00, 50, 4.8
2026-03-23 00:22:07, -1.0600,54.6640,  44.4,21226,-57.5,-87.4,-82.7,  1,  2, 0.00, 54, 5.0
2026-03-23 00:22:09, -1.0602,54.6640,  44.3,21237,-57.5,-87.4,-82.7,  1,  2, 0.00, 57, 5.1
2026-03-23 00:22:11, -1.0604,54.6640,  44.3,21246,-57.5,-87.4,-82.6,  1,  2, 0.00, 60, 5.2
2026-03-23 00:22:13, -1.0605,54.6640,  44.2,21256,-57.5,-87.3,-82.6,  1,  2, 0.00, 63, 5.2
2026-03-23 00:22:15, -1.0607,54.6639,  44.1,21267,-57.4,-87.3,-82.5,  1,  2, 0.01, 65, 5.3
2026-03-23 00:22:17, -1.0608,54.6639,  44.0,21281,-57.3,-87.2,-82.4,  1,  2, 0.01, 68, 5.3
2026-03-23 00:22:19, -1.0610,54.6638,  43.9,21292,-57.4,-87.2,-82.4,  1,  2, 0.01, 70, 5.3
2026-03-23 00:22:21, -1.0612,54.6638,  43.9,21302,-57.4,-87.2,-82.4,  1,  2, 0.01, 72, 5.2
2026-03-23 00:22:23, -1.0613,54.6638,  43.8,21315,-57.5,-87.2,-82.5,  1,  2, 0.01, 74, 5.2
2026-03-23 00:22:25, -1.0615,54.6638,  43.7,21329,-57.6,-87.3,-82.5,  1,  2, 0.01, 76, 5.1
2026-03-23 00:22:27, -1.0616,54.6638,  43.6,21341,-57.7,-87.3,-82.5,  1,  2, 0.01, 78, 5.1
2026-03-23 00:22:29, -1.0618,54.6638,  43.5,21353,-57.8,-87.3,-82.6,  1,  2, 0.01, 80, 5.0
2026-03-23 00:22:31, -1.0619,54.6638,  43.4,21366,-57.9,-87.4,-82.6,  1,  2, 0.01, 82, 5.0
2026-03-23 00:22:33, -1.0621,54.6638,  43.4,21376,-57.9,-87.4,-82.6,  1,  2, 0.01, 84, 5.0
2026-03-23 00:22:35, -1.0622,54.6638,  43.3,21387,-57.7,-87.2,-82.5,  1,  2, 0.01, 86, 5.0
2026-03-23 00:22:37, -1.0624,54.6638,  43.2,21399,-57.6,-87.2,-82.4,  1,  2, 0.01, 87, 5.0
2026-03-23 00:22:39, -1.0625,54.6637,  43.1,21410,-57.7,-87.2,-82.4,  1,  2, 0.01, 89, 5.1
2026-03-23 00:22:41, -1.0627,54.6637,  43.0,21423,-57.7,-87.2,-82.4,  1,  2, 0.01, 90, 5.1
2026-03-23 00:22:43, -1.0628,54.6638,  42.9,21437,-57.8,-87.2,-82.5,  1,  2, 0.01, 91, 5.2
2026-03-23 00:22:45, -1.0630,54.6638,  42.9,21447,-57.9,-87.3,-82.5,  1,  2, 0.01, 92, 5.2
2026-03-23 00:22:47, -1.0632,54.6638,  42.8,21457,-58.0,-87.3,-82.6,  1,  2, 0.01, 93, 5.3
2026-03-23 00:22:49, -1.0633,54.6638,  42.7,21468,-58.0,-87.4,-82.6,  1,  3, 0.01, 94, 5.3
2026-03-23 00:22:51, -1.0635,54.6638,  42.6,21480,-58.1,-87.4,-82.6,  1,  3, 0.01, 95, 5.3
2026-03-23 00:22:53, -1.0637,54.6638,  42.6,21492,-58.1,-87.4,-82.6,  1,  3, 0.01, 95, 5.3
2026-03-23 00:22:55, -1.0639,54.6638,  42.5,21503,-58.2,-87.4,-82.6,  1,  3, 0.01, 96, 5.2
2026-03-23 00:22:57, -1.0641,54.6638,  42.4,21516,-58.2,-87.4,-82.7,  1,  3, 0.01, 97, 5.1
2026-03-23 00:22:59, -1.0643,54.6639,  42.3,21527,-58.3,-87.5,-82.7,  1,  3, 0.01, 97, 5.0
2026-03-23 00:23:01, -1.0644,54.6639,  42.3,21538,-58.4,-87.5,-82.8,  1,  3, 0.01, 98, 4.9
2026-03-23 00:23:03, -1.0645,54.6639,  42.2,21550,-58.5,-87.6,-82.8,  1,  3, 0.00, 99, 4.8
2026-03-23 00:23:05, -1.0646,54.6639,  42.1,21563,-58.5,-87.6,-82.8,  1,  3, 0.00,100, 4.6
2026-03-23 00:23:07, -1.0647,54.6639,  42.0,21574,-58.5,-87.6,-82.8,  1,  3, 0.01,101, 4.4
2026-03-23 00:23:09, -1.0649,54.6639,  41.9,21586,-58.3,-87.5,-82.7,  1,  3, 0.01,102, 4.3
2026-03-23 00:23:11, -1.0650,54.6639,  41.8,21599,-58.3,-87.4,-82.7,  1,  3, 0.01,103, 4.1
2026-03-23 00:23:13, -1.0651,54.6639,  41.8,21611,-58.4,-87.5,-82.7,  1,  3, 0.01,104, 3.9
2026-03-23 00:23:15, -1.0652,54.6640,  41.7,21621,-58.5,-87.5,-82.7,  1,  3, 0.01,105, 3.7
2026-03-23 00:23:17, -1.0653,54.6640,  41.6,21631,-58.6,-87.5,-82.8,  1,  3, 0.01,107, 3.5
2026-03-23 00:23:19, -1.0654,54.6640,  41.6,21643,-58.6,-87.6,-82.8,  1,  3, 0.01,108, 3.4
2026-03-23 00:23:21, -1.0654,54.6641,  41.5,21655,-58.7,-87.6,-82.8,  1,  3, 0.01,110, 3.2
2026-03-23 00:23:23, -1.0655,54.6641,  41.4,21667,-58.8,-87.6,-82.8,  2,  3, 0.01,111, 3.0
2026-03-23 00:23:25, -1.0656,54.6641,  41.3,21679,-58.9,-87.6,-82.9,  2,  3, 0.01,112, 2.9
2026-03-23 00:23:27, -1.0657,54.6641,  41.3,21689,-59.0,-87.7,-82.9,  2,  3, 0.01,114, 2.7
2026-03-23 00:23:29, -1.0658,54.6641,  41.2,21699,-59.1,-87.7,-82.9,  2,  3, 0.01,116, 2.5
2026-03-23 00:23:31, -1.0659,54.6641,  41.1,21712,-59.1,-87.7,-82.9,  2,  3, 0.01,118, 2.3
2026-03-23 00:23:33, -1.0660,54.6641,  41.0,21724,-59.2,-87.7,-82.9,  2,  3, 0.01,120, 2.2
2026-03-23 00:23:35, -1.0660,54.6642,  40.9,21737,-59.2,-87.7,-82.9,  2,  3, 0.01,123, 2.0
2026-03-23 00:23:37, -1.0660,54.6642,  40.9,21749,-59.3,-87.7,-82.9,  2,  3, 0.01,127, 1.8
2026-03-23 00:23:39, -1.0660,54.6642,  40.8,21760,-59.3,-87.7,-83.0,  2,  3, 0.01,132, 1.6
2026-03-23 00:23:41, -1.0660,54.6642,  40.7,21771,-59.4,-87.8,-83.0,  2,  3, 0.01,139, 1.4
2026-03-23 00:23:43, -1.0660,54.6643,  40.7,21781,-59.5,-87.8,-83.1,  2,  3, 0.00,148, 1.3
2026-03-23 00:23:45, -1.0661,54.6643,  40.6,21792,-59.6,-87.9,-83.1,  2,  3, 0.00,160, 1.2
2026-03-23 00:23:47, -1.0661,54.6643,  40.5,21803,-59.6,-87.9,-83.1,  2,  3, 0.00,174, 1.1
2026-03-23 00:23:49, -1.0662,54.6643,  40.4,21816,-59.6,-87.9,-83.1,  2,  3, 0.00,189, 1.2
2026-03-23 00:23:51, -1.0661,54.6643,  40.3,21828,-59.7,-87.9,-83.2,  2,  3, 0.00,203, 1.3
2026-03-23 00:23:53, -1.0661,54.6643,  40.3,21840,-59.8,-88.0,-83.3,  2,  3, 0.00,215, 1.5
2026-03-23 00:23:55, -1.0660,54.6644,  40.2,21851,-59.8,-88.1,-83.3,  2,  3, 0.00,224, 1.7
2026-03-23 00:23:57, -1.0659,54.6644,  40.1,21861,-59.8,-88.1,-83.3,  2,  3, 0.00,231, 2.0
2026-03-23 00:23:59, -1.0659,54.6644,  40.1,21871,-59.9,-88.2,-83.4,  2,  3, 0.00,236, 2.3
2026-03-23 00:24:01, -1.0659,54.6645,  40.0,21882,-59.9,-88.2,-83.5,  2,  3, 0.00,240, 2.6
2026-03-23 00:24:03, -1.0657,54.6645,  39.9,21893,-60.0,-88.3,-83.5,  2,  3, 0.00,244, 3.0
2026-03-23 00:24:05, -1.0656,54.6645,  39.8,21905,-59.9,-88.3,-83.6,  2,  3, 0.00,247, 3.3
2026-03-23 00:24:07, -1.0655,54.6645,  39.8,21916,-59.8,-88.3,-83.6,  2,  3, 0.00,250, 3.5
2026-03-23 00:24:09, -1.0654,54.6645,  39.7,21927,-59.8,-88.4,-83.6,  1,  3, 0.00,253, 3.8
2026-03-23 00:24:11, -1.0653,54.6646,  39.6,21938,-59.7,-88.4,-83.6,  1,  3, 0.00,256, 4.0
2026-03-23 00:24:13, -1.0651,54.6647,  39.6,21950,-59.7,-88.4,-83.7,  1,  3, 0.00,259, 4.2
2026-03-23 00:24:15, -1.0649,54.6647,  39.5,21961,-59.8,-88.5,-83.8,  1,  3, 0.00,262, 4.3
2026-03-23 00:24:17, -1.0647,54.6647,  39.4,21972,-59.7,-88.6,-83.8,  1,  3, 0.00,265, 4.4
2026-03-23 00:24:19, -1.0645,54.6647,  39.3,21984,-59.6,-88.5,-83.8,  1,  3, 0.00,269, 4.4
2026-03-23 00:24:21, -1.0643,54.6647,  39.3,21995,-59.5,-88.5,-83.8,  1,  2, 0.00,273, 4.4
2026-03-23 00:24:23, -1.0642,54.6646,  39.2,22006,-59.4,-88.5,-83.7,  1,  2, 0.00,277, 4.4
2026-03-23 00:24:25, -1.0641,54.6646,  39.1,22016,-59.1,-88.4,-83.6,  1,  2, 0.00,281, 4.4
2026-03-23 00:24:27, -1.0640,54.6646,  39.1,22026,-58.9,-88.2,-83.5,  1,  2, 0.00,286, 4.4
2026-03-23 00:24:29, -1.0640,54.6646,  39.0,22035,-58.8,-88.2,-83.4,  1,  2, 0.00,290, 4.4
2026-03-23 00:24:31, -1.0639,54.6645,  39.0,22045,-58.8,-88.2,-83.4,  1,  2, 0.00,295, 4.4
2026-03-23 00:24:33, -1.0637,54.6645,  38.9,22055,-58.9,-88.2,-83.5,  1,  2, 0.00,300, 4.4
2026-03-23 00:24:35, -1.0636,54.6644,  38.8,22066,-58.9,-88.2,-83.5,  1,  2, 0.00,305, 4.4
2026-03-23 00:24:37, -1.0634,54.6644,  38.8,22076,-59.0,-88.3,-83.5,  1,  2, 0.00,309, 4.4
2026-03-23 00:24:39, -1.0633,54.6643,  38.7,22088,-59.0,-88.3,-83.5,  1,  2, 0.00,314, 4.4
2026-03-23 00:24:41, -1.0632,54.6643,  38.6,22101,-58.9,-88.2,-83.4,  1,  2, 0.00,318, 4.4
2026-03-23 00:24:43, -1.0631,54.6642,  38.5,22113,-58.9,-88.2,-83.4,  1,  2, 0.00,322, 4.5
2026-03-23 00:24:45, -1.0631,54.6641,  38.5,22124,-58.9,-88.1,-83.4,  1,  2, 0.00,326, 4.6
2026-03-23 00:24:47, -1.0630,54.6640,  38.4,22134,-58.9,-88.1,-83.4,  1,  2, 0.01,329, 4.7
2026-03-23 00:24:49, -1.0630,54.6639,  38.3,22145,-59.0,-88.1,-83.4,  1,  2, 0.01,332, 4.7
2026-03-23 00:24:51, -1.0630,54.6639,  38.3,22155,-59.0,-88.2,-83.4,  1,  2, 0.00,334, 4.9
2026-03-23 00:24:53, -1.0629,54.6638,  38.2,22166,-59.1,-88.2,-83.5,  1,  2, 0.00,335, 5.0
2026-03-23 00:24:55, -1.0629,54.6637,  38.2,22177,-59.2,-88.3,-83.5,  1,  2, 0.00,336, 5.1
2026-03-23 00:24:57, -1.0629,54.6636,  38.1,22189,-59.2,-88.3,-83.5,  1,  3, 0.00,336, 5.2
2026-03-23 00:24:59, -1.0629,54.6635,  38.0,22201,-59.1,-88.2,-83.5,  1,  2, 0.00,336, 5.4
2026-03-23 00:25:01, -1.0628,54.6634,  37.9,22213,-59.0,-88.2,-83.4,  1,  2, 0.01,335, 5.5
2026-03-23 00:25:03, -1.0627,54.6633,  37.9,22224,-58.9,-88.1,-83.3,  1,  2, 0.01,333, 5.7
2026-03-23 00:25:05, -1.0626,54.6632,  37.8,22234,-58.8,-88.1,-83.3,  1,  2, 0.01,332, 5.9
2026-03-23 00:25:07, -1.0625,54.6631,  37.8,22243,-58.8,-88.1,-83.3,  1,  2, 0.01,329, 6.1
2026-03-23 00:25:09, -1.0623,54.6630,  37.7,22253,-58.8,-88.1,-83.3,  1,  2, 0.01,327, 6.3
2026-03-23 00:25:11, -1.0622,54.6629,  37.6,22263,-58.7,-88.0,-83.3,  1,  2, 0.01,325, 6.5
2026-03-23 00:25:13, -1.0621,54.6628,  37.6,22272,-58.6,-88.0,-83.2,  1,  2, 0.01,323, 6.7
2026-03-23 00:25:15, -1.0621,54.6627,  37.5,22282,-58.6,-88.0,-83.2,  1,  2, 0.01,321, 6.9
2026-03-23 00:25:17, -1.0620,54.6626,  37.4,22294,-58.6,-88.0,-83.3,  1,  2, 0.01,319, 7.1
2026-03-23 00:25:19, -1.0617,54.6626,  37.4,22308,-58.7,-88.1,-83.3,  1,  2, 0.01,318, 7.3
2026-03-23 00:25:21, -1.0615,54.6625,  37.3,22319,-58.7,-88.1,-83.4,  1,  2, 0.01,317, 7.4
2026-03-23 00:25:23, -1.0612,54.6624,  37.2,22329,-58.7,-88.1,-83.4,  1,  2, 0.01,317, 7.6
2026-03-23 00:25:25, -1.0610,54.6623,  37.2,22341,-58.7,-88.2,-83.4,  1,  2, 0.01,317, 7.7
2026-03-23 00:25:27, -1.0608,54.6622,  37.1,22352,-58.7,-88.2,-83.4,  1,  2, 0.01,317, 7.7
2026-03-23 00:25:29, -1.0607,54.6621,  37.0,22362,-58.7,-88.2,-83.4,  1,  2, 0.01,318, 7.8
2026-03-23 00:25:31, -1.0605,54.6620,  37.0,22375,-58.7,-88.2,-83.4,  1,  2, 0.01,319, 7.8
2026-03-23 00:25:33, -1.0603,54.6619,  36.9,22388,-58.6,-88.1,-83.3,  1,  2, 0.01,320, 7.9
2026-03-23 00:25:35, -1.0602,54.6618,  36.8,22400,-58.5,-88.1,-83.3,  1,  2, 0.01,322, 7.9
2026-03-23 00:25:37, -1.0601,54.6617,  36.8,22408,-58.5,-88.0,-83.3,  1,  2, 0.01,324, 8.0
2026-03-23 00:25:39, -1.0600,54.6615,  36.7,22419,-58.4,-88.0,-83.3,  1,  2, 0.01,326, 8.1
2026-03-23 00:25:41, -1.0598,54.6614,  36.6,22431,-58.4,-88.0,-83.2,  1,  2, 0.01,329, 8.2
2026-03-23 00:25:43, -1.0597,54.6613,  36.6,22441,-58.4,-88.0,-83.3,  1,  2, 0.01,331, 8.4
2026-03-23 00:25:45, -1.0596,54.6611,  36.5,22451,-58.4,-88.0,-83.3,  1,  2, 0.01,333, 8.6
2026-03-23 00:25:47, -1.0595,54.6610,  36.5,22464,-58.5,-88.1,-83.3,  1,  2, 0.01,335, 8.9
2026-03-23 00:25:49, -1.0594,54.6609,  36.4,22477,-58.5,-88.1,-83.3,  1,  2, 0.01,337, 9.1
2026-03-23 00:25:51, -1.0593,54.6607,  36.3,22487,-58.5,-88.1,-83.4,  1,  2, 0.01,339, 9.4
2026-03-23 00:25:53, -1.0592,54.6605,  36.3,22498,-58.5,-88.1,-83.3,  1,  2, 0.01,340, 9.7
2026-03-23 00:25:55, -1.0591,54.6603,  36.2,22508,-58.3,-88.0,-83.2,  1,  2, 0.01,342,10.0
2026-03-23 00:25:57, -1.0590,54.6601,  36.1,22519,-58.2,-87.9,-83.1,  1,  2, 0.01,343,10.3
2026-03-23 00:25:59, -1.0589,54.6599,  36.1,22531,-58.1,-87.8,-83.0,  1,  2, 0.01,344,10.6
2026-03-23 00:26:01, -1.0588,54.6598,  36.0,22542,-58.1,-87.8,-83.0,  1,  2, 0.01,345,10.9
2026-03-23 00:26:03, -1.0587,54.6596,  35.9,22553,-58.2,-87.8,-83.0,  1,  2, 0.01,346,11.2
2026-03-23 00:26:05, -1.0587,54.6594,  35.9,22563,-58.3,-87.8,-83.0,  1,  2, 0.01,347,11.5
2026-03-23 00:26:07, -1.0586,54.6592,  35.8,22573,-58.3,-87.8,-83.1,  1,  2, 0.01,348,11.8
2026-03-23 00:26:09, -1.0586,54.6589,  35.8,22584,-58.4,-87.8,-83.1,  1,  2, 0.01,349,12.1
2026-03-23 00:26:11, -1.0585,54.6587,  35.7,22595,-58.5,-87.9,-83.1,  1,  2, 0.01,349,12.3
2026-03-23 00:26:13, -1.0584,54.6585,  35.6,22606,-58.5,-87.9,-83.1,  1,  2, 0.01,350,12.5
2026-03-23 00:26:15, -1.0583,54.6583,  35.6,22615,-58.6,-87.9,-83.1,  1,  2, 0.01,351,12.7
2026-03-23 00:26:17, -1.0583,54.6580,  35.5,22626,-58.6,-87.9,-83.1,  1,  2, 0.01,352,12.9
2026-03-23 00:26:19, -1.0583,54.6578,  35.5,22636,-58.7,-87.9,-83.1,  1,  2, 0.01,353,13.1
2026-03-23 00:26:21, -1.0583,54.6575,  35.4,22646,-58.7,-87.9,-83.1,  1,  2, 0.01,354,13.2
2026-03-23 00:26:23, -1.0582,54.6573,  35.3,22658,-58.7,-87.9,-83.1,  1,  2, 0.01,355,13.2
2026-03-23 00:26:25, -1.0581,54.6570,  35.3,22670,-58.7,-87.9,-83.1,  1,  2, 0.01,356,13.2
2026-03-23 00:26:27, -1.0581,54.6568,  35.2,22681,-58.8,-87.9,-83.2,  1,  2, 0.01,357,13.2
2026-03-23 00:26:29, -1.0580,54.6565,  35.1,22692,-58.8,-88.0,-83.2,  1,  2, 0.01,358,13.1
2026-03-23 00:26:31, -1.0581,54.6563,  35.1,22704,-58.8,-88.0,-83.2,  1,  2, 0.01,359,13.0
2026-03-23 00:26:33, -1.0581,54.6560,  35.0,22715,-58.8,-88.0,-83.2,  1,  2, 0.01,360,12.8
2026-03-23 00:26:35, -1.0582,54.6558,  35.0,22727,-58.8,-88.0,-83.3,  1,  2, 0.01,360,12.6
2026-03-23 00:26:37, -1.0583,54.6556,  34.9,22737,-58.8,-88.0,-83.3,  1,  2, 0.01,  1,12.4
2026-03-23 00:26:39, -1.0583,54.6554,  34.8,22746,-58.8,-88.0,-83.3,  1,  2, 0.01,  1,12.1
2026-03-23 00:26:41, -1.0583,54.6552,  34.8,22758,-58.8,-88.0,-83.3,  1,  2, 0.01,  1,11.9
2026-03-23 00:26:43, -1.0583,54.6550,  34.7,22770,-58.8,-88.1,-83.3,  1,  2, 0.01,  1,11.6
2026-03-23 00:26:45, -1.0583,54.6548,  34.7,22781,-58.9,-88.1,-83.3,  1,  2, 0.01,360,11.3
2026-03-23 00:26:47, -1.0584,54.6546,  34.6,22792,-58.9,-88.1,-83.3,  1,  2, 0.01,360,11.1
2026-03-23 00:26:49, -1.0584,54.6544,  34.5,22804,-58.9,-88.0,-83.3,  1,  2, 0.01,359,10.9
2026-03-23 00:26:51, -1.0583,54.6543,  34.5,22817,-58.7,-87.9,-83.2,  1,  2, 0.01,358,10.6
2026-03-23 00:26:53, -1.0582,54.6541,  34.4,22827,-58.6,-87.8,-83.1,  1,  3, 0.01,357,10.4
2026-03-23 00:26:55, -1.0582,54.6539,  34.3,22838,-58.7,-87.8,-83.1,  1,  3, 0.01,356,10.2
2026-03-23 00:26:57, -1.0582,54.6537,  34.3,22849,-58.8,-87.8,-83.1,  1,  3, 0.01,354,10.0
2026-03-23 00:26:59, -1.0582,54.6535,  34.2,22862,-58.9,-87.9,-83.1,  1,  3, 0.01,353, 9.9
2026-03-23 00:27:01, -1.0581,54.6533,  34.1,22875,-58.9,-87.9,-83.1,  1,  3, 0.01,352, 9.7
2026-03-23 00:27:03, -1.0581,54.6532,  34.1,22887,-59.0,-87.9,-83.2,  1,  3, 0.01,350, 9.5
2026-03-23 00:27:05, -1.0580,54.6531,  34.0,22898,-59.2,-88.0,-83.2,  1,  3, 0.01,349, 9.4
2026-03-23 00:27:07, -1.0579,54.6529,  33.9,22910,-59.3,-88.0,-83.2,  1,  3, 0.01,348, 9.2
2026-03-23 00:27:09, -1.0578,54.6528,  33.9,22921,-59.3,-88.0,-83.3,  1,  3, 0.01,347, 9.1
2026-03-23 00:27:11, -1.0577,54.6526,  33.8,22932,-59.4,-88.1,-83.3,  2,  3, 0.01,345, 9.0
2026-03-23 00:27:13, -1.0577,54.6525,  33.8,22943,-59.5,-88.1,-83.3,  2,  3, 0.01,344, 8.9
2026-03-23 00:27:15, -1.0577,54.6523,  33.7,22954,-59.6,-88.2,-83.4,  2,  3, 0.01,343, 8.8
2026-03-23 00:27:17, -1.0576,54.6522,  33.6,22966,-59.7,-88.2,-83.4,  2,  3, 0.01,342, 8.7
2026-03-23 00:27:19, -1.0575,54.6521,  33.6,22978,-59.7,-88.2,-83.5,  2,  3, 0.01,341, 8.7
2026-03-23 00:27:21, -1.0574,54.6519,  33.5,22991,-59.8,-88.3,-83.5,  2,  3, 0.01,341, 8.7
2026-03-23 00:27:23, -1.0572,54.6517,  33.5,23002,-59.8,-88.3,-83.6,  2,  3, 0.01,340, 8.7
2026-03-23 00:27:25, -1.0571,54.6516,  33.4,23014,-59.8,-88.4,-83.6,  1,  3, 0.01,340, 8.7
2026-03-23 00:27:27, -1.0570,54.6514,  33.3,23028,-59.9,-88.4,-83.7,  1,  3, 0.01,341, 8.7
2026-03-23 00:27:29, -1.0569,54.6513,  33.2,23041,-59.9,-88.5,-83.7,  1,  3, 0.01,342, 8.7
2026-03-23 00:27:31, -1.0568,54.6512,  33.2,23054,-59.8,-88.5,-83.8,  1,  3, 0.01,343, 8.8
2026-03-23 00:27:33, -1.0567,54.6511,  33.1,23065,-59.8,-88.6,-83.8,  1,  3, 0.01,344, 8.8
2026-03-23 00:27:35, -1.0566,54.6509,  33.1,23077,-59.8,-88.7,-83.9,  1,  3, 0.01,346, 8.8
2026-03-23 00:27:37, -1.0565,54.6508,  33.0,23088,-59.9,-88.8,-84.0,  1,  3, 0.01,348, 8.8
2026-03-23 00:27:39, -1.0564,54.6506,  32.9,23099,-59.8,-88.8,-84.0,  1,  2, 0.01,351, 8.8
2026-03-23 00:27:41, -1.0564,54.6504,  32.9,23111,-59.6,-88.7,-83.9,  1,  2, 0.01,353, 8.8
2026-03-23 00:27:43, -1.0564,54.6502,  32.8,23122,-59.2,-88.5,-83.7,  1,  2, 0.01,356, 8.7
2026-03-23 00:27:45, -1.0565,54.6500,  32.8,23134,-59.0,-88.4,-83.6,  1,  2, 0.01,358, 8.7
2026-03-23 00:27:47, -1.0565,54.6499,  32.7,23145,-59.1,-88.5,-83.7,  1,  2, 0.01,  1, 8.7
2026-03-23 00:27:49, -1.0566,54.6497,  32.6,23156,-59.0,-88.5,-83.7,  1,  2, 0.01,  4, 8.6
2026-03-23 00:27:51, -1.0566,54.6496,  32.6,23167,-59.0,-88.5,-83.7,  1,  2, 0.01,  7, 8.5
2026-03-23 00:27:53, -1.0567,54.6494,  32.5,23181,-59.0,-88.4,-83.7,  1,  2, 0.01, 10, 8.5
2026-03-23 00:27:55, -1.0567,54.6493,  32.4,23194,-58.9,-88.4,-83.6,  1,  2, 0.01, 13, 8.4
2026-03-23 00:27:57, -1.0568,54.6492,  32.4,23204,-59.0,-88.4,-83.6,  1,  2, 0.01, 16, 8.3
2026-03-23 00:27:59, -1.0569,54.6490,  32.3,23213,-59.0,-88.4,-83.6,  1,  2, 0.01, 19, 8.3
2026-03-23 00:28:01, -1.0570,54.6489,  32.3,23224,-59.1,-88.4,-83.6,  1,  2, 0.01, 21, 8.2
2026-03-23 00:28:03, -1.0571,54.6488,  32.2,23236,-59.2,-88.4,-83.6,  1,  2, 0.01, 24, 8.1
2026-03-23 00:28:05, -1.0572,54.6486,  32.2,23249,-59.3,-88.4,-83.6,  1,  2, 0.01, 27, 8.0
2026-03-23 00:28:07, -1.0574,54.6485,  32.1,23261,-59.4,-88.4,-83.6,  1,  2, 0.01, 30, 8.0
2026-03-23 00:28:09, -1.0575,54.6484,  32.0,23272,-59.4,-88.4,-83.6,  1,  3, 0.01, 32, 7.9
2026-03-23 00:28:11, -1.0577,54.6482,  32.0,23284,-59.4,-88.4,-83.6,  1,  3, 0.01, 35, 7.8
2026-03-23 00:28:13, -1.0579,54.6481,  31.9,23297,-59.5,-88.4,-83.6,  1,  3, 0.01, 37, 7.7
2026-03-23 00:28:15, -1.0581,54.6480,  31.9,23309,-59.5,-88.4,-83.6,  1,  3, 0.01, 39, 7.5
2026-03-23 00:28:17, -1.0582,54.6480,  31.8,23321,-59.5,-88.4,-83.6,  1,  3, 0.01, 41, 7.4
2026-03-23 00:28:19, -1.0584,54.6479,  31.7,23333,-59.5,-88.3,-83.6,  1,  3, 0.01, 43, 7.2
2026-03-23 00:28:21, -1.0586,54.6478,  31.7,23344,-59.6,-88.4,-83.6,  1,  3, 0.01, 44, 7.0
2026-03-23 00:28:23, -1.0587,54.6478,  31.6,23355,-59.6,-88.4,-83.6,  1,  3, 0.01, 46, 6.8
2026-03-23 00:28:25, -1.0589,54.6477,  31.6,23367,-59.6,-88.4,-83.6,  1,  3, 0.01, 47, 6.5
2026-03-23 00:28:27, -1.0591,54.6476,  31.5,23380,-59.5,-88.3,-83.6,  1,  3, 0.01, 48, 6.2
2026-03-23 00:28:29, -1.0592,54.6475,  31.4,23393,-59.5,-88.3,-83.5,  1,  3, 0.01, 49, 5.9
2026-03-23 00:28:31, -1.0593,54.6475,  31.4,23403,-59.5,-88.3,-83.5,  1,  3, 0.01, 49, 5.6
2026-03-23 00:28:33, -1.0594,54.6474,  31.3,23415,-59.6,-88.3,-83.6,  1,  3, 0.01, 50, 5.3
2026-03-23 00:28:35, -1.0595,54.6474,  31.3,23426,-59.6,-88.4,-83.6,  1,  3, 0.01, 50, 5.0
2026-03-23 00:28:37, -1.0596,54.6473,  31.2,23438,-59.7,-88.4,-83.7,  1,  3, 0.01, 50, 4.6
2026-03-23 00:28:39, -1.0598,54.6472,  31.1,23452,-59.7,-88.5,-83.7,  1,  3, 0.01, 50, 4.3
2026-03-23 00:28:41, -1.0599,54.6472,  31.1,23464,-59.8,-88.5,-83.7,  1,  3, 0.01, 50, 4.0
2026-03-23 00:28:43, -1.0600,54.6472,  31.0,23476,-59.7,-88.5,-83.7,  1,  3, 0.01, 49, 3.6
2026-03-23 00:28:45, -1.0600,54.6472,  31.0,23488,-59.7,-88.4,-83.7,  1,  3, 0.01, 48, 3.3
2026-03-23 00:28:47, -1.0601,54.6472,  30.9,23501,-59.7,-88.4,-83.7,  1,  3, 0.01, 45, 3.0
2026-03-23 00:28:49, -1.0601,54.6471,  30.8,23512,-59.7,-88.4,-83.7,  1,  3, 0.01, 42, 2.7
2026-03-23 00:28:51, -1.0602,54.6471,  30.8,23525,-59.8,-88.5,-83.7,  1,  3, 0.01, 38, 2.4
2026-03-23 00:28:53, -1.0602,54.6471,  30.7,23537,-59.8,-88.5,-83.8,  1,  3, 0.01, 32, 2.2
2026-03-23 00:28:55, -1.0602,54.6470,  30.7,23549,-59.9,-88.5,-83.8,  1,  3, 0.01, 25, 2.1
2026-03-23 00:28:57, -1.0602,54.6470,  30.6,23560,-59.9,-88.6,-83.8,  1,  3, 0.01, 17, 2.1
2026-03-23 00:28:59, -1.0602,54.6470,  30.5,23572,-60.0,-88.6,-83.9,  1,  3, 0.01, 10, 2.1
2026-03-23 00:29:01, -1.0602,54.6470,  30.5,23584,-60.1,-88.7,-83.9,  1,  3, 0.01,  3, 2.2
2026-03-23 00:29:03, -1.0602,54.6469,  30.4,23595,-60.1,-88.7,-84.0,  1,  3, 0.01,358, 2.4
2026-03-23 00:29:05, -1.0601,54.6469,  30.4,23606,-60.2,-88.7,-84.0,  1,  3, 0.01,354, 2.6
2026-03-23 00:29:07, -1.0601,54.6468,  30.3,23617,-60.2,-88.8,-84.0,  1,  3, 0.01,352, 2.8
2026-03-23 00:29:09, -1.0600,54.6468,  30.3,23630,-60.3,-88.8,-84.1,  1,  3, 0.01,350, 3.1
2026-03-23 00:29:11, -1.0600,54.6467,  30.2,23642,-60.3,-88.8,-84.1,  1,  3, 0.01,349, 3.3
2026-03-23 00:29:13, -1.0600,54.6466,  30.2,23652,-60.2,-88.8,-84.0,  1,  3, 0.01,349, 3.6
2026-03-23 00:29:15, -1.0600,54.6465,  30.1,23664,-60.1,-88.7,-84.0,  1,  3, 0.01,349, 3.9
2026-03-23 00:29:16, -1.0600,54.6465,  30.0,23676,-60.1,-88.7,-83.9,  1,  3, 0.01,350, 4.2
2026-03-23 00:29:17, -1.0600,54.6465,  30.0,23683,-60.0,-88.7,-83.9,  1,  3, 0.01,350, 4.2
2026-03-23 00:29:19, -1.0600,54.6464,  30.0,23690,-60.0,-88.7,-83.9,  1,  3, 0.01,350, 4.5
2026-03-23 00:29:21, -1.0600,54.6463,  29.9,23701,-59.9,-88.6,-83.9,  1,  3, 0.01,351, 4.8
2026-03-23 00:29:23, -1.0599,54.6463,  29.9,23712,-59.9,-88.6,-83.9,  1,  3, 0.01,352, 5.0
2026-03-23 00:29:25, -1.0598,54.6462,  29.8,23725,-59.9,-88.6,-83.9,  1,  3, 0.01,353, 5.3
2026-03-23 00:29:27, -1.0598,54.6460,  29.7,23737,-60.0,-88.7,-83.9,  1,  3, 0.01,354, 5.6
2026-03-23 00:29:29, -1.0598,54.6459,  29.7,23747,-60.1,-88.7,-84.0,  1,  3, 0.01,355, 5.9
2026-03-23 00:29:31, -1.0598,54.6458,  29.7,23756,-60.1,-88.8,-84.0,  1,  3, 0.01,356, 6.1
2026-03-23 00:29:33, -1.0598,54.6457,  29.6,23767,-60.2,-88.8,-84.0,  1,  3, 0.01,358, 6.4
2026-03-23 00:29:35, -1.0598,54.6456,  29.5,23780,-60.3,-88.9,-84.1,  1,  3, 0.01,359, 6.6
2026-03-23 00:29:37, -1.0598,54.6455,  29.5,23791,-60.3,-88.9,-84.1,  1,  3, 0.01,  1, 6.8
2026-03-23 00:29:39, -1.0598,54.6453,  29.4,23803,-60.3,-88.9,-84.2,  1,  3, 0.01,  3, 6.9
2026-03-23 00:29:41, -1.0598,54.6451,  29.4,23815,-60.3,-88.9,-84.1,  1,  3, 0.01,  5, 7.0
2026-03-23 00:29:43, -1.0598,54.6450,  29.3,23828,-60.2,-88.8,-84.1,  1,  3, 0.01,  7, 7.1
2026-03-23 00:29:45, -1.0599,54.6449,  29.2,23843,-60.1,-88.8,-84.0,  1,  3, 0.01,  9, 7.1
2026-03-23 00:29:47, -1.0599,54.6447,  29.2,23855,-60.1,-88.8,-84.0,  1,  3, 0.01, 11, 7.1
2026-03-23 00:29:49, -1.0599,54.6446,  29.1,23865,-60.1,-88.8,-84.1,  1,  3, 0.01, 13, 7.0
2026-03-23 00:29:51, -1.0600,54.6445,  29.1,23876,-60.1,-88.9,-84.1,  1,  3, 0.01, 16, 6.9
2026-03-23 00:29:53, -1.0601,54.6444,  29.0,23888,-60.1,-88.9,-84.1,  1,  3, 0.01, 18, 6.7
2026-03-23 00:29:55, -1.0602,54.6442,  29.0,23901,-60.1,-88.9,-84.1,  1,  3, 0.01, 21, 6.4
2026-03-23 00:29:57, -1.0604,54.6441,  28.9,23914,-60.1,-88.9,-84.2,  1,  3, 0.01, 24, 6.1
2026-03-23 00:29:59, -1.0605,54.6440,  28.9,23926,-60.1,-89.0,-84.2,  1,  3, 0.01, 27, 5.8
2026-03-23 00:30:01, -1.0605,54.6439,  28.8,23938,-60.1,-89.0,-84.3,  1,  2, 0.01, 30, 5.5
2026-03-23 00:30:03, -1.0606,54.6439,  28.7,23950,-60.1,-89.0,-84.3,  1,  2, 0.01, 34, 5.2
2026-03-23 00:30:05, -1.0607,54.6438,  28.7,23961,-59.9,-88.9,-84.1,  1,  2, 0.01, 38, 4.9
2026-03-23 00:30:07, -1.0608,54.6438,  28.6,23973,-59.7,-88.8,-84.1,  1,  2, 0.01, 42, 4.6
2026-03-23 00:30:09, -1.0609,54.6438,  28.6,23985,-59.7,-88.8,-84.1,  1,  2, 0.01, 47, 4.4
2026-03-23 00:30:11, -1.0610,54.6437,  28.5,23999,-59.7,-88.9,-84.1,  1,  2, 0.01, 51, 4.2
2026-03-23 00:30:13, -1.0611,54.6437,  28.5,24011,-59.8,-89.0,-84.2,  1,  2, 0.01, 55, 4.1
2026-03-23 00:30:15, -1.0612,54.6437,  28.4,24023,-59.8,-89.0,-84.3,  1,  2, 0.01, 59, 4.0
2026-03-23 00:30:17, -1.0613,54.6437,  28.4,24034,-59.8,-89.0,-84.3,  1,  2, 0.01, 62, 3.9
2026-03-23 00:30:19, -1.0614,54.6437,  28.3,24045,-59.6,-88.9,-84.2,  1,  2, 0.01, 64, 3.9
2026-03-23 00:30:21, -1.0615,54.6437,  28.3,24057,-59.5,-88.9,-84.1,  1,  2, 0.01, 65, 4.0
2026-03-23 00:30:23, -1.0617,54.6437,  28.2,24070,-59.5,-88.9,-84.1,  1,  2, 0.01, 66, 4.0
2026-03-23 00:30:25, -1.0618,54.6436,  28.1,24083,-59.5,-88.9,-84.2,  1,  2, 0.01, 65, 4.1
2026-03-23 00:30:27, -1.0619,54.6436,  28.1,24094,-59.5,-88.9,-84.2,  1,  2, 0.01, 64, 4.1
2026-03-23 00:30:29, -1.0620,54.6436,  28.0,24105,-59.4,-88.9,-84.1,  1,  2, 0.01, 62, 4.2
2026-03-23 00:30:31, -1.0622,54.6436,  28.0,24116,-59.3,-88.9,-84.1,  1,  2, 0.01, 60, 4.3
2026-03-23 00:30:33, -1.0623,54.6435,  27.9,24128,-59.2,-88.8,-84.1,  1,  2, 0.01, 57, 4.4
2026-03-23 00:30:35, -1.0625,54.6435,  27.9,24142,-59.3,-88.9,-84.1,  1,  2, 0.01, 55, 4.5
2026-03-23 00:30:37, -1.0626,54.6434,  27.8,24155,-59.3,-88.9,-84.1,  1,  2, 0.01, 52, 4.6
2026-03-23 00:30:39, -1.0626,54.6433,  27.8,24166,-59.2,-88.9,-84.1,  1,  2, 0.01, 50, 4.7
2026-03-23 00:30:41, -1.0627,54.6433,  27.7,24177,-59.1,-88.8,-84.0,  1,  2, 0.01, 48, 4.9
2026-03-23 00:30:43, -1.0628,54.6432,  27.7,24189,-59.0,-88.7,-83.9,  1,  2, 0.01, 47, 5.0
2026-03-23 00:30:45, -1.0629,54.6431,  27.6,24200,-58.8,-88.6,-83.8,  1,  2, 0.01, 45, 5.1
2026-03-23 00:30:47, -1.0630,54.6430,  27.6,24213,-58.7,-88.5,-83.7,  1,  2, 0.01, 44, 5.3
2026-03-23 00:30:49, -1.0631,54.6430,  27.5,24225,-58.7,-88.5,-83.7,  1,  2, 0.01, 44, 5.4
2026-03-23 00:30:51, -1.0632,54.6429,  27.5,24237,-58.7,-88.4,-83.7,  1,  2, 0.01, 44, 5.5
2026-03-23 00:30:53, -1.0634,54.6428,  27.4,24250,-58.7,-88.4,-83.7,  1,  2, 0.01, 44, 5.6
2026-03-23 00:30:55, -1.0635,54.6427,  27.3,24262,-58.7,-88.4,-83.7,  1,  2, 0.01, 44, 5.7
2026-03-23 00:30:57, -1.0637,54.6427,  27.3,24273,-58.7,-88.4,-83.6,  1,  2, 0.01, 44, 5.8
2026-03-23 00:30:59, -1.0638,54.6426,  27.2,24286,-58.7,-88.4,-83.6,  1,  2, 0.01, 45, 5.9
2026-03-23 00:31:01, -1.0639,54.6425,  27.2,24298,-58.7,-88.3,-83.5,  1,  2, 0.01, 46, 5.9
2026-03-23 00:31:03, -1.0640,54.6424,  27.1,24311,-58.7,-88.3,-83.5,  1,  2, 0.01, 47, 5.9
2026-03-23 00:31:05, -1.0641,54.6423,  27.1,24324,-58.8,-88.3,-83.5,  1,  2, 0.01, 49, 5.9
2026-03-23 00:31:07, -1.0643,54.6423,  27.0,24336,-58.9,-88.3,-83.6,  1,  2, 0.01, 50, 5.9
2026-03-23 00:31:09, -1.0645,54.6422,  27.0,24349,-58.9,-88.3,-83.6,  1,  2, 0.01, 52, 5.9
2026-03-23 00:31:11, -1.0647,54.6422,  26.9,24362,-58.9,-88.3,-83.6,  1,  2, 0.01, 53, 5.8
2026-03-23 00:31:13, -1.0648,54.6421,  26.9,24374,-58.9,-88.3,-83.5,  1,  2, 0.01, 55, 5.8
2026-03-23 00:31:15, -1.0649,54.6421,  26.8,24385,-59.0,-88.3,-83.5,  1,  2, 0.01, 57, 5.7
2026-03-23 00:31:17, -1.0650,54.6420,  26.8,24397,-59.0,-88.4,-83.6,  1,  2, 0.01, 59, 5.7
2026-03-23 00:31:19, -1.0652,54.6420,  26.7,24410,-59.1,-88.4,-83.6,  1,  2, 0.01, 61, 5.6
2026-03-23 00:31:21, -1.0654,54.6419,  26.7,24422,-59.1,-88.4,-83.7,  1,  2, 0.01, 63, 5.6
2026-03-23 00:31:23, -1.0656,54.6419,  26.6,24436,-59.1,-88.4,-83.6,  1,  2, 0.01, 65, 5.6
2026-03-23 00:31:25, -1.0657,54.6418,  26.5,24448,-59.1,-88.4,-83.6,  1,  2, 0.01, 67, 5.6
2026-03-23 00:31:27, -1.0659,54.6418,  26.5,24460,-59.0,-88.3,-83.6,  1,  2, 0.01, 68, 5.6
2026-03-23 00:31:29, -1.0660,54.6418,  26.4,24472,-59.0,-88.3,-83.6,  1,  2, 0.01, 70, 5.6
2026-03-23 00:31:31, -1.0661,54.6418,  26.4,24485,-59.0,-88.3,-83.6,  1,  2, 0.01, 71, 5.6
2026-03-23 00:31:33, -1.0663,54.6418,  26.3,24498,-59.0,-88.3,-83.6,  1,  2, 0.01, 71, 5.6
2026-03-23 00:31:35, -1.0665,54.6418,  26.3,24510,-59.0,-88.3,-83.6,  1,  2, 0.01, 72, 5.6
2026-03-23 00:31:37, -1.0668,54.6417,  26.2,24522,-58.9,-88.3,-83.5,  1,  2, 0.01, 72, 5.6
2026-03-23 00:31:39, -1.0670,54.6417,  26.2,24533,-59.0,-88.3,-83.5,  1,  2, 0.01, 72, 5.6
2026-03-23 00:31:41, -1.0672,54.6416,  26.1,24546,-59.0,-88.3,-83.5,  1,  2, 0.01, 72, 5.5
2026-03-23 00:31:43, -1.0673,54.6416,  26.1,24558,-59.1,-88.3,-83.6,  1,  2, 0.01, 72, 5.4
2026-03-23 00:31:45, -1.0674,54.6416,  26.0,24571,-59.1,-88.3,-83.5,  1,  2, 0.01, 72, 5.3
2026-03-23 00:31:47, -1.0675,54.6416,  26.0,24584,-59.1,-88.3,-83.5,  1,  2, 0.01, 72, 5.2
2026-03-23 00:31:49, -1.0676,54.6415,  25.9,24596,-59.2,-88.3,-83.6,  1,  2, 0.01, 73, 5.1
2026-03-23 00:31:51, -1.0678,54.6415,  25.9,24608,-59.2,-88.4,-83.6,  1,  2, 0.01, 73, 5.0
2026-03-23 00:31:53, -1.0680,54.6414,  25.8,24620,-59.3,-88.4,-83.6,  1,  2, 0.01, 74, 4.8
2026-03-23 00:31:55, -1.0682,54.6414,  25.8,24632,-59.4,-88.4,-83.7,  1,  2, 0.01, 74, 4.7
2026-03-23 00:31:57, -1.0683,54.6415,  25.7,24644,-59.4,-88.5,-83.7,  1,  2, 0.01, 75, 4.6
2026-03-23 00:31:59, -1.0683,54.6414,  25.7,24657,-59.4,-88.4,-83.7,  1,  2, 0.01, 76, 4.5
2026-03-23 00:32:01, -1.0684,54.6414,  25.6,24670,-59.4,-88.4,-83.7,  1,  2, 0.01, 77, 4.4
2026-03-23 00:32:03, -1.0685,54.6414,  25.6,24683,-59.4,-88.5,-83.7,  1,  2, 0.01, 78, 4.3
2026-03-23 00:32:05, -1.0687,54.6414,  25.5,24697,-59.4,-88.5,-83.7,  1,  2, 0.01, 79, 4.2
2026-03-23 00:32:07, -1.0689,54.6414,  25.5,24709,-59.3,-88.5,-83.7,  1,  2, 0.01, 80, 4.1
2026-03-23 00:32:09, -1.0690,54.6414,  25.4,24719,-59.3,-88.5,-83.7,  1,  2, 0.01, 81, 4.0
2026-03-23 00:32:11, -1.0692,54.6414,  25.4,24732,-59.4,-88.6,-83.8,  1,  2, 0.01, 82, 3.9
2026-03-23 00:32:13, -1.0693,54.6414,  25.3,24744,-59.4,-88.6,-83.9,  1,  2, 0.01, 82, 3.8
2026-03-23 00:32:15, -1.0694,54.6414,  25.3,24758,-59.4,-88.6,-83.9,  1,  2, 0.01, 82, 3.7
2026-03-23 00:32:17, -1.0695,54.6414,  25.2,24771,-59.3,-88.6,-83.9,  1,  2, 0.01, 82, 3.5
2026-03-23 00:32:19, -1.0696,54.6413,  25.2,24785,-59.3,-88.6,-83.9,  1,  2, 0.01, 82, 3.3
2026-03-23 00:32:21, -1.0697,54.6413,  25.1,24797,-59.3,-88.7,-83.9,  1,  2, 0.01, 82, 3.2
2026-03-23 00:32:23, -1.0698,54.6413,  25.1,24808,-59.3,-88.7,-83.9,  1,  2, 0.01, 80, 3.0
2026-03-23 00:32:25, -1.0699,54.6413,  25.0,24819,-59.2,-88.7,-83.9,  1,  2, 0.01, 79, 2.8
2026-03-23 00:32:27, -1.0700,54.6413,  25.0,24832,-59.1,-88.6,-83.9,  1,  2, 0.01, 76, 2.6
2026-03-23 00:32:29, -1.0700,54.6413,  24.9,24846,-59.0,-88.6,-83.8,  1,  2, 0.01, 73, 2.4
2026-03-23 00:32:31, -1.0700,54.6413,  24.9,24858,-59.0,-88.6,-83.8,  1,  2, 0.01, 69, 2.2
2026-03-23 00:32:33, -1.0701,54.6414,  24.8,24870,-59.0,-88.7,-83.9,  1,  2, 0.01, 64, 2.1
2026-03-23 00:32:35, -1.0701,54.6413,  24.8,24882,-59.0,-88.7,-83.9,  1,  2, 0.01, 58, 2.0
2026-03-23 00:32:37, -1.0701,54.6413,  24.7,24894,-58.9,-88.6,-83.9,  1,  2, 0.01, 52, 1.9
2026-03-23 00:32:39, -1.0702,54.6412,  24.7,24906,-58.7,-88.5,-83.7,  1,  2, 0.01, 46, 1.9
2026-03-23 00:32:41, -1.0702,54.6412,  24.6,24918,-58.7,-88.5,-83.7,  1,  2, 0.01, 41, 1.8
2026-03-23 00:32:43, -1.0703,54.6412,  24.6,24930,-58.7,-88.5,-83.8,  1,  2, 0.01, 36, 1.9
2026-03-23 00:32:45, -1.0703,54.6411,  24.5,24942,-58.8,-88.6,-83.8,  1,  2, 0.01, 32, 1.9
2026-03-23 00:32:47, -1.0703,54.6411,  24.5,24954,-58.7,-88.5,-83.8,  1,  2, 0.01, 29, 1.9
2026-03-23 00:32:49, -1.0703,54.6410,  24.4,24967,-58.7,-88.5,-83.7,  1,  2, 0.01, 27, 2.0
2026-03-23 00:32:51, -1.0703,54.6410,  24.4,24980,-58.6,-88.4,-83.7,  1,  2, 0.01, 26, 2.0
2026-03-23 00:32:53, -1.0704,54.6410,  24.3,24991,-58.6,-88.4,-83.6,  1,  2, 0.01, 25, 2.1
2026-03-23 00:32:55, -1.0704,54.6410,  24.3,25003,-58.6,-88.4,-83.6,  1,  2, 0.01, 25, 2.1
2026-03-23 00:32:57, -1.0704,54.6410,  24.3,25015,-58.6,-88.4,-83.6,  1,  2, 0.01, 25, 2.2
2026-03-23 00:32:59, -1.0704,54.6409,  24.2,25027,-58.7,-88.4,-83.6,  1,  2, 0.01, 26, 2.3
2026-03-23 00:33:01, -1.0704,54.6409,  24.2,25039,-58.7,-88.4,-83.7,  1,  2, 0.01, 27, 2.3
2026-03-23 00:33:03, -1.0704,54.6408,  24.1,25052,-58.8,-88.4,-83.7,  1,  2, 0.01, 27, 2.4
2026-03-23 00:33:05, -1.0705,54.6408,  24.1,25065,-58.8,-88.4,-83.7,  1,  2, 0.01, 28, 2.5
2026-03-23 00:33:07, -1.0706,54.6408,  24.0,25076,-58.8,-88.4,-83.7,  1,  2, 0.01, 27, 2.6
2026-03-23 00:33:09, -1.0707,54.6407,  24.0,25088,-58.8,-88.4,-83.6,  1,  2, 0.01, 27, 2.7
2026-03-23 00:33:11, -1.0707,54.6407,  23.9,25100,-58.8,-88.4,-83.6,  1,  2, 0.01, 26, 2.8
2026-03-23 00:33:13, -1.0708,54.6406,  23.9,25114,-58.7,-88.3,-83.6,  1,  2, 0.01, 24, 2.9
2026-03-23 00:33:15, -1.0708,54.6405,  23.8,25126,-58.6,-88.3,-83.6,  1,  2, 0.01, 22, 2.9
2026-03-23 00:33:17, -1.0709,54.6405,  23.8,25139,-58.6,-88.3,-83.5,  1,  2, 0.01, 19, 3.0
2026-03-23 00:33:19, -1.0709,54.6404,  23.7,25150,-58.6,-88.3,-83.5,  1,  2, 0.01, 17, 3.0
2026-03-23 00:33:21, -1.0709,54.6404,  23.7,25161,-58.5,-88.3,-83.5,  1,  2, 0.01, 13, 3.1
2026-03-23 00:33:23, -1.0709,54.6403,  23.7,25173,-58.5,-88.2,-83.4,  1,  2, 0.01, 10, 3.1
2026-03-23 00:33:25, -1.0709,54.6402,  23.6,25185,-58.4,-88.2,-83.4,  1,  2, 0.01,  7, 3.2
2026-03-23 00:33:27, -1.0709,54.6402,  23.6,25197,-58.5,-88.2,-83.4,  1,  2, 0.01,  4, 3.2
2026-03-23 00:33:29, -1.0709,54.6402,  23.5,25209,-58.5,-88.2,-83.4,  1,  2, 0.01,  1, 3.3
2026-03-23 00:33:31, -1.0709,54.6402,  23.5,25221,-58.6,-88.2,-83.5,  1,  2, 0.01,359, 3.3
2026-03-23 00:33:33, -1.0709,54.6401,  23.4,25233,-58.7,-88.3,-83.5,  1,  2, 0.01,357, 3.3
2026-03-23 00:33:35, -1.0708,54.6400,  23.4,25245,-58.8,-88.3,-83.5,  1,  2, 0.01,356, 3.3
2026-03-23 00:33:37, -1.0708,54.6399,  23.3,25257,-58.8,-88.3,-83.6,  1,  2, 0.01,356, 3.3
2026-03-23 00:33:39, -1.0707,54.6398,  23.3,25270,-58.9,-88.3,-83.6,  1,  2, 0.01,356, 3.3
2026-03-23 00:33:41, -1.0707,54.6398,  23.2,25283,-58.9,-88.3,-83.6,  1,  2, 0.01,357, 3.3
2026-03-23 00:33:43, -1.0708,54.6397,  23.2,25295,-58.9,-88.3,-83.5,  1,  2, 0.01,359, 3.2
2026-03-23 00:33:45, -1.0708,54.6397,  23.2,25306,-59.0,-88.3,-83.5,  1,  2, 0.01,  2, 3.2
2026-03-23 00:33:47, -1.0708,54.6396,  23.1,25317,-59.0,-88.3,-83.5,  1,  2, 0.01,  5, 3.1
2026-03-23 00:33:49, -1.0708,54.6395,  23.1,25329,-59.0,-88.3,-83.5,  1,  2, 0.01,  8, 3.0
2026-03-23 00:33:51, -1.0708,54.6395,  23.0,25342,-59.0,-88.2,-83.5,  1,  2, 0.01, 12, 2.9
2026-03-23 00:33:53, -1.0708,54.6394,  23.0,25354,-59.1,-88.2,-83.5,  1,  2, 0.01, 17, 2.9
2026-03-23 00:33:55, -1.0709,54.6394,  22.9,25368,-59.2,-88.2,-83.5,  1,  3, 0.01, 22, 2.8
2026-03-23 00:33:57, -1.0709,54.6394,  22.9,25379,-59.2,-88.2,-83.5,  1,  3, 0.01, 26, 2.8
2026-03-23 00:33:59, -1.0710,54.6394,  22.8,25391,-59.3,-88.2,-83.5,  1,  3, 0.01, 30, 2.7
2026-03-23 00:34:01, -1.0710,54.6393,  22.8,25403,-59.4,-88.3,-83.5,  1,  3, 0.01, 33, 2.7
2026-03-23 00:34:03, -1.0711,54.6393,  22.8,25414,-59.5,-88.3,-83.6,  1,  3, 0.01, 36, 2.7
2026-03-23 00:34:05, -1.0712,54.6392,  22.7,25427,-59.6,-88.4,-83.6,  1,  3, 0.01, 38, 2.7
2026-03-23 00:34:07, -1.0713,54.6392,  22.7,25440,-59.7,-88.4,-83.7,  1,  3, 0.01, 39, 2.7
2026-03-23 00:34:09, -1.0714,54.6392,  22.6,25452,-59.8,-88.5,-83.7,  1,  3, 0.01, 39, 2.6
2026-03-23 00:34:11, -1.0714,54.6392,  22.6,25463,-59.8,-88.5,-83.7,  1,  3, 0.01, 39, 2.6
2026-03-23 00:34:13, -1.0714,54.6391,  22.5,25474,-59.8,-88.5,-83.8,  1,  3, 0.01, 37, 2.5
2026-03-23 00:34:15, -1.0715,54.6391,  22.5,25487,-59.9,-88.6,-83.8,  1,  3, 0.01, 35, 2.5
2026-03-23 00:34:17, -1.0715,54.6390,  22.5,25499,-59.9,-88.6,-83.8,  1,  3, 0.01, 33, 2.4
2026-03-23 00:34:19, -1.0716,54.6390,  22.4,25512,-59.8,-88.6,-83.8,  1,  3, 0.01, 30, 2.4
2026-03-23 00:34:21, -1.0716,54.6390,  22.4,25523,-59.8,-88.6,-83.8,  1,  3, 0.01, 27, 2.4
2026-03-23 00:34:23, -1.0716,54.6389,  22.3,25533,-59.8,-88.6,-83.8,  1,  3, 0.01, 24, 2.4
2026-03-23 00:34:25, -1.0716,54.6388,  22.3,25543,-59.8,-88.6,-83.9,  1,  3, 0.01, 21, 2.4
2026-03-23 00:34:27, -1.0716,54.6388,  22.3,25554,-59.7,-88.7,-83.9,  1,  3, 0.01, 19, 2.4
2026-03-23 00:34:29, -1.0716,54.6388,  22.2,25567,-59.6,-88.6,-83.9,  1,  2, 0.01, 18, 2.4
2026-03-23 00:34:31, -1.0716,54.6388,  22.2,25579,-59.7,-88.7,-83.9,  1,  2, 0.01, 17, 2.5
2026-03-23 00:34:33, -1.0716,54.6387,  22.1,25592,-59.7,-88.8,-84.0,  1,  2, 0.01, 18, 2.5
2026-03-23 00:34:35, -1.0716,54.6387,  22.1,25604,-59.7,-88.8,-84.0,  1,  2, 0.01, 19, 2.6
2026-03-23 00:34:37, -1.0717,54.6386,  22.0,25616,-59.6,-88.7,-84.0,  1,  2, 0.01, 20, 2.7
2026-03-23 00:34:39, -1.0717,54.6386,  22.0,25628,-59.6,-88.7,-84.0,  1,  2, 0.01, 23, 2.7
2026-03-23 00:34:41, -1.0717,54.6385,  21.9,25641,-59.6,-88.7,-84.0,  1,  2, 0.01, 26, 2.8
2026-03-23 00:34:43, -1.0717,54.6384,  21.9,25654,-59.6,-88.8,-84.0,  1,  2, 0.01, 29, 2.9
2026-03-23 00:34:45, -1.0718,54.6384,  21.9,25666,-59.6,-88.8,-84.0,  1,  2, 0.01, 33, 2.9
2026-03-23 00:34:47, -1.0718,54.6383,  21.8,25677,-59.7,-88.8,-84.0,  1,  2, 0.01, 37, 3.0
2026-03-23 00:34:49, -1.0719,54.6383,  21.8,25689,-59.7,-88.8,-84.1,  1,  2, 0.01, 41, 3.0
2026-03-23 00:34:51, -1.0720,54.6382,  21.7,25700,-59.8,-88.9,-84.1,  1,  2, 0.01, 46, 3.0
2026-03-23 00:34:53, -1.0721,54.6382,  21.7,25712,-59.9,-88.9,-84.1,  1,  2, 0.01, 50, 3.1
2026-03-23 00:34:55, -1.0722,54.6382,  21.7,25724,-59.9,-88.9,-84.1,  1,  2, 0.01, 55, 3.1
2026-03-23 00:34:57, -1.0723,54.6382,  21.6,25736,-59.9,-88.8,-84.1,  1,  2, 0.01, 59, 3.1
2026-03-23 00:34:59, -1.0724,54.6381,  21.6,25748,-59.8,-88.8,-84.0,  1,  2, 0.01, 64, 3.0
2026-03-23 00:35:01, -1.0725,54.6381,  21.5,25760,-59.8,-88.7,-84.0,  1,  2, 0.01, 68, 3.0
2026-03-23 00:35:03, -1.0726,54.6381,  21.5,25771,-59.9,-88.8,-84.0,  1,  3, 0.01, 72, 3.0
2026-03-23 00:35:05, -1.0727,54.6381,  21.5,25784,-60.0,-88.8,-84.1,  1,  3, 0.01, 76, 2.9
2026-03-23 00:35:07, -1.0728,54.6381,  21.4,25796,-60.0,-88.8,-84.1,  1,  3, 0.01, 80, 2.9
2026-03-23 00:35:09, -1.0729,54.6381,  21.4,25808,-60.1,-88.9,-84.1,  1,  3, 0.01, 83, 2.8
2026-03-23 00:35:11, -1.0730,54.6381,  21.3,25818,-60.1,-88.9,-84.1,  1,  3, 0.01, 87, 2.7
2026-03-23 00:35:13, -1.0730,54.6381,  21.3,25830,-60.1,-88.9,-84.1,  1,  3, 0.01, 90, 2.6
2026-03-23 00:35:15, -1.0731,54.6381,  21.3,25842,-60.1,-88.8,-84.1,  1,  3, 0.01, 94, 2.6
2026-03-23 00:35:17, -1.0732,54.6381,  21.2,25854,-60.1,-88.8,-84.1,  1,  3, 0.01, 97, 2.5
2026-03-23 00:35:19, -1.0733,54.6381,  21.2,25867,-60.2,-88.9,-84.1,  1,  3, 0.01,100, 2.4
2026-03-23 00:35:21, -1.0734,54.6381,  21.1,25879,-60.2,-88.9,-84.1,  1,  3, 0.01,103, 2.3
2026-03-23 00:35:23, -1.0734,54.6382,  21.1,25891,-60.3,-88.9,-84.2,  1,  3, 0.01,106, 2.2
2026-03-23 00:35:25, -1.0734,54.6382,  21.0,25903,-60.3,-88.9,-84.2,  1,  3, 0.01,108, 2.1
2026-03-23 00:35:27, -1.0735,54.6382,  21.0,25915,-60.3,-88.9,-84.2,  1,  3, 0.01,111, 2.1
2026-03-23 00:35:29, -1.0735,54.6383,  21.0,25927,-60.3,-88.9,-84.2,  1,  3, 0.01,113, 2.0
2026-03-23 00:35:31, -1.0736,54.6383,  20.9,25939,-60.3,-89.0,-84.2,  1,  3, 0.01,115, 1.9
2026-03-23 00:35:33, -1.0737,54.6383,  20.9,25952,-60.3,-89.0,-84.2,  1,  3, 0.01,117, 1.9
2026-03-23 00:35:35, -1.0737,54.6383,  20.8,25965,-60.4,-89.1,-84.3,  1,  3, 0.01,119, 1.8
2026-03-23 00:35:37, -1.0737,54.6383,  20.8,25976,-60.4,-89.1,-84.3,  1,  3, 0.01,120, 1.7
2026-03-23 00:35:39, -1.0737,54.6383,  20.8,25988,-60.5,-89.2,-84.4,  1,  3, 0.01,121, 1.6
2026-03-23 00:35:41, -1.0738,54.6383,  20.7,26001,-60.5,-89.2,-84.4,  1,  3, 0.01,122, 1.6
2026-03-23 00:35:43, -1.0739,54.6383,  20.7,26013,-60.4,-89.2,-84.4,  1,  3, 0.01,122, 1.5
2026-03-23 00:35:45, -1.0739,54.6383,  20.6,26025,-60.4,-89.2,-84.4,  1,  2, 0.01,121, 1.4
2026-03-23 00:35:47, -1.0740,54.6384,  20.6,26038,-60.3,-89.2,-84.4,  1,  2, 0.01,119, 1.3
2026-03-23 00:35:49, -1.0740,54.6384,  20.5,26051,-60.1,-89.1,-84.3,  1,  2, 0.01,117, 1.2
2026-03-23 00:35:51, -1.0740,54.6384,  20.5,26064,-60.0,-89.1,-84.3,  1,  2, 0.01,113, 1.1
2026-03-23 00:35:53, -1.0740,54.6385,  20.5,26076,-60.1,-89.1,-84.3,  1,  2, 0.01,107, 0.9
2026-03-23 00:35:55, -1.0740,54.6385,  20.4,26089,-60.1,-89.2,-84.4,  1,  2, 0.01, 99, 0.8
2026-03-23 00:35:57, -1.0740,54.6385,  20.4,26102,-60.1,-89.2,-84.4,  1,  2, 0.01, 89, 0.7
2026-03-23 00:35:59, -1.0741,54.6385,  20.3,26114,-60.1,-89.2,-84.4,  1,  2, 0.01, 76, 0.7
2026-03-23 00:36:01, -1.0741,54.6384,  20.3,26125,-60.0,-89.1,-84.4,  1,  2, 0.01, 62, 0.7
2026-03-23 00:36:03, -1.0742,54.6384,  20.3,26137,-60.0,-89.2,-84.4,  1,  2, 0.01, 49, 0.7
2026-03-23 00:36:05, -1.0742,54.6383,  20.2,26149,-60.0,-89.2,-84.4,  1,  2, 0.01, 38, 0.7
2026-03-23 00:36:07, -1.0742,54.6383,  20.2,26161,-60.0,-89.2,-84.4,  1,  2, 0.01, 30, 0.8
2026-03-23 00:36:09, -1.0741,54.6383,  20.2,26172,-60.0,-89.2,-84.4,  1,  2, 0.01, 25, 0.8
2026-03-23 00:36:11, -1.0741,54.6383,  20.1,26184,-60.0,-89.1,-84.4,  1,  2, 0.01, 22, 0.8
2026-03-23 00:36:13, -1.0741,54.6382,  20.1,26196,-59.9,-89.1,-84.4,  1,  2, 0.01, 21, 0.9
2026-03-23 00:36:15, -1.0741,54.6382,  20.0,26208,-59.9,-89.1,-84.3,  1,  2, 0.01, 21, 0.9
2026-03-23 00:36:15, -1.0741,54.6382,  20.0,26220,-59.9,-89.1,-84.3,  1,  2, 0.01, 21, 0.9
2026-03-23 00:36:17, -1.0741,54.6382,  20.0,26221,-59.9,-89.1,-84.3,  1,  2, 0.01, 23, 0.9
2026-03-23 00:36:19, -1.0741,54.6383,  20.0,26233,-59.9,-89.1,-84.3,  1,  2, 0.01, 26, 0.9
2026-03-23 00:36:21, -1.0742,54.6383,  19.9,26245,-59.9,-89.1,-84.3,  1,  2, 0.01, 31, 0.9
2026-03-23 00:36:23, -1.0741,54.6382,  19.9,26256,-59.9,-89.1,-84.3,  1,  2, 0.01, 36, 0.9
2026-03-23 00:36:25, -1.0741,54.6382,  19.8,26269,-59.9,-89.1,-84.3,  1,  2, 0.01, 41, 0.9
2026-03-23 00:36:27, -1.0742,54.6382,  19.8,26283,-59.8,-89.0,-84.3,  1,  2, 0.01, 47, 0.9
2026-03-23 00:36:29, -1.0742,54.6382,  19.8,26295,-59.7,-89.0,-84.2,  1,  2, 0.01, 52, 1.0
2026-03-23 00:36:31, -1.0743,54.6382,  19.7,26308,-59.6,-88.9,-84.1,  1,  2, 0.01, 56, 1.1
2026-03-23 00:36:33, -1.0743,54.6382,  19.7,26319,-59.6,-88.9,-84.1,  1,  2, 0.01, 59, 1.1
2026-03-23 00:36:35, -1.0744,54.6381,  19.6,26331,-59.6,-88.9,-84.1,  1,  2, 0.01, 63, 1.1
2026-03-23 00:36:37, -1.0744,54.6381,  19.6,26344,-59.6,-88.9,-84.2,  1,  2, 0.01, 66, 1.2
2026-03-23 00:36:39, -1.0744,54.6381,  19.6,26357,-59.7,-88.9,-84.2,  1,  2, 0.01, 68, 1.2
2026-03-23 00:36:41, -1.0745,54.6381,  19.5,26370,-59.7,-89.0,-84.2,  1,  2, 0.01, 71, 1.2
2026-03-23 00:36:43, -1.0745,54.6381,  19.5,26383,-59.8,-89.0,-84.3,  1,  2, 0.01, 75, 1.2
2026-03-23 00:36:45, -1.0746,54.6381,  19.4,26396,-59.8,-89.0,-84.3,  1,  2, 0.01, 78, 1.2
2026-03-23 00:36:47, -1.0746,54.6381,  19.4,26409,-59.7,-89.0,-84.2,  1,  2, 0.01, 83, 1.2
2026-03-23 00:36:49, -1.0746,54.6381,  19.4,26421,-59.6,-88.9,-84.2,  1,  2, 0.01, 88, 1.1
2026-03-23 00:36:51, -1.0746,54.6381,  19.3,26434,-59.6,-88.9,-84.1,  1,  2, 0.01, 94, 1.1
2026-03-23 00:36:53, -1.0747,54.6381,  19.3,26446,-59.6,-88.9,-84.2,  1,  2, 0.01,100, 1.1
2026-03-23 00:36:55, -1.0747,54.6381,  19.3,26458,-59.6,-88.9,-84.2,  1,  2, 0.01,107, 1.1
2026-03-23 00:36:57, -1.0748,54.6381,  19.2,26471,-59.6,-88.9,-84.2,  1,  2, 0.01,113, 1.1
2026-03-23 00:36:59, -1.0748,54.6381,  19.2,26482,-59.5,-88.9,-84.1,  1,  2, 0.01,119, 1.1
2026-03-23 00:37:01, -1.0748,54.6381,  19.1,26493,-59.5,-88.9,-84.1,  1,  2, 0.01,125, 1.1
2026-03-23 00:37:03, -1.0748,54.6382,  19.1,26504,-59.6,-89.0,-84.2,  1,  2, 0.01,131, 1.1
2026-03-23 00:37:05, -1.0748,54.6382,  19.1,26516,-59.6,-89.0,-84.3,  1,  2, 0.01,135, 1.1
2026-03-23 00:37:07, -1.0749,54.6382,  19.0,26530,-59.6,-89.0,-84.3,  1,  2, 0.01,139, 1.1
2026-03-23 00:37:09, -1.0750,54.6382,  19.0,26544,-59.5,-89.0,-84.2,  1,  2, 0.01,142, 1.0
2026-03-23 00:37:11, -1.0750,54.6383,  18.9,26557,-59.4,-88.9,-84.2,  1,  2, 0.01,145, 0.9
2026-03-23 00:37:13, -1.0750,54.6383,  18.9,26570,-59.3,-88.9,-84.1,  1,  2, 0.01,146, 0.7
2026-03-23 00:37:15, -1.0750,54.6383,  18.9,26582,-59.3,-88.9,-84.1,  1,  2, 0.01,145, 0.5
2026-03-23 00:37:17, -1.0750,54.6383,  18.8,26593,-59.3,-88.9,-84.2,  1,  2, 0.01,135, 0.2
2026-03-23 00:37:19, -1.0749,54.6384,  18.8,26606,-59.3,-88.9,-84.2,  1,  2, 0.01, 32, 0.1
2026-03-23 00:37:21, -1.0749,54.6384,  18.8,26619,-59.2,-88.9,-84.1,  1,  2, 0.01,356, 0.4
2026-03-23 00:37:23, -1.0749,54.6383,  18.7,26631,-59.1,-88.8,-84.0,  1,  2, 0.01,351, 0.8
2026-03-23 00:37:25, -1.0749,54.6383,  18.7,26644,-58.9,-88.6,-83.9,  1,  2, 0.01,350, 1.1
2026-03-23 00:37:27, -1.0749,54.6382,  18.6,26657,-58.8,-88.6,-83.9,  1,  2, 0.01,349, 1.5
2026-03-23 00:37:29, -1.0749,54.6382,  18.6,26670,-58.9,-88.7,-83.9,  1,  2, 0.01,349, 1.9
2026-03-23 00:37:31, -1.0749,54.6382,  18.6,26682,-59.0,-88.7,-83.9,  1,  2, 0.01,348, 2.2
2026-03-23 00:37:33, -1.0748,54.6381,  18.5,26694,-59.0,-88.7,-83.9,  1,  2, 0.01,348, 2.6
2026-03-23 00:37:35, -1.0748,54.6380,  18.5,26706,-59.0,-88.6,-83.9,  1,  2, 0.01,347, 2.8
2026-03-23 00:37:37, -1.0749,54.6379,  18.5,26717,-59.0,-88.6,-83.8,  1,  2, 0.01,346, 3.1
2026-03-23 00:37:39, -1.0749,54.6379,  18.4,26730,-59.0,-88.5,-83.8,  1,  2, 0.01,345, 3.4
2026-03-23 00:37:41, -1.0749,54.6378,  18.4,26742,-59.0,-88.5,-83.7,  1,  2, 0.01,343, 3.6
2026-03-23 00:37:43, -1.0748,54.6377,  18.4,26753,-59.2,-88.5,-83.8,  1,  2, 0.01,342, 3.8
2026-03-23 00:37:45, -1.0747,54.6377,  18.3,26764,-59.2,-88.5,-83.7,  1,  2, 0.01,341, 4.0
2026-03-23 00:37:47, -1.0747,54.6376,  18.3,26776,-59.2,-88.4,-83.7,  1,  2, 0.01,339, 4.1
2026-03-23 00:37:49, -1.0746,54.6376,  18.3,26788,-59.2,-88.4,-83.6,  1,  2, 0.01,339, 4.3
2026-03-23 00:37:51, -1.0746,54.6375,  18.2,26800,-59.3,-88.4,-83.7,  1,  2, 0.01,338, 4.5
2026-03-23 00:37:53, -1.0745,54.6374,  18.2,26811,-59.4,-88.4,-83.7,  1,  2, 0.01,338, 4.8
2026-03-23 00:37:55, -1.0744,54.6374,  18.2,26822,-59.5,-88.5,-83.7,  1,  3, 0.01,338, 5.0
2026-03-23 00:37:57, -1.0743,54.6373,  18.1,26834,-59.6,-88.5,-83.7,  1,  3, 0.01,339, 5.2
2026-03-23 00:37:59, -1.0742,54.6372,  18.1,26847,-59.7,-88.5,-83.8,  1,  3, 0.01,340, 5.5
2026-03-23 00:38:01, -1.0741,54.6371,  18.1,26859,-59.8,-88.6,-83.8,  1,  3, 0.01,341, 5.8
2026-03-23 00:38:03, -1.0742,54.6370,  18.0,26870,-59.8,-88.7,-83.9,  1,  3, 0.01,343, 6.1
2026-03-23 00:38:05, -1.0741,54.6368,  18.0,26881,-59.9,-88.7,-83.9,  1,  3, 0.01,344, 6.4
2026-03-23 00:38:07, -1.0741,54.6367,  18.0,26892,-59.9,-88.7,-83.9,  1,  3, 0.01,346, 6.7
2026-03-23 00:38:09, -1.0740,54.6366,  17.9,26904,-59.9,-88.7,-83.9,  1,  3, 0.01,347, 7.0
2026-03-23 00:38:11, -1.0739,54.6365,  17.9,26916,-59.9,-88.6,-83.9,  1,  3, 0.01,349, 7.3
2026-03-23 00:38:13, -1.0739,54.6363,  17.9,26928,-59.8,-88.6,-83.8,  1,  3, 0.01,350, 7.6
2026-03-23 00:38:15, -1.0738,54.6362,  17.8,26940,-59.8,-88.6,-83.8,  1,  3, 0.01,351, 7.9
2026-03-23 00:38:17, -1.0739,54.6360,  17.8,26951,-59.9,-88.6,-83.9,  1,  3, 0.01,352, 8.2
2026-03-23 00:38:19, -1.0739,54.6358,  17.8,26962,-60.0,-88.7,-83.9,  1,  3, 0.01,353, 8.5
2026-03-23 00:38:21, -1.0738,54.6357,  17.7,26973,-60.1,-88.7,-84.0,  1,  3, 0.01,354, 8.7
2026-03-23 00:38:23, -1.0737,54.6355,  17.7,26984,-60.2,-88.8,-84.0,  1,  3, 0.01,355, 8.9
2026-03-23 00:38:25, -1.0737,54.6354,  17.7,26995,-60.3,-88.8,-84.1,  1,  3, 0.01,355, 9.1
2026-03-23 00:38:27, -1.0737,54.6352,  17.6,27007,-60.3,-88.8,-84.1,  1,  3, 0.01,356, 9.3
2026-03-23 00:38:29, -1.0737,54.6350,  17.6,27020,-60.2,-88.8,-84.0,  1,  3, 0.01,357, 9.4
2026-03-23 00:38:31, -1.0737,54.6348,  17.6,27032,-60.2,-88.7,-84.0,  1,  3, 0.01,358, 9.5
2026-03-23 00:38:33, -1.0738,54.6346,  17.5,27044,-60.2,-88.7,-84.0,  1,  3, 0.01,359, 9.6
2026-03-23 00:38:35, -1.0737,54.6345,  17.5,27055,-60.2,-88.8,-84.0,  1,  3, 0.01,360, 9.7
2026-03-23 00:38:37, -1.0737,54.6343,  17.5,27068,-60.3,-88.8,-84.0,  1,  3, 0.01,  1, 9.8
2026-03-23 00:38:39, -1.0736,54.6341,  17.4,27080,-60.3,-88.8,-84.0,  1,  3, 0.01,  2, 9.9
2026-03-23 00:38:41, -1.0736,54.6340,  17.4,27092,-60.3,-88.8,-84.1,  1,  3, 0.01,  4, 9.9
2026-03-23 00:38:43, -1.0737,54.6338,  17.4,27105,-60.4,-88.9,-84.1,  1,  3, 0.01,  5, 9.9
2026-03-23 00:38:45, -1.0738,54.6336,  17.3,27116,-60.5,-88.9,-84.2,  1,  3, 0.01,  6,10.0
2026-03-23 00:38:47, -1.0739,54.6334,  17.3,27127,-60.6,-89.0,-84.2,  1,  3, 0.01,  8, 9.9
2026-03-23 00:38:49, -1.0740,54.6332,  17.3,27138,-60.6,-89.1,-84.3,  1,  3, 0.01,  9, 9.9
2026-03-23 00:38:51, -1.0740,54.6330,  17.2,27150,-60.7,-89.1,-84.4,  1,  3, 0.01, 10, 9.8
2026-03-23 00:38:53, -1.0740,54.6329,  17.2,27163,-60.8,-89.2,-84.4,  1,  3, 0.01, 12, 9.7
2026-03-23 00:38:55, -1.0740,54.6327,  17.2,27175,-60.9,-89.3,-84.5,  1,  3, 0.01, 13, 9.6
2026-03-23 00:38:57, -1.0741,54.6325,  17.1,27188,-60.9,-89.3,-84.5,  1,  3, 0.01, 14, 9.4
2026-03-23 00:38:59, -1.0743,54.6324,  17.1,27198,-60.8,-89.3,-84.5,  1,  3, 0.01, 16, 9.2
2026-03-23 00:39:01, -1.0744,54.6322,  17.1,27208,-60.7,-89.2,-84.5,  1,  3, 0.01, 17, 8.9
2026-03-23 00:39:03, -1.0745,54.6320,  17.0,27219,-60.7,-89.2,-84.5,  1,  3, 0.01, 18, 8.7
2026-03-23 00:39:05, -1.0746,54.6318,  17.0,27231,-60.6,-89.2,-84.5,  1,  3, 0.01, 19, 8.3
2026-03-23 00:39:07, -1.0746,54.6318,  17.0,27243,-60.7,-89.3,-84.5,  1,  3, 0.01, 20, 8.0
2026-03-23 00:39:09, -1.0747,54.6317,  16.9,27254,-60.7,-89.3,-84.6,  1,  3, 0.01, 22, 7.7
2026-03-23 00:39:11, -1.0748,54.6316,  16.9,27265,-60.7,-89.3,-84.6,  1,  3, 0.01, 23, 7.3
2026-03-23 00:39:13, -1.0749,54.6315,  16.9,27277,-60.5,-89.2,-84.5,  1,  3, 0.01, 24, 7.0
2026-03-23 00:39:15, -1.0750,54.6314,  16.9,27287,-60.4,-89.2,-84.5,  1,  3, 0.01, 25, 6.7
2026-03-23 00:39:17, -1.0751,54.6312,  16.8,27298,-60.4,-89.2,-84.5,  1,  2, 0.01, 26, 6.4
2026-03-23 00:39:19, -1.0752,54.6311,  16.8,27310,-60.4,-89.3,-84.5,  1,  2, 0.01, 28, 6.2
2026-03-23 00:39:21, -1.0753,54.6311,  16.8,27323,-60.4,-89.4,-84.6,  1,  2, 0.01, 29, 6.1
2026-03-23 00:39:23, -1.0753,54.6310,  16.7,27334,-60.4,-89.4,-84.6,  1,  2, 0.01, 30, 6.0
2026-03-23 00:39:25, -1.0754,54.6310,  16.7,27346,-60.4,-89.4,-84.6,  1,  2, 0.01, 30, 5.9
2026-03-23 00:39:27, -1.0755,54.6309,  16.7,27358,-60.3,-89.4,-84.6,  1,  2, 0.01, 30, 5.9
2026-03-23 00:39:29, -1.0756,54.6308,  16.6,27370,-60.2,-89.3,-84.6,  1,  2, 0.01, 30, 5.9
